
Initial 96 bytes Lead struct which may or may not be useful

struct rpmlead {
    unsigned char magic[4];
    unsigned char major, minor;
    short type;
    short archnum;
    char name[66];
    short osnum;
    short signature_type;
    char reserved[16];
};

     0:  ed ab ee db <-- 32bit "magic" signature

                     03 00 <-- major, minor == 3.0

                           00 00  <-- type where 0 is binary and 1 is source

                                 00 10  <-- arch is 0x10 IBM ppc64le

            char name[66] begins -->   63 75 64 61 2d 72
    10:  65 70 6f 2d 72 68 65 6c 38 2d 31 32 2d 34 2d 6c
    20:  6f 63 61 6c 2d 31 32 2e 34 2e 31 5f 35 35 30 2e
    30:  35 34 2e 31 35 2d 31 00 00 00 00 00 00 00 00 00
    40:  00 00 00 00 00 00 00 00 00 00 00 00


$ /usr/bin/printf " 63 75 64 61 2d 72 65 70 6f 2d 72 68 65 6c 38 2d 31 32 2d 34 2d 6c 6f 63 61 6c 2d 31 32 2e 34 2e 31 5f 35 35 30 2e 35 34 2e 31 35 2d 31 00" | perl -lpe 's/ ([0-9a-z][0-9a-z])\b/chr(hex($1))/ge'

              cuda-repo-rhel8-12-4-local-12.4.1_550.54.15-1


                         osnum is an int16   00 01  <-- 1 is Linux

                signature type is int16 -->        00 05

               For version 3.0 packages, this is 5, which
               indicates the new “Header-style” signatures.


           These 16 bytes are not used. Or reserved. Whatever.
    50:  00 00 00 00 00 00 00 00 00 00 00 00 00 00 00 00






struct header_intro {
    unsigned char magic[8];  <-- should be 8e ad e8 01 
    uint32_t index_length;
    uint32_t data_length;
};

         magic                   index_len   data_len
    60:  8e ad e8 01 00 00 00 00 00 00 00 08 00 00 10 a4  <-- data len is 0x10a4

struct index_entry {
    uint32_t tag;
    uint32_t type;
    int32_t offset;
    uint32_t count;
};


------ index tag types ----------------------------------

      name                tag   size    alignment
    RPM_NULL_TYPE           0 Not Implemented.
    RPM_CHAR_TYPE           1   1       1
    RPM_INT8_TYPE           2   1       1
    RPM_INT16_TYPE          3   2       2
    RPM_INT32_TYPE          4   4       4
    RPM_INT64_TYPE          5 Reserved?
    RPM_STRING_TYPE         6 variable, NUL terminated 1
    RPM_BIN_TYPE            7   1       1
    RPM_STRING_ARRAY_TYPE   8 Variable, sequence of NUL terminated strings 1
    RPM_I18NSTRING_TYPE     9 variable, sequence of NUL terminated strings 1
--------------------------------------------------------

         tag  ???    type        offset      count
1   70:  00 00 00 3e 00 00 00 07 00 00 10 94 00 00 00 10  binary
2   80:  00 00 01 0c 00 00 00 07 00 00 00 00 00 00 02 36  binary
3   90:  00 00 01 0d 00 00 00 06 00 00 02 36 00 00 00 01  string
4   a0:  00 00 01 11 00 00 00 06 00 00 02 5f 00 00 00 01  string
5   b0:  00 00 03 e8 00 00 00 04 00 00 02 a0 00 00 00 01  int32
6   c0:  00 00 03 ec 00 00 00 07 00 00 02 a4 00 00 00 10  binary
7   d0:  00 00 03 ef 00 00 00 04 00 00 02 b4 00 00 00 01  int32
8   e0:  00 00 03 f0 00 00 00 07 00 00 02 b8 00 00 0d dc  binary

NOTE : $ echo ' 16o 16i 2B8 DDC+ pq' | dc   --> says 0x1094
         Therefore index entry 1 has correct offset

NOTE: the index datapak begins at offset 0x0f0

            0x1094 + 0x0f0 == 0x1094 + 0x100 - 0x010
                           == 0x1194         - 0x010
                           == 0x1184

The total data length of the header_index pack is 0x10a4 
Given that this begins at 0xf0 we expect 0xf0 + 0x10a4 == 0x1194 
                 * * * index entry 2 * * *
0   f0:  89 02 33 04 00 01 0a 00 1d 16 21 04 8f 4f b6 8a
1  100:  70 01 8e c5 de b2 5b 9d bf 13 9a 59 df 40 f4 57
2  110:  05 02 66 05 d1 5d 00 0a 09 10 bf 13 9a 59 df 40
3  120:  f4 57 e4 62 10 00 d5 26 68 0d f3 7a c6 7a a7 8d
4  130:  55 74 8a 64 be cc 55 f8 d9 be 3e af 89 2a df e9
5  140:  fc db 6e 5a 21 14 a4 a0 7b 47 86 dc 4b 0e ff 69
6  150:  1d 5c 5b f8 b0 01 2d 04 2c 1f c7 6a 86 4a 41 fe
7  160:  a7 fd fa c0 48 a4 6d 77 db a4 a9 0b 07 29 8c 97
8  170:  ef 11 71 ae e7 6a b1 57 05 10 07 69 8b 38 72 0f
9  180:  9b 75 d4 e1 b1 1b e8 be 26 2a 99 1f 40 7a ed 68
A  190:  31 9c db 6f 39 89 fd 7d ee d2 02 ed 28 6a f5 ca
B  1a0:  e7 b7 f8 5e 31 c2 74 37 70 5f 35 f0 73 fc e7 be
C  1b0:  92 43 24 c5 af 19 64 ec 72 27 36 f9 ff d1 06 f7
D  1c0:  e6 2e ef ec f1 6b dd 96 11 83 14 5b 02 df 93 6b
E  1d0:  92 c5 95 68 e2 86 c9 74 bf 81 0b c1 7b 5b 90 a3
F  1e0:  f5 29 43 39 34 d4 3b 74 58 b2 25 2f f0 d1 b9 7c

0  1f0:  38 77 65 dc 29 9a e9 b4 eb 1b 9e 36 35 2f 51 33
1  200:  9d 31 f6 79 16 5a 9b f9 c2 7d 3c 5c b2 91 b1 c2
2  210:  16 b9 1b 04 a2 ef f4 91 30 81 fd 72 90 e7 99 6a
3  220:  4d 4d cc 38 97 24 f0 79 7f 7a 30 6e 20 d1 19 60
4  230:  58 3f 59 03 01 39 27 cd 5d be fe c4 dd 6b e0 ed
5  240:  57 04 c0 74 4f 84 47 9b 98 8c 0c dc 57 5a 46 2b
6  250:  8d d2 86 7c 85 72 85 3f f1 61 52 7e 39 99 9a 36
7  260:  2b d8 12 e2 95 32 a2 b2 c3 4b 36 71 db d0 2d e9
8  270:  49 e5 c4 4c 47 05 fd 1c cc d8 4f f4 6e b6 55 e4
9  280:  d2 54 bf 65 8c 23 a5 50 19 42 da 13 07 5e 7c 51
A  290:  c6 a2 e6 fe 1c 3b fa bf 25 54 7f e3 b7 42 6a a8
B  2a0:  6e d8 87 1b c6 f7 01 0d 9e 47 79 9d d6 70 e2 14
C  2b0:  2a d3 ab 2a 54 7c e1 5c 2f 92 b3 8c 52 0d 6f 58
D  2c0:  81 94 f7 81 3d 37 93 86 ed f8 0c 57 e9 e4 2f f7
E  2d0:  2f 2e 24 16 57 20 32 38 a0 38 16 83 ae 99 85 98
F  2e0:  b0 ca 08 e1 08 36 26 2c 5c 32 de a1 d9 3b ac ee

0  2f0:  8b e6 6c 33 93 39 0f f4 c6 3b d2 27 fd 2a d9 f2
1  300:  bf 1e 86 2b a5 7a 43 48 d5 bf e1 75 2a cf c5 e1
2  310:  23 99 2e be 5d 36 f7 a2 c6 b2 3d 22 9e 00 0e 72
3  320:  78 72 98 09 2f 5b   <-- this is the 0x235 offset byte

                 * * * index entry 3 * * *
                           +-------this is offset 0x236
                           |
3  320:                    36 65 64 30 32 31 65 35 35 33
4  330:  64 37 64 62 34 32 63 30 66 65 62 62 37 36 61 37
5  340:  63 34 31 64 31 32 38 63 34 31 31 37 31 34 00

          Looks like a 20 byte signature hash of some sort :

            6ed021e553d7db42c0febb76a7c41d128c411714

          we should guess it is SHA1 perhaps.


                 * * * index entry 4 * * *
                 offset 0x25f ------------------------+
                                                      |
5  340:                                               38
6  350:  37 61 62 30 66 37 37 66 37 32 39 61 30 61 34 35
7  360:  65 33 66 37 36 36 30 39 38 66 63 37 62 65 32 38
8  370:  37 32 38 34 38 31 30 37 30 33 33 30 30 33 39 36
9  380:  31 35 37 34 39 31 32 34 37 64 30 65 33 33 62 00

         Looks like a 64 byte SHA256 hash sig :

    87ab0f77f729a0a45e3f766098fc7be287284810703300396157491247d0e33b


                 * * * index entry 5 * * *
  offset 0x2a0
         |
A  390:  cc 6c cb 03   int32_t


                 * * * index entry 6 * * *
         offset 0x2a4 +
                      |
B  390:              6d f5 cd d0 34 d0 57 75 08 84 f8 14
C  3a0:  07 7b 1f 4d


                 * * * index entry 7 * * *
      offset 0x2b4 --+
                     |
C  3a0:              cd 0b 85 7c


                 * * * index entry 8 * * *
                 offset 0x2b8 ---+
                                 |
C  3a0:                          00 00 00 00 00 00 00 00
D  3b0:  00 00 00 00 00 00 00 00 00 00 00 00 00 00 00 00
E  3c0:  00 00 00 00 00 00 00 00 00 00 00 00 00 00 00 00
F  3d0:  00 00 00 00 00 00 00 00 00 00 00 00 00 00 00 00
                          .
                          .
                          .
                   nothing but zeros
                          .
                          .
                          .
  1170:  00 00 00 00 00 00 00 00 00 00 00 00 00 00 00 00
  1180:  00 00 00 00  <-- offset 0x1093


                 *************************
                 * * * index entry 1 * * *
                 *************************
       offset 0x1094 +
                     |
  1180:              00 00 00 3e 00 00 00 07 ff ff ff 80
  1190:  00 00 00 10




This is another index datapack ? 

  1190:              00 00 00 00  <-- da fuck ??


           some new magic sig ---+
                                 |
  1190:                          8e ad e8 01 00 00 00 00
  11a0:  00 00 00 36 00 00 6d 45   <-- magix with index 0x36 entries? 
                           |
           data len -------+

------ index tag types ------- again -------------------     

      name                tag   size    alignment
    RPM_NULL_TYPE           0 Not Implemented.
    RPM_CHAR_TYPE           1   1       1
    RPM_INT8_TYPE           2   1       1
    RPM_INT16_TYPE          3   2       2
    RPM_INT32_TYPE          4   4       4
    RPM_INT64_TYPE          5 Reserved?
    RPM_STRING_TYPE         6 variable, NUL terminated 1
    RPM_BIN_TYPE            7   1       1
    RPM_STRING_ARRAY_TYPE   8 Variable, sequence of NUL terminated strings 1
    RPM_I18NSTRING_TYPE     9 variable, sequence of NUL terminated strings 1
--------------------------------------------------------
struct index_entry {
    uint32_t tag;
    uint32_t type;
    int32_t offset;
    uint32_t count;
};

                 11a8    ------> 00 00 00 3f 00 00 00 07
  11b0:  00 00 6d 35 00 00 00 10  <-- index 1 with binary data 0x10 bytes
               |
               +------- note datapak length 0x6d35 plus the 0x10 bytes


  11b0:                          00 00 00 64 00 00 00 08
  11c0:  00 00 00 00 00 00 00 01  <-- index 2 at offset 0x0000 in the datapak

 
  11c0:                          00 00 03 e8 00 00 00 06  <- string
  11d0:  00 00 00 02 00 00 00 01  <-- index 3 at offset 0x0002

 
  11d0:                          00 00 03 e9 00 00 00 06  <- string
  11e0:  00 00 00 1d 00 00 00 01  <-- index 4 at offset 0x001d


  11e0:                          00 00 03 ea 00 00 00 06  <- string
  11f0:  00 00 00 2e 00 00 00 01 


  11f0:                          00 00 03 ec 00 00 00 09 <- RPM_I18NSTRING_TYPE
  1200:  00 00 00 30 00 00 00 01 


  1200:                          00 00 03 ed 00 00 00 09 <- RPM_I18NSTRING_TYPE
  1210:  00 00 00 54 00 00 00 01


  1210:                          00 00 03 ee 00 00 00 04 <-- int32_t
  1220:  00 00 00 a8 00 00 00 01 00 00 03 ef 00 00 00 06 <-- string
  1230:  00 00 00 ac 00 00 00 01 00 00 03 f1 00 00 00 04
  1240:  00 00 00 bc 00 00 00 01 00 00 03 f6 00 00 00 06
  1250:  00 00 00 c0 00 00 00 01 00 00 03 f8 00 00 00 09 <- RPM_I18NSTRING_TYPE
  1260:  00 00 00 d3 00 00 00 01 00 00 03 fc 00 00 00 06
  1270:  00 00 00 df 00 00 00 01 00 00 03 fd 00 00 00 06
  1280:  00 00 00 f1 00 00 00 01 00 00 03 fe 00 00 00 06
  1290:  00 00 00 f7 00 00 00 01   <-- index 0x0f


  1290:                          00 00 04 04 00 00 00 04
  12a0:  00 00 01 00 00 00 00 64 00 00 04 06 00 00 00 03 <- int16_t
  12b0:  00 00 02 90 00 00 00 64 00 00 04 09 00 00 00 03 <- int16_t
  12c0:  00 00 03 58 00 00 00 64 00 00 04 0a 00 00 00 04
  12d0:  00 00 04 20 00 00 00 64 


               index entry 0x014 == 20th entry
  12d0:                          00 00 04 0b 00 00 00 08  <-- note tag 0x040b == hash
  12e0:  00 00 05 b0 00 00 00 64   <-- this has to be a bit long list of strings

    thus   0x01508
         + 0x005b0
         ---------
           0x01ab8  <-- expected file address for the string list


               index entry 0x015 == 21st entry
  12e0:                          00 00 04 0c 00 00 00 08
  12f0:  00 00 36 94 00 00 00 64 

                   ^
                   |
    0x3694 + 0x064 == 0x36f8 thus 0x64 count of NUL strings
                   |
  12f0:            V             00 00 04 0d 00 00 00 04
  1300:  00 00 36 f8 00 00 00 64 00 00 04 0f 00 00 00 08
  1310:  00 00 38 88 00 00 00 64 00 00 04 10 00 00 00 08
  1320:  00 00 3a 7c 00 00 00 64 00 00 04 14 00 00 00 06
  1330:  00 00 3c 70 00 00 00 01 00 00 04 15 00 00 00 04
  1340:  00 00 3c a8 00 00 00 64 00 00 04 17 00 00 00 08
  1350:  00 00 3e 38 00 00 00 02 00 00 04 18 00 00 00 04
  1360:  00 00 3e 78 00 00 00 03 00 00 04 19 00 00 00 08
  1370:  00 00 3e 84 00 00 00 03 00 00 04 1a 00 00 00 08
  1380:  00 00 3e d3 00 00 00 03 00 00 04 28 00 00 00 06
  1390:  00 00 3e e9 00 00 00 01  <-- index entry 0x1f


  1390:                          00 00 04 46 00 00 00 06
  13a0:  00 00 3e f2 00 00 00 01 00 00 04 47 00 00 00 04
  13b0:  00 00 3f 0c 00 00 00 64 00 00 04 48 00 00 00 04
  13c0:  00 00 40 9c 00 00 00 64 00 00 04 49 00 00 00 08
  13d0:  00 00 42 2c 00 00 00 64 00 00 04 58 00 00 00 04
  13e0:  00 00 42 90 00 00 00 02 00 00 04 59 00 00 00 08
  13f0:  00 00 42 98 00 00 00 02 00 00 04 5c 00 00 00 04
  1400:  00 00 42 c0 00 00 00 64 00 00 04 5d 00 00 00 08
  1410:  00 00 44 50 00 00 00 64 00 00 04 5e 00 00 00 08
  1420:  00 00 54 ec 00 00 00 04 00 00 04 62 00 00 00 06
  1430:  00 00 55 4f 00 00 00 01 00 00 04 64 00 00 00 06
  1440:  00 00 56 b9 00 00 00 01 00 00 04 65 00 00 00 06
  1450:  00 00 56 be 00 00 00 01 00 00 04 66 00 00 00 06
  1460:  00 00 56 c3 00 00 00 01 00 00 04 6c 00 00 00 06
  1470:  00 00 56 c5 00 00 00 01 00 00 04 74 00 00 00 04
  1480:  00 00 56 e0 00 00 00 64 00 00 04 75 00 00 00 04
  1490:  00 00 58 70 00 00 00 64  <-- index entry 0x2f


  1490:                          00 00 04 76 00 00 00 08
  14a0:  00 00 5a 00 00 00 00 57 00 00 04 7a 00 00 00 07
  14b0:  00 00 6c 91 00 00 00 10 00 00 13 93 00 00 00 04
  14c0:  00 00 6c a4 00 00 00 01 00 00 13 c6 00 00 00 06
  14d0:  00 00 6c a8 00 00 00 01 00 00 13 e4 00 00 00 08
  14e0:  00 00 6c ae 00 00 00 01 00 00 13 e5 00 00 00 04
  14f0:  00 00 6c f0 00 00 00 01 00 00 13 e9 00 00 00 08
  1500:  00 00 6c f4 00 00 00 01   <-- index entry 0x36


  note to self data_len=0x06d45 begins from addr 0x01508 

    thus   0x01508
         + 0x06d45
         ---------
           0x0824d <-- expected end of datapak addr



NOTE : The Header consists of a single immutable header region denoted
       by a tag of 0x032 (RPMTAG_HEADERIMMUTABLE) which can be used
       to identify it.


                 * * * index entry 2 * * *
  1510:  .. .. .. .. .. .. .. .. 43 00   <-- two bytes
                                 |
                addr 0x01508 ----+ <-- this is offset 0 in the datapak



                 * * * index entry 3 * * *
                    addr 0x0150a ------+ <-- offset 2 in the datapak
                                       |
                                       63 75 64 61 2d 72
  1510:  65 70 6f 2d 72 68 65 6c 38 2d 31 32 2d 34 2d 6c
  1520:  6f 63 61 6c 00   <-- length is 0x1a bytes

         string is -->  cuda-repo-rhel8-12-4-local



                 * * * index entry 4 * * *
       addr 0x1525 -----+ <-- offset 0x01d in the datapak
                        |
  1520:                 31 32 2e 34 2e 31 5f 35 35 30 2e
  1530:  35 34 2e 31 35 00 31 00 63 75 64 61 20 72 65 70
  1540:  6f 73 69 74 6f 72 79 20 63 6f 6e 66 69 67 75 72
  1550:  61 74 69 6f 6e 20 66 69 6c 65 73 00 43 6f 6e 74
  1560:  61 69 6e 73 20 72 65 70 6f 73 69 74 6f 72 79 20
  1570:  63 6f 6e 66 69 67 75 72 61 74 69 6f 6e 20 66 6f
  1580:  72 20 63 75 64 61 2e 0a 43 6f 6e 74 61 69 6e 73
  1590:  20 61 20 6c 6f 63 61 6c 20 72 65 70 6f 73 69 74
  15a0:  6f 72 79 20 66 6f 72 20 63 75 64 61 2e 00 00 00
  15b0:  66 05 d0 b3 30 35 64 36 62 31 65 31 62 62 32 30
  15c0:  00 00 00 00 cd 0b 3b 29 4e 56 49 44 49 41 20 50
  15d0:  72 6f 70 72 69 65 74 61 72 79 00 55 6e 73 70 65
  15e0:  63 69 66 69 65 64 00 68 74 74 70 3a 2f 2f 6e 76
  15f0:  69 64 69 61 2e 63 6f 6d 00 6c 69 6e 75 78 00 70
  1600:  70 63 36 34 6c 65 00 00 00 00 00 be 00 00 00 00
  1610:  00 00 06 7c 00 00 0a 43 00 00 03 44 00 00 18 a5
  1620:  00 00 18 85 00 00 04 8e 00 1e e5 c6 00 00 19 21
  1630:  01 59 c7 68 00 00 18 b5 00 01 bb fe 00 03 6a 53
  1640:  00 20 6f d4 00 05 5b eb 01 19 7f cc 00 04 da ac
  1650:  00 01 fa e5 00 00 8f 45 00 00 1b b0 00 67 d5 32
  1660:  02 56 37 6b 00 00 19 99 00 00 1a 69 00 00 18 ed
  1670:  07 13 55 f8 00 00 20 a7 00 00 20 1d 04 30 79 a5
  1680:  02 fc 0c f4 00 03 6c 81 00 4a a1 4e 00 01 33 ff
  1690:  01 77 0c e9 01 b0 a0 c2 00 01 59 be 01 9f 6f 3b
  16a0:  07 27 c1 52 00 00 63 01 00 00 18 85 01 09 0e 8f
  16b0:  00 00 18 a1 00 00 1d d3 00 00 1a 41 00 00 1b 16
  16c0:  00 00 18 95 00 00 1b 01 00 00 18 41 00 00 19 21
  16d0:  00 00 2c f8 02 8a e8 a8 0e ff e3 89 11 64 ff 3c
  16e0:  0c 9f 12 18 19 81 ca 08 03 4e 5b 1f 03 53 f4 2a
  16f0:  07 a3 c7 66 05 22 76 d2 0c 5f e6 80 19 40 01 0d
  1700:  09 bd 6c 1a 09 8b db a9 00 0f 43 da 00 0d 01 72
  1710:  01 41 54 f3 01 63 cb 5a 00 36 2c 44 00 33 59 d9
  1720:  00 00 46 6f 07 9e 57 a9 05 65 2c c1 00 28 99 70
  1730:  00 08 59 dc 00 00 2a 0c 00 06 27 f4 02 50 11 a4
  1740:  00 00 30 80 01 30 e4 b0 00 00 2f 04 02 8a d7 dc
  1750:  00 00 cd 94 00 00 dc 94 00 01 51 14 00 01 aa 1c
  1760:  00 1d 67 14 00 04 58 24 00 00 00 00 00 00 04 14
  1770:  00 00 b8 f0 00 00 da d8 00 00 7f eb 00 00 18 b1
  1780:  00 00 43 c0 00 00 28 8a 00 00 0d d9 00 00 03 41
  1790:  00 00 06 7c 00 00 00 00 81 a4 41 ed 81 a4 81 a4
  17a0:  81 a4 81 a4 81 a4 81 a4 81 a4 81 a4 81 a4 81 a4
  17b0:  81 a4 81 a4 81 a4 81 a4 81 a4 81 a4 81 a4 81 a4
  17c0:  81 a4 81 a4 81 a4 81 a4 81 a4 81 a4 81 a4 81 a4
  17d0:  81 a4 81 a4 81 a4 81 a4 81 a4 81 a4 81 a4 81 a4
  17e0:  81 a4 81 a4 81 a4 81 a4 81 a4 81 a4 81 a4 81 a4
  17f0:  81 a4 81 a4 81 a4 81 a4 81 a4 81 a4 81 a4 81 a4
  1800:  81 a4 81 a4 81 a4 81 a4 81 a4 81 a4 81 a4 81 a4
  1810:  81 a4 81 a4 81 a4 81 a4 81 a4 81 a4 81 a4 81 a4
  1820:  81 a4 81 a4 81 a4 81 a4 81 a4 81 a4 81 a4 81 a4
  1830:  81 a4 81 a4 81 a4 81 a4 81 a4 81 a4 81 a4 81 a4
  1840:  81 a4 81 a4 81 a4 81 a4 41 ed 81 a4 81 a4 81 a4
  1850:  81 a4 81 a4 81 a4 81 a4 81 a4 81 a4 81 a4 41 ed
  1860:  00 00 00 00 00 00 00 00 00 00 00 00 00 00 00 00
  1870:  00 00 00 00 00 00 00 00 00 00 00 00 00 00 00 00
  1880:  00 00 00 00 00 00 00 00 00 00 00 00 00 00 00 00
  1890:  00 00 00 00 00 00 00 00 00 00 00 00 00 00 00 00
  18a0:  00 00 00 00 00 00 00 00 00 00 00 00 00 00 00 00
  18b0:  00 00 00 00 00 00 00 00 00 00 00 00 00 00 00 00
  18c0:  00 00 00 00 00 00 00 00 00 00 00 00 00 00 00 00
  18d0:  00 00 00 00 00 00 00 00 00 00 00 00 00 00 00 00
  18e0:  00 00 00 00 00 00 00 00 00 00 00 00 00 00 00 00
  18f0:  00 00 00 00 00 00 00 00 00 00 00 00 00 00 00 00
  1900:  00 00 00 00 00 00 00 00 00 00 00 00 00 00 00 00
  1910:  00 00 00 00 00 00 00 00 00 00 00 00 00 00 00 00
  1920:  00 00 00 00 00 00 00 00 66 05 d0 b3 66 05 d0 b3
  1930:  66 05 d0 3f 66 05 d0 97 66 05 d0 9f 66 05 d0 53
  1940:  66 05 d0 53 66 05 d0 3f 66 05 d0 53 66 05 d0 53
  1950:  66 05 d0 54 66 05 d0 54 66 05 d0 54 66 05 d0 54
  1960:  66 05 d0 54 66 05 d0 55 66 05 d0 55 66 05 d0 55
  1970:  66 05 d0 55 66 05 d0 55 66 05 d0 56 66 05 d0 56
  1980:  66 05 d0 57 66 05 d0 57 66 05 d0 57 66 05 d0 57
  1990:  66 05 d0 59 66 05 d0 59 66 05 d0 5a 66 05 d0 5b
  19a0:  66 05 d0 5c 66 05 d0 5c 66 05 d0 5c 66 05 d0 5c
  19b0:  66 05 d0 5d 66 05 d0 5e 66 05 d0 5e 66 05 d0 5e
  19c0:  66 05 d0 60 66 05 d0 61 66 05 d0 61 66 05 d0 61
  19d0:  66 05 d0 61 66 05 d0 61 66 05 d0 62 66 05 d0 62
  19e0:  66 05 d0 62 66 05 d0 62 66 05 d0 62 66 05 d0 62
  19f0:  66 05 d0 63 66 05 d0 63 66 05 d0 67 66 05 d0 6b
  1a00:  66 05 d0 6f 66 05 d0 75 66 05 d0 76 66 05 d0 77
  1a10:  66 05 d0 79 66 05 d0 7b 66 05 d0 7e 66 05 d0 85
  1a20:  66 05 d0 88 66 05 d0 8a 66 05 d0 8a 66 05 d0 8b
  1a30:  66 05 d0 8b 66 05 d0 8c 66 05 d0 8c 66 05 d0 8c
  1a40:  66 05 d0 97 66 05 d0 8f 66 05 d0 90 66 05 d0 90
  1a50:  66 05 d0 91 66 05 d0 91 66 05 d0 91 66 05 d0 92
  1a60:  66 05 d0 92 66 05 d0 92 66 05 d0 92 66 05 d0 93
  1a70:  66 05 d0 93 66 05 d0 93 66 05 d0 93 66 05 d0 94
  1a80:  66 05 d0 94 66 05 d0 94 66 05 d0 97 66 05 d0 97
  1a90:  66 05 d0 96 66 05 d0 96 66 05 d0 96 66 05 d0 96
  1aa0:  66 05 d0 96 66 05 d0 96 66 05 d0 97 66 05 d0 97
  1ab0:  66 05 d0 97 66 05 d0 53 

          possibly a long list of hash strings

  1ab0:                          31 32 32 35 37 32 66 36
  1ac0:  35 64 39 62 62 32 38 30 35 36 36 63 37 31 36 61
  1ad0:  64 64 64 62 61 35 35 36 34 62 65 37 32 39 62 32
  1ae0:  33 62 33 66 33 30 39 33 34 38 38 66 61 66 32 39
  1af0:  64 34 66 66 65 39 65 32 35 30 65 35 36 36 63 36
  1b00:  62 35 34 38 61 62 65 31 36 31 30 35 63 33 39 34
  1b10:  30 66 39 64 32 34 35 38 61 31 63 61 33 30 65 65
  1b20:  34 61 30 35 39 36 30 37 64 35 32 64 37 63 35 31
  1b30:  63 66 61 39 30 63 65 65 00 


  1b30:                             00 


  1b30:                                65 30 36 61 63 37
  1b40:  61 39 35 32 31 33 65 62 33 61 66 61 35 64 66 38
  1b50:  31 62 39 65 66 38 62 31 64 32 39 61 32 39 36 34
  1b60:  66 37 38 34 36 62 39 64 32 39 39 61 33 63 38 36
  1b70:  38 34 38 31 31 31 33 64 31 65 61 36 36 39 33 61
  1b80:  33 63 38 38 61 33 66 38 63 62 38 66 66 65 61 30
  1b90:  64 65 35 35 38 30 34 31 34 62 63 37 32 34 36 63
  1ba0:  63 31 30 30 35 66 66 37 37 38 36 66 34 34 30 33
  1bb0:  36 61 34 62 30 62 62 35 66 35 00


  1bb0:                                   34 32 63 65 31
  1bc0:  31 66 61 62 63 37 36 39 30 66 33 34 62 32 39 31
  1bd0:  63 61 33 65 30 66 32 34 30 61 34 63 64 35 37 64
  1be0:  34 35 34 36 66 63 34 38 37 33 62 38 34 34 33 39
  1bf0:  31 66 66 66 30 36 32 66 61 32 64 61 32 35 38 34
  1c00:  39 39 35 30 35 35 34 38 36 61 62 31 31 30 66 32
  1c10:  64 65 65 62 62 66 39 31 39 32 38 31 39 63 63 66
  1c20:  66 36 32 63 30 62 32 30 35 34 66 30 64 62 31 36
  1c30:  61 35 65 61 36 36 63 36 34 65 61 00 31 39 34 66
  1c40:  32 36 33 36 35 65 33 34 39 33 31 37 61 34 65 66
  1c50:  34 37 64 35 32 30 64 33 66 61 66 33 34 32 33 38
  1c60:  38 63 35 61 34 33 64 32 64 38 36 31 32 62 66 35
  1c70:  35 63 34 36 62 66 66 33 39 33 65 38 64 65 63 61
  1c80:  30 37 36 39 33 31 63 31 37 36 65 62 62 61 66 36
  1c90:  39 39 38 30 61 37 62 63 36 37 34 62 35 38 62 33
  1ca0:  37 63 63 64 30 62 65 61 36 64 62 35 31 33 37 66
  1cb0:  64 39 66 66 31 36 30 65 30 39 62 35 00 31 62 65
  1cc0:  65 31 39 61 62 35 30 35 33 61 34 62 62 63 61 61
  1cd0:  64 38 63 30 38 66 38 64 31 39 39 65 63 61 39 34
  1ce0:  30 66 61 38 32 63 35 65 64 32 38 34 30 31 61 30
  1cf0:  39 61 30 33 66 63 63 63 30 66 36 32 39 65 62 64
  1d00:  63 31 64 33 37 30 64 33 65 31 30 33 31 38 30 65
  1d10:  61 37 34 32 36 39 64 63 30 34 38 65 65 36 39 37
  1d20:  64 30 37 31 64 65 64 61 64 63 64 64 65 64 37 62
  1d30:  39 37 35 35 66 31 36 36 30 31 33 65 38 00 32 33
  1d40:  38 34 39 37 31 36 61 32 36 65 39 62 39 39 64 33
  1d50:  66 36 62 33 39 36 66 34 66 39 34 66 31 33 35 31
  1d60:  34 61 39 64 61 61 30 65 33 65 65 66 36 36 65 30
  1d70:  38 30 30 33 62 39 65 65 31 39 35 31 32 61 63 36
  1d80:  66 61 36 62 33 38 65 61 64 66 39 65 33 37 64 38
  1d90:  35 32 64 64 62 61 39 63 33 39 30 66 37 64 31 66
  1da0:  30 61 38 31 64 66 38 37 39 61 62 39 31 39 63 63
  1db0:  65 64 63 37 36 34 33 37 38 38 34 32 34 36 00 64
  1dc0:  30 31 61 36 62 62 39 64 62 65 66 62 63 35 39 36
  1dd0:  62 33 34 36 63 61 64 36 64 31 64 65 64 66 30 61
  1de0:  32 62 34 64 37 64 66 39 35 62 31 33 38 39 37 34
  1df0:  63 65 65 65 33 37 64 31 65 38 32 62 64 30 64 65
  1e00:  35 38 36 65 39 32 64 61 35 65 66 66 66 35 62 39
  1e10:  35 39 63 35 35 66 66 35 31 31 63 34 38 32 32 61
  1e20:  39 35 61 65 38 34 35 66 32 38 62 36 62 38 65 37
  1e30:  30 33 35 34 34 35 30 37 35 33 36 30 64 66 30 00
  1e40:  30 38 34 63 65 38 34 34 32 33 65 33 31 35 36 38
  1e50:  61 32 66 62 61 65 38 61 62 63 31 65 34 62 62 38
  1e60:  30 33 31 64 32 30 66 35 34 63 39 38 31 32 66 63
  1e70:  30 36 39 61 37 33 31 63 38 64 36 63 61 38 62 36
  1e80:  62 37 62 65 64 30 65 63 30 38 30 35 62 30 63 32
  1e90:  65 35 61 61 64 33 34 37 31 36 66 31 39 32 62 64
  1ea0:  31 66 39 34 64 65 38 34 62 62 61 64 33 64 32 35
  1eb0:  63 32 39 32 37 62 64 65 32 31 36 66 33 32 32 65
  1ec0:  00 35 63 64 34 37 30 66 35 66 37 32 30 61 64 30
  1ed0:  65 39 32 65 31 65 38 39 33 38 37 66 36 61 65 39
  1ee0:  34 38 34 35 34 65 34 66 65 31 39 36 66 34 31 62
  1ef0:  66 31 33 34 39 62 65 37 34 32 30 65 37 62 39 64
  1f00:  39 33 31 36 30 30 62 37 64 35 34 37 37 33 36 38
  1f10:  65 35 33 63 34 38 36 30 31 38 34 64 33 61 32 33
  1f20:  37 61 65 36 30 64 33 66 34 34 33 66 65 36 35 35
  1f30:  34 36 64 64 31 32 66 35 37 61 38 33 38 37 34 63
  1f40:  34 00 66 37 61 32 32 32 62 36 61 62 62 34 63 65
  1f50:  36 35 64 31 66 37 33 34 39 61 66 39 34 33 31 37
  1f60:  39 65 64 34 65 30 62 36 64 38 31 64 33 36 36 65
  1f70:  64 64 34 39 37 66 31 32 63 64 34 62 38 36 34 36
  1f80:  34 31 62 36 32 34 33 36 37 38 35 37 33 34 64 36
  1f90:  36 37 64 34 38 32 64 35 31 37 64 66 30 30 66 34
  1fa0:  30 35 30 63 38 33 37 33 39 36 32 35 39 32 37 35
  1fb0:  62 61 30 65 31 64 61 62 64 36 32 37 32 32 39 36
  1fc0:  39 31 00 62 33 30 34 38 61 61 38 62 35 39 64 37
  1fd0:  34 38 65 34 33 66 31 63 38 62 65 38 61 30 62 33
  1fe0:  39 38 66 66 64 35 66 38 65 31 37 62 30 39 36 61
  1ff0:  31 39 62 32 37 39 65 31 65 61 33 30 34 65 39 37
  2000:  34 38 38 34 37 32 63 65 39 39 36 64 65 32 66 33
  2010:  61 31 65 37 36 63 66 65 66 62 33 37 34 33 36 36
  2020:  37 63 65 66 35 62 37 64 34 39 63 61 35 39 39 33
  2030:  31 61 39 35 64 65 37 30 62 33 64 36 36 36 63 36
  2040:  38 62 30 00 36 36 62 32 39 61 32 36 39 38 33 62
  2050:  37 32 31 30 37 35 39 39 66 66 30 30 32 62 30 39
  2060:  65 31 63 66 34 33 66 33 35 31 36 38 34 62 65 63
  2070:  66 38 38 64 30 37 36 39 64 31 63 37 65 35 62 30
  2080:  37 63 30 36 37 62 35 65 31 62 31 62 33 62 61 39
  2090:  31 62 64 34 35 65 65 35 62 35 38 64 64 32 64 37
  20a0:  65 32 37 38 34 61 30 39 30 34 37 30 64 38 66 39
  20b0:  61 30 65 36 38 36 35 32 37 39 65 30 35 31 38 64
  20c0:  38 32 62 65 00 65 39 65 31 34 31 33 35 39 34 37
  20d0:  39 30 65 36 62 62 36 63 62 36 32 31 33 62 35 35
  20e0:  31 30 64 32 64 37 36 33 63 65 32 30 65 33 66 38
  20f0:  35 35 66 33 30 39 62 36 62 32 39 31 62 37 30 64
  2100:  38 66 30 62 32 36 66 33 64 30 32 65 32 32 35 37
  2110:  66 39 62 63 36 36 65 63 65 38 32 34 37 33 66 66
  2120:  66 38 32 34 36 31 37 61 33 38 31 35 39 62 66 62
  2130:  64 38 66 66 33 32 66 62 34 66 65 33 35 35 36 65
  2140:  61 63 31 65 35 00 32 38 66 66 64 63 38 31 62 37
  2150:  39 63 35 32 66 34 65 62 62 31 32 66 34 64 37 65
  2160:  30 30 66 32 36 34 37 36 32 30 62 39 39 61 38 37
  2170:  37 35 63 39 34 61 65 35 62 63 30 65 34 38 64 37
  2180:  35 32 35 62 37 39 62 34 36 61 64 64 35 61 38 30
  2190:  64 34 62 61 31 62 61 32 61 66 30 62 65 64 36 62
  21a0:  61 65 35 38 61 36 38 63 39 61 37 62 61 38 61 33
  21b0:  39 65 66 66 65 63 38 64 32 30 65 62 36 61 65 62
  21c0:  65 65 33 66 62 31 00 61 34 36 31 37 34 62 30 64
  21d0:  37 63 33 36 33 63 62 62 31 30 35 64 30 62 37 38
  21e0:  64 62 32 38 31 61 33 61 39 34 36 33 64 63 32 36
  21f0:  62 30 37 62 31 63 33 33 33 32 30 66 39 61 38 30
  2200:  66 39 37 30 63 65 63 30 39 30 66 36 39 31 32 38
  2210:  34 31 34 37 30 34 35 37 35 38 30 63 61 35 61 33
  2220:  32 38 30 37 37 32 61 61 32 30 63 33 61 65 36 30
  2230:  32 34 32 65 36 62 66 63 62 30 62 31 39 63 33 38
  2240:  32 32 63 34 39 31 64 00 64 32 66 30 39 35 35 33
  2250:  31 63 61 33 65 63 64 39 39 38 30 65 64 66 35 34
  2260:  39 39 31 35 61 64 64 64 61 30 38 34 64 30 36 37
  2270:  30 35 61 61 35 34 30 33 30 36 37 33 35 61 30 39
  2280:  34 66 31 64 36 61 39 36 35 32 66 36 33 38 32 32
  2290:  65 37 31 38 38 62 38 66 39 34 36 32 33 34 62 37
  22a0:  64 64 33 62 34 61 64 36 63 31 30 61 63 62 33 35
  22b0:  62 62 66 33 62 37 30 32 61 62 66 62 62 38 38 33
  22c0:  62 63 65 30 36 66 66 35 00 36 34 63 30 65 31 34
  22d0:  38 32 32 38 30 66 39 33 64 39 39 38 64 36 32 63
  22e0:  32 38 65 37 65 37 31 34 63 39 36 35 32 39 64 37
  22f0:  37 37 63 32 34 63 31 63 35 66 64 33 39 38 65 63
  2300:  33 33 31 37 66 65 33 66 34 36 30 64 66 37 34 32
  2310:  37 32 31 32 33 31 35 63 63 31 30 62 30 63 66 31
  2320:  31 66 63 63 64 35 65 30 62 30 62 35 37 34 34 33
  2330:  35 33 33 32 61 62 30 36 34 36 62 36 30 35 32 33
  2340:  35 33 35 64 63 35 66 35 31 00 30 33 36 61 30 61
  2350:  61 30 32 33 33 36 66 65 63 36 32 35 34 61 61 62
  2360:  63 31 30 33 65 63 34 31 61 61 35 62 31 38 61 37
  2370:  65 63 64 64 38 62 37 63 35 37 62 32 35 65 33 64
  2380:  64 39 39 36 34 37 33 66 32 62 31 66 32 64 35 39
  2390:  32 35 62 37 31 35 66 31 35 34 65 39 32 64 64 63
  23a0:  61 30 33 32 39 65 62 63 31 35 39 61 64 63 61 32
  23b0:  63 63 37 36 39 63 38 31 39 36 66 65 36 30 61 32
  23c0:  63 35 30 37 30 32 64 39 35 34 00 32 61 30 63 61
  23d0:  61 34 62 63 39 30 32 30 39 34 32 34 35 38 66 32
  23e0:  38 32 31 31 37 31 38 35 63 35 33 38 62 37 38 33
  23f0:  33 31 37 62 32 34 63 36 64 39 64 39 30 31 39 66
  2400:  33 66 61 33 36 37 32 33 37 39 32 34 34 35 64 32
  2410:  61 66 30 62 35 30 30 36 36 66 64 39 36 36 66 64
  2420:  39 37 63 35 31 61 38 33 38 30 62 32 36 66 32 38
  2430:  33 37 35 36 63 33 65 31 32 35 34 33 61 31 32 37
  2440:  39 65 30 35 31 30 34 64 63 63 65 00 35 31 66 36
  2450:  65 37 33 31 32 30 63 61 62 37 38 35 64 32 31 32
  2460:  66 32 30 36 38 32 39 39 37 33 66 37 31 34 66 33
  2470:  36 66 65 66 37 38 31 61 30 61 37 35 36 30 64 38
  2480:  61 34 39 64 61 64 34 37 30 34 38 35 62 38 36 39
  2490:  65 34 35 36 39 35 65 30 33 65 38 30 36 34 62 66
  24a0:  39 64 64 33 63 61 35 64 34 64 30 30 34 34 38 30
  24b0:  62 66 62 37 31 36 31 30 61 36 34 39 61 30 38 61
  24c0:  64 63 32 64 64 62 65 62 31 38 38 62 00 65 62 30
  24d0:  30 65 33 37 38 66 63 63 64 35 61 66 36 39 63 37
  24e0:  65 34 61 36 31 38 64 30 36 32 32 36 34 64 34 38
  24f0:  32 34 33 39 32 61 33 62 61 30 65 32 37 32 30 38
  2500:  34 38 39 38 31 39 32 36 31 34 37 63 38 32 39 64
  2510:  37 31 35 39 63 64 66 33 37 64 39 30 33 38 35 63
  2520:  64 30 30 63 38 30 65 62 39 66 36 38 66 34 33 62
  2530:  64 37 32 30 37 63 62 34 35 61 63 63 65 38 66 65
  2540:  34 39 37 35 38 32 38 37 31 65 38 65 32 00 30 65
  2550:  62 66 34 61 39 63 34 33 61 35 66 37 31 63 39 37
  2560:  63 63 30 39 33 38 36 62 30 35 64 36 38 33 38 63
  2570:  38 38 65 65 66 64 38 31 66 39 35 30 65 61 36 62
  2580:  61 65 62 34 63 33 62 63 61 32 39 31 62 62 33 63
  2590:  31 63 66 64 38 38 62 64 33 30 36 33 66 66 30 37
  25a0:  32 34 32 35 39 34 66 30 61 65 61 35 32 62 31 35
  25b0:  66 62 33 35 34 31 30 65 30 31 32 30 30 32 66 38
  25c0:  36 31 33 62 35 35 34 32 32 63 34 31 31 33 00 32
  25d0:  31 61 63 62 37 62 38 62 65 39 65 37 66 33 65 66
  25e0:  65 37 61 30 35 33 34 30 37 61 32 35 31 38 66 66
  25f0:  66 33 66 32 31 31 66 61 35 61 64 62 36 61 39 38
  2600:  65 33 31 37 30 64 63 63 37 37 38 33 63 39 61 35
  2610:  36 61 32 64 63 38 62 35 33 37 33 33 64 66 34 36
  2620:  61 66 31 65 38 63 30 63 32 34 32 30 38 37 34 30
  2630:  62 39 32 37 65 37 61 62 34 61 33 39 65 62 32 63
  2640:  64 61 30 61 33 31 61 63 31 37 31 62 32 35 66 00
  2650:  31 36 61 61 37 35 61 65 39 61 61 38 39 37 37 62
  2660:  61 30 33 36 33 63 34 36 38 37 64 63 61 32 38 35
  2670:  30 63 65 32 62 65 39 31 30 62 61 62 66 65 63 62
  2680:  63 31 30 34 66 62 39 32 37 33 65 66 31 39 62 38
  2690:  62 35 33 36 33 37 37 33 39 33 36 38 32 65 65 39
  26a0:  62 35 31 62 34 63 61 62 37 64 31 66 61 63 37 32
  26b0:  35 61 65 64 31 31 66 37 33 30 39 32 37 64 30 35
  26c0:  39 65 66 35 63 33 30 30 38 65 63 35 34 61 31 30
  26d0:  00 64 35 63 62 63 37 39 38 65 64 61 66 36 36 63
  26e0:  37 65 33 64 65 31 64 62 66 35 61 30 39 30 38 62
  26f0:  30 63 65 39 63 39 61 30 63 33 37 66 34 34 31 36
  2700:  62 66 64 63 35 63 36 34 33 30 33 30 39 66 63 65
  2710:  34 39 35 61 64 63 33 30 39 33 35 62 39 30 63 36
  2720:  34 38 31 36 34 66 31 63 62 62 39 34 33 32 39 64
  2730:  64 35 61 37 35 30 39 66 64 62 32 37 62 62 64 66
  2740:  36 33 31 36 63 31 35 30 63 31 62 38 30 37 35 30
  2750:  62 00 65 65 61 62 66 35 30 65 64 35 34 65 34 65
  2760:  32 63 33 31 63 37 30 39 63 63 36 39 65 30 30 37
  2770:  37 33 62 62 31 61 32 65 63 65 37 37 35 66 61 39
  2780:  39 31 35 31 66 30 34 61 61 32 39 38 63 66 36 64
  2790:  34 38 66 32 30 31 35 32 31 37 66 31 62 31 30 66
  27a0:  38 37 38 38 62 66 38 31 61 39 63 66 62 61 66 64
  27b0:  32 33 64 36 34 35 35 64 64 34 34 63 64 35 61 37
  27c0:  65 31 34 34 37 35 66 63 64 33 39 38 35 65 31 30
  27d0:  64 32 00 31 31 33 31 61 36 65 66 61 66 61 62 39
  27e0:  36 34 66 30 34 30 63 31 34 66 38 36 38 66 39 30
  27f0:  36 34 35 34 36 62 63 31 63 32 65 63 62 32 38 33
  2800:  37 32 32 38 38 64 63 36 36 35 65 35 65 61 32 33
  2810:  64 36 66 31 61 61 39 31 37 37 66 66 65 66 33 32
  2820:  38 39 32 63 65 33 31 62 35 61 39 38 61 64 35 39
  2830:  32 64 38 34 36 65 32 33 30 66 34 30 61 61 62 61
  2840:  37 65 36 35 37 37 65 61 31 35 33 61 31 34 33 37
  2850:  39 64 36 00 36 32 33 61 31 61 66 63 33 36 31 32
  2860:  30 31 34 38 37 64 65 64 65 36 38 35 36 62 61 35
  2870:  65 63 37 38 65 63 36 62 61 62 33 36 36 64 38 30
  2880:  38 63 35 37 35 62 35 33 37 35 61 64 39 64 63 65
  2890:  62 66 66 34 30 34 66 31 35 63 61 39 37 30 62 62
  28a0:  34 32 62 35 64 32 32 35 36 64 64 30 33 62 36 30
  28b0:  66 65 30 36 38 31 30 32 66 36 64 33 34 37 34 39
  28c0:  62 36 34 37 64 30 63 31 30 32 32 39 61 30 36 62
  28d0:  66 37 36 32 00 65 39 35 62 31 34 34 62 35 38 37
  28e0:  65 37 33 66 31 63 34 33 33 31 38 34 37 62 39 34
  28f0:  39 33 61 39 37 38 36 61 64 62 36 36 34 33 32 38
  2900:  65 63 66 32 66 31 33 34 39 34 36 65 31 35 64 62
  2910:  36 66 35 38 66 33 30 38 33 33 66 36 62 65 36 38
  2920:  30 65 64 66 65 30 65 39 37 38 63 35 62 32 62 35
  2930:  37 39 62 63 30 63 65 39 33 66 32 62 36 31 38 63
  2940:  62 33 64 61 65 61 38 33 36 65 37 37 30 39 61 31
  2950:  66 37 63 34 32 00 61 62 66 33 64 36 66 62 66 33
  2960:  61 30 32 30 39 62 61 37 32 64 30 39 30 38 34 65
  2970:  35 30 66 63 34 62 36 38 31 37 32 33 33 62 66 38
  2980:  66 31 62 61 62 65 61 63 31 66 38 66 63 66 37 38
  2990:  66 61 37 30 33 62 62 39 31 39 36 31 61 61 63 61
  29a0:  62 65 34 33 62 32 64 66 37 32 37 33 33 34 62 37
  29b0:  66 35 39 31 36 64 65 66 63 64 63 65 37 32 31 61
  29c0:  35 64 65 64 63 34 31 61 34 30 64 39 30 33 30 36
  29d0:  63 64 62 66 30 63 00 64 30 32 38 31 35 30 65 32
  29e0:  30 34 34 31 37 66 30 65 61 64 61 38 61 65 62 37
  29f0:  64 64 62 33 65 61 30 65 36 33 35 35 33 33 38 62
  2a00:  63 62 65 39 66 36 30 66 32 31 66 61 35 34 38 65
  2a10:  31 63 36 61 32 63 31 62 62 34 62 36 61 61 63 30
  2a20:  61 31 35 34 35 61 31 36 32 31 37 62 35 64 37 65
  2a30:  30 36 34 65 63 30 35 37 38 66 33 62 31 39 65 65
  2a40:  39 37 32 39 36 65 61 64 34 30 34 36 33 31 61 33
  2a50:  62 35 38 32 35 30 65 00 30 63 35 65 36 35 62 35
  2a60:  30 30 63 61 62 32 38 36 37 32 63 31 65 34 35 31
  2a70:  62 34 62 31 61 39 36 36 38 31 37 62 38 32 34 62
  2a80:  32 62 61 32 65 37 39 34 35 37 32 34 38 61 35 62
  2a90:  32 38 30 34 33 30 65 61 35 34 61 34 39 63 39 62
  2aa0:  34 63 34 39 33 32 65 33 66 65 38 65 30 31 64 32
  2ab0:  64 61 65 31 61 62 33 64 31 35 62 36 62 38 32 34
  2ac0:  36 35 66 39 30 65 62 36 36 33 65 36 35 65 65 33
  2ad0:  64 37 32 30 61 30 35 64 00 65 34 39 33 61 31 37
  2ae0:  66 39 64 61 63 62 34 65 66 61 61 30 65 32 37 66
  2af0:  37 31 35 38 37 33 35 66 63 35 39 63 62 36 38 39
  2b00:  61 66 38 39 30 64 65 36 64 35 33 38 30 34 37 38
  2b10:  35 32 36 34 35 32 62 30 34 31 39 34 38 38 35 32
  2b20:  62 38 30 37 66 39 31 61 39 32 63 61 31 31 34 39
  2b30:  66 61 66 31 65 36 63 66 61 62 34 34 38 61 35 64
  2b40:  38 34 37 39 34 62 62 35 33 35 62 63 32 30 35 64
  2b50:  33 30 63 33 63 33 34 64 63 00 33 31 39 63 61 30
  2b60:  64 35 35 63 37 36 35 31 31 61 65 30 37 33 34 62
  2b70:  34 38 65 34 34 61 31 65 35 64 32 36 35 31 34 34
  2b80:  34 33 38 63 32 61 30 32 62 30 34 62 61 39 63 37
  2b90:  30 34 66 37 65 32 62 62 35 38 65 34 63 62 31 64
  2ba0:  65 35 62 61 34 38 38 63 64 35 35 33 61 62 35 34
  2bb0:  38 31 65 61 36 30 61 65 62 61 35 34 64 62 39 64
  2bc0:  37 62 61 64 66 31 33 39 66 39 35 30 32 34 33 38
  2bd0:  34 31 38 39 34 64 33 30 63 63 00 32 36 64 35 64
  2be0:  34 62 61 65 33 35 38 30 38 30 34 61 64 34 32 38
  2bf0:  62 32 63 38 65 37 36 33 36 38 66 61 65 33 61 62
  2c00:  61 34 39 37 35 38 66 33 33 30 30 32 32 63 65 63
  2c10:  34 62 35 35 64 62 39 65 33 35 64 66 33 61 65 65
  2c20:  34 35 38 62 66 64 32 63 36 36 38 36 35 33 35 39
  2c30:  65 36 37 30 38 36 64 61 33 36 66 32 33 30 30 65
  2c40:  63 62 65 30 34 64 36 39 37 63 33 65 37 61 31 31
  2c50:  63 61 31 62 39 39 63 63 66 61 30 00 33 35 32 38
  2c60:  61 33 30 34 62 62 38 30 66 30 65 63 32 61 62 39
  2c70:  61 66 31 63 30 30 36 65 32 65 35 65 37 65 39 35
  2c80:  39 36 34 62 63 36 34 35 66 62 65 39 31 61 31 64
  2c90:  37 39 66 63 64 32 35 31 63 62 63 36 62 33 35 63
  2ca0:  64 34 36 30 39 62 61 65 63 36 39 30 32 31 63 34
  2cb0:  39 38 65 35 30 63 33 61 33 63 36 62 39 64 37 30
  2cc0:  33 66 30 35 31 34 31 64 34 61 63 34 33 36 36 37
  2cd0:  31 39 34 66 62 61 35 34 39 37 39 63 00 32 31 66
  2ce0:  62 36 37 64 30 39 30 35 63 63 61 30 62 37 32 65
  2cf0:  33 36 34 39 61 62 38 31 63 30 36 65 31 32 66 66
  2d00:  35 63 63 39 32 38 65 63 32 38 35 61 35 62 62 36
  2d10:  65 64 61 38 63 35 63 61 30 65 30 39 33 32 30 33
  2d20:  34 62 34 64 34 34 37 39 35 34 35 36 33 39 64 66
  2d30:  38 32 63 31 65 61 63 31 35 65 31 61 66 33 35 63
  2d40:  66 62 62 61 36 36 65 30 37 39 37 39 30 35 62 34
  2d50:  31 64 39 33 32 39 32 66 31 33 39 33 37 00 66 37
  2d60:  31 34 30 31 65 61 39 36 32 37 63 36 39 34 31 64
  2d70:  38 35 63 66 37 33 64 64 66 65 66 39 65 38 61 36
  2d80:  39 32 66 35 37 35 35 63 35 34 37 66 34 37 37 35
  2d90:  62 37 39 65 38 62 66 34 31 31 37 33 32 35 30 65
  2da0:  61 31 35 66 34 61 33 35 64 39 64 30 65 62 34 36
  2db0:  62 32 33 36 65 63 35 36 31 34 31 39 65 37 36 33
  2dc0:  66 64 33 38 31 66 37 61 61 30 62 39 36 62 31 33
  2dd0:  32 32 39 32 38 63 61 63 32 65 66 34 39 61 00 63
  2de0:  62 35 30 38 34 36 65 31 63 38 66 61 35 36 64 39
  2df0:  37 31 36 33 65 65 62 35 33 65 37 31 36 66 65 30
  2e00:  62 32 35 30 65 65 65 39 36 62 65 36 65 39 33 63
  2e10:  61 38 66 31 30 35 33 61 33 66 66 30 33 34 31 64
  2e20:  63 30 36 37 61 63 39 30 62 66 38 65 36 38 63 65
  2e30:  32 31 63 38 36 61 36 37 64 34 31 61 31 38 38 35
  2e40:  33 32 34 64 66 36 31 36 65 37 34 34 61 30 35 31
  2e50:  32 35 36 33 65 63 63 61 62 62 66 35 61 66 30 00
  2e60:  64 65 66 33 34 65 63 33 36 65 38 35 37 64 65 39
  2e70:  37 62 38 37 36 65 31 66 30 38 64 36 66 36 62 37
  2e80:  66 32 61 65 39 65 64 37 37 64 61 34 61 33 62 32
  2e90:  36 36 37 30 33 32 66 36 63 30 32 35 62 33 31 61
  2ea0:  31 66 38 63 33 37 63 31 66 61 63 38 39 36 38 38
  2eb0:  39 30 39 32 34 34 66 64 37 32 62 34 65 65 61 34
  2ec0:  64 37 65 30 31 34 36 30 39 64 35 66 38 37 64 30
  2ed0:  36 34 38 62 61 61 34 35 66 65 32 63 65 35 33 39
  2ee0:  00 34 38 30 38 61 39 62 38 38 31 33 61 37 30 33
  2ef0:  35 62 32 31 65 61 32 37 64 66 36 32 35 62 38 37
  2f00:  38 31 34 38 64 31 34 37 61 39 62 39 65 35 37 63
  2f10:  64 65 31 36 65 63 35 63 30 37 64 61 65 66 64 35
  2f20:  30 38 36 32 36 64 36 63 32 35 62 62 62 62 32 65
  2f30:  32 33 35 66 61 36 31 61 35 38 61 33 32 64 37 64
  2f40:  61 63 62 62 36 63 36 63 36 65 32 33 39 61 31 63
  2f50:  34 61 32 33 33 33 64 61 32 64 65 30 31 32 31 30
  2f60:  35 00 64 61 65 30 62 61 62 33 31 63 66 33 38 37
  2f70:  66 38 66 30 38 38 33 63 31 65 30 64 37 30 38 35
  2f80:  66 62 36 63 31 62 38 32 35 61 65 34 34 66 61 66
  2f90:  62 39 61 39 63 38 37 30 63 36 32 62 30 64 65 35
  2fa0:  64 66 31 37 61 34 31 66 38 31 38 62 65 62 64 32
  2fb0:  31 33 32 61 39 33 35 39 63 38 31 34 30 32 61 32
  2fc0:  38 34 30 35 35 35 31 66 32 66 64 38 33 35 37 64
  2fd0:  31 63 37 63 39 65 30 63 33 61 35 61 33 39 35 34
  2fe0:  62 37 00 35 31 35 63 66 37 37 33 33 36 35 63 32
  2ff0:  63 39 39 63 39 35 33 65 34 66 39 30 30 33 36 62
  3000:  62 62 32 38 37 66 66 64 30 61 31 63 33 66 61 66
  3010:  31 65 61 33 35 34 33 39 35 32 33 34 34 37 33 34
  3020:  61 39 64 61 31 66 62 36 35 61 65 36 62 37 63 31
  3030:  61 32 62 37 37 66 39 61 33 66 33 30 64 32 65 35
  3040:  39 64 62 31 64 64 37 61 37 34 31 62 30 36 34 31
  3050:  65 38 65 32 65 65 38 34 38 36 61 62 64 35 63 62
  3060:  38 35 31 00 61 30 37 38 38 36 35 35 62 33 66 61
  3070:  32 38 31 62 30 63 36 30 62 64 63 36 65 63 66 33
  3080:  33 64 66 63 36 30 32 63 35 35 33 35 61 30 31 33
  3090:  39 61 34 30 39 37 35 62 38 63 61 66 62 61 30 39
  30a0:  61 61 38 34 31 65 33 61 63 65 35 37 64 32 30 39
  30b0:  38 35 34 34 39 63 65 33 32 38 39 37 64 33 38 31
  30c0:  39 64 39 37 31 62 30 66 31 34 33 38 36 61 34 31
  30d0:  61 34 35 30 38 37 38 32 38 33 63 35 64 30 64 36
  30e0:  39 65 36 39 00 62 38 30 39 35 62 35 62 37 39 64
  30f0:  32 33 61 64 64 30 35 30 30 38 64 34 36 33 32 61
  3100:  33 61 63 39 32 63 37 31 33 66 31 61 65 38 66 31
  3110:  35 31 62 64 34 39 31 34 38 33 66 33 30 61 38 35
  3120:  65 33 39 64 32 65 61 31 37 35 66 63 65 38 63 30
  3130:  64 61 34 34 31 32 30 62 62 66 61 30 38 66 65 36
  3140:  35 64 36 64 64 30 63 35 61 61 39 66 38 33 61 30
  3150:  30 34 30 39 38 32 66 37 37 36 38 32 62 61 64 35
  3160:  39 65 34 65 38 00 62 34 63 62 36 34 36 36 65 36
  3170:  66 36 61 63 37 37 63 31 35 64 62 35 62 66 63 64
  3180:  33 37 30 30 38 64 37 37 33 64 38 66 34 64 35 64
  3190:  65 62 65 61 34 65 37 64 34 35 62 37 33 63 34 38
  31a0:  32 36 61 33 33 34 33 31 38 32 64 62 33 37 62 30
  31b0:  36 38 35 39 35 66 34 38 38 63 32 30 31 33 63 34
  31c0:  63 35 62 32 34 31 61 36 62 32 39 66 34 62 37 34
  31d0:  35 66 64 61 35 33 64 33 65 37 31 38 35 36 31 31
  31e0:  37 39 66 38 39 39 00 38 34 37 34 61 31 31 63 61
  31f0:  62 38 33 37 64 37 63 37 61 30 32 37 32 35 38 30
  3200:  62 31 36 31 33 35 39 38 64 30 30 38 63 63 63 66
  3210:  34 32 63 31 33 38 38 66 32 32 63 38 34 37 31 34
  3220:  65 61 37 38 61 66 33 34 39 33 61 66 62 32 31 37
  3230:  33 31 65 63 39 36 65 37 64 32 39 64 65 37 30 35
  3240:  62 35 63 61 35 34 30 37 36 39 38 32 61 31 63 66
  3250:  62 66 36 66 33 38 65 63 36 64 35 32 39 33 65 39
  3260:  36 62 36 65 61 65 64 00 64 33 39 66 63 38 66 32
  3270:  34 34 62 63 30 62 62 63 33 63 63 66 36 66 65 33
  3280:  39 62 39 62 38 63 39 39 63 37 34 36 36 35 65 66
  3290:  63 34 63 63 30 31 30 33 32 65 61 38 35 36 38 35
  32a0:  30 65 35 63 32 61 31 32 30 36 33 30 32 38 36 31
  32b0:  62 32 38 35 63 62 66 39 63 61 36 36 30 37 66 61
  32c0:  66 65 37 32 39 33 38 30 61 36 33 32 64 31 32 33
  32d0:  36 30 39 36 33 66 37 39 32 61 64 33 36 32 33 61
  32e0:  38 65 34 61 38 33 66 34 00 62 64 35 33 63 39 37
  32f0:  36 33 34 31 35 66 38 35 36 32 33 36 66 65 35 39
  3300:  63 31 31 30 34 31 38 30 35 31 39 32 31 35 36 35
  3310:  31 32 35 64 63 37 64 34 32 65 30 63 38 38 35 63
  3320:  62 31 36 30 39 39 35 35 38 65 39 65 35 38 34 39
  3330:  33 64 34 62 33 32 66 63 63 61 61 37 64 62 34 39
  3340:  39 37 62 65 66 39 64 35 64 66 32 31 33 66 31 64
  3350:  35 65 64 61 38 63 63 62 35 33 63 39 62 30 31 34
  3360:  38 39 65 66 38 39 65 35 37 00 63 30 38 36 65 63
  3370:  33 30 32 64 39 32 32 37 32 65 66 33 35 66 38 35
  3380:  34 66 65 61 66 63 30 66 61 61 39 37 66 30 61 36
  3390:  33 64 66 62 35 38 63 65 37 64 62 64 66 38 31 36
  33a0:  63 64 62 62 33 36 32 63 33 35 64 35 37 61 37 32
  33b0:  39 33 32 33 37 66 33 34 63 64 30 66 64 65 66 62
  33c0:  66 61 33 34 61 35 63 64 38 64 36 34 39 65 38 33
  33d0:  63 38 66 30 63 66 36 37 38 32 66 66 34 39 63 66
  33e0:  32 34 33 39 32 66 33 63 38 35 00 61 32 39 36 38
  33f0:  32 37 38 32 61 36 65 32 30 63 65 61 61 30 33 33
  3400:  34 33 35 35 36 38 62 65 32 64 31 36 34 62 64 37
  3410:  38 33 35 61 62 35 39 33 30 64 30 62 36 62 30 31
  3420:  62 39 65 37 63 63 66 36 33 62 37 39 30 63 38 36
  3430:  64 36 34 30 36 37 65 63 66 63 65 35 39 31 62 31
  3440:  31 64 32 37 34 35 30 36 33 31 65 30 36 33 35 30
  3450:  65 31 35 32 30 35 62 64 62 34 65 32 32 38 65 39
  3460:  39 63 37 30 37 33 31 61 37 38 64 00 61 39 38 32
  3470:  33 62 61 34 30 34 63 32 66 35 34 33 66 61 62 30
  3480:  34 66 61 64 39 63 36 38 32 38 38 30 31 35 61 66
  3490:  62 39 64 36 36 38 32 39 32 64 35 39 64 34 34 33
  34a0:  63 65 62 34 64 33 33 32 65 35 34 38 61 66 35 64
  34b0:  35 65 63 66 64 32 38 39 64 30 32 31 65 37 62 31
  34c0:  37 65 32 63 38 32 39 33 33 61 66 38 65 39 31 34
  34d0:  36 62 38 33 31 66 39 65 66 38 35 32 33 62 37 33
  34e0:  35 61 64 35 39 65 34 30 32 30 39 32 00 62 38 33
  34f0:  38 38 65 65 31 64 37 66 61 34 37 61 32 31 64 66
  3500:  61 34 36 64 36 30 38 66 39 34 35 37 39 38 38 66
  3510:  35 62 62 33 64 37 38 64 65 62 30 61 34 35 38 63
  3520:  35 30 65 64 36 35 66 61 66 31 39 61 32 63 31 37
  3530:  62 62 63 66 37 30 62 36 37 62 36 35 66 63 61 63
  3540:  61 62 30 64 30 37 34 31 36 63 36 39 34 62 32 65
  3550:  61 62 36 38 65 64 30 61 37 62 61 65 32 39 37 62
  3560:  31 62 39 37 33 63 32 65 61 30 32 33 62 00 35 66
  3570:  66 31 64 34 38 36 31 64 65 34 36 61 35 35 36 39
  3580:  66 33 32 35 38 36 64 66 32 37 61 61 61 64 36 31
  3590:  62 35 63 33 36 62 66 30 34 32 31 37 38 34 31 66
  35a0:  30 61 37 34 34 61 38 31 64 62 65 30 36 39 65 39
  35b0:  62 66 34 66 34 31 34 63 62 38 35 37 33 63 33 61
  35c0:  39 66 39 63 65 32 38 32 35 63 38 33 37 65 63 64
  35d0:  66 35 63 39 35 30 65 39 30 36 31 65 61 34 30 66
  35e0:  61 30 39 63 62 33 36 65 33 62 32 66 30 34 00 63
  35f0:  31 36 37 63 30 61 31 63 31 61 34 35 37 65 37 39
  3600:  36 31 66 61 35 66 38 38 36 38 32 66 64 66 35 35
  3610:  63 61 61 33 39 36 32 30 63 65 37 30 38 38 37 31
  3620:  34 36 30 38 36 35 31 63 39 66 66 31 31 37 66 62
  3630:  36 35 33 61 66 63 61 38 38 61 39 61 64 37 39 61
  3640:  64 37 61 30 62 34 37 61 38 65 35 32 65 64 31 62
  3650:  39 31 37 38 64 34 31 38 66 30 34 34 30 37 64 38
  3660:  64 37 32 33 30 32 63 66 64 38 65 62 61 33 61 00
  3670:  31 37 63 38 32 38 62 63 35 31 64 30 65 30 31 39
  3680:  36 35 31 35 37 65 33 33 39 32 62 36 37 32 32 33
  3690:  35 30 35 38 39 66 36 30 63 30 62 34 39 65 64 65
  36a0:  62 64 33 31 35 62 65 35 38 30 32 38 38 39 34 64
  36b0:  33 39 38 66 34 63 36 39 63 65 37 39 64 38 34 61
  36c0:  61 34 64 63 62 34 61 30 38 31 65 38 37 64 61 35
  36d0:  33 62 34 30 62 65 32 35 64 30 63 35 36 35 31 39
  36e0:  61 66 61 30 66 63 34 61 64 34 64 30 36 64 61 39
  36f0:  00 31 35 31 32 38 33 32 33 61 33 31 30 38 30 30
  3700:  36 38 32 30 37 32 39 65 31 63 66 66 32 63 65 61
  3710:  32 39 65 37 30 37 63 61 39 38 39 32 66 30 66 66
  3720:  61 62 31 39 37 33 64 33 61 66 63 64 64 39 35 65
  3730:  35 63 34 61 32 36 35 37 63 61 30 30 61 38 37 32
  3740:  39 33 38 62 62 30 36 31 39 35 66 34 30 33 61 37
  3750:  66 38 66 63 64 32 32 32 39 37 37 62 61 33 65 38
  3760:  30 63 65 66 66 33 39 61 34 35 35 34 38 38 35 32
  3770:  34 00 37 37 37 65 63 64 37 66 30 64 65 31 36 33
  3780:  64 66 64 37 33 32 33 37 36 64 31 38 62 35 37 34
  3790:  64 36 30 37 33 61 65 39 38 36 36 37 64 65 64 64
  37a0:  63 38 35 33 62 39 65 30 30 61 33 62 33 31 39 39
  37b0:  63 36 66 32 31 66 37 32 37 38 61 39 65 31 64 62
  37c0:  63 63 63 30 65 62 34 61 38 34 31 65 34 34 30 33
  37d0:  34 62 61 35 65 34 66 39 62 34 66 65 63 61 64 62
  37e0:  66 39 31 31 30 63 37 39 64 30 33 32 64 66 38 30
  37f0:  37 33 00 36 38 65 31 62 34 62 39 35 65 37 39 37
  3800:  30 33 31 39 64 66 38 34 37 63 65 39 39 35 35 61
  3810:  39 61 30 64 64 30 36 64 62 30 65 33 34 62 32 37
  3820:  36 37 34 62 37 35 36 30 37 64 64 32 61 30 36 62
  3830:  63 64 38 61 34 30 63 38 39 32 33 36 62 30 35 66
  3840:  64 65 37 61 31 39 39 61 35 38 31 36 30 34 33 38
  3850:  36 31 37 32 32 38 63 65 33 31 32 32 37 36 37 33
  3860:  30 37 38 36 61 31 64 33 33 61 39 65 62 38 61 66
  3870:  66 63 61 00 64 63 65 62 36 38 61 34 33 63 31 31
  3880:  39 39 66 62 32 62 64 63 31 64 30 64 35 39 30 61
  3890:  33 66 39 66 65 63 65 62 33 39 30 65 62 65 39 31
  38a0:  35 34 61 31 63 36 65 33 65 37 66 33 33 36 32 36
  38b0:  39 65 62 35 62 35 65 33 31 37 31 32 36 39 36 39
  38c0:  64 35 32 37 35 36 39 62 62 36 30 66 61 33 64 39
  38d0:  63 61 30 63 31 37 64 33 61 37 31 38 34 30 37 65
  38e0:  38 31 34 66 62 35 31 65 31 35 31 36 37 33 66 66
  38f0:  32 36 61 35 00 32 30 66 64 63 31 61 38 65 38 34
  3900:  36 33 31 62 37 66 32 62 62 31 36 35 63 65 63 35
  3910:  35 61 31 33 61 62 66 38 66 63 61 30 64 35 64 65
  3920:  61 31 31 63 66 37 33 35 61 66 64 33 30 38 61 65
  3930:  32 34 61 36 64 33 33 36 65 30 63 62 30 38 36 36
  3940:  66 64 32 36 33 33 36 61 37 37 32 61 61 65 61 33
  3950:  37 61 37 37 36 65 61 63 61 62 64 31 31 31 33 37
  3960:  62 33 35 35 33 32 39 32 33 66 66 63 65 31 64 61
  3970:  36 37 36 38 35 00 36 36 35 62 36 32 65 38 38 30
  3980:  64 30 33 64 65 30 33 62 63 38 37 38 63 66 30 33
  3990:  64 38 63 62 62 66 38 65 34 65 35 36 39 31 65 65
  39a0:  37 33 31 63 31 62 37 39 66 38 32 61 66 32 62 65
  39b0:  63 65 65 38 62 65 38 31 66 38 35 38 34 31 35 66
  39c0:  38 64 30 34 38 34 64 63 34 34 64 31 61 64 31 32
  39d0:  34 35 61 35 65 32 31 30 35 63 31 30 63 30 34 31
  39e0:  31 66 31 34 65 62 35 30 32 62 39 64 33 39 34 34
  39f0:  36 33 39 30 37 61 00 63 33 65 35 63 30 62 61 35
  3a00:  61 31 64 63 38 39 36 33 61 32 64 38 63 31 63 30
  3a10:  66 37 65 37 37 66 64 64 39 36 36 36 33 65 64 34
  3a20:  34 65 34 37 34 30 36 35 36 38 32 36 39 63 31 38
  3a30:  65 35 64 32 39 31 30 34 65 64 66 65 34 66 31 64
  3a40:  39 65 63 34 33 65 65 62 35 63 37 31 63 30 63 66
  3a50:  32 35 38 30 35 39 30 34 31 38 66 64 30 35 39 31
  3a60:  63 65 65 31 36 30 66 61 30 62 31 63 33 30 30 65
  3a70:  36 65 37 32 62 34 34 00 63 31 61 35 66 64 38 39
  3a80:  62 63 32 31 63 64 30 35 34 66 33 39 31 35 37 62
  3a90:  63 31 30 31 35 31 39 32 37 39 62 37 63 63 39 34
  3aa0:  38 38 32 31 63 65 63 35 32 61 65 30 30 38 35 66
  3ab0:  34 38 36 30 38 36 38 39 39 37 30 38 38 35 32 62
  3ac0:  63 38 65 33 38 61 33 32 34 39 64 61 37 33 62 35
  3ad0:  31 34 66 36 37 32 38 66 61 61 64 34 32 64 66 37
  3ae0:  36 62 36 32 32 34 66 65 36 34 65 33 66 30 65 35
  3af0:  30 33 31 36 30 33 37 37 00 31 35 61 66 37 38 38
  3b00:  34 62 63 30 65 38 62 64 33 37 38 36 63 66 65 33
  3b10:  65 34 38 62 66 35 33 31 62 66 37 36 34 30 35 33
  3b20:  65 66 39 63 63 61 30 31 39 33 32 36 30 37 37 30
  3b30:  30 64 65 34 61 64 35 33 65 62 38 66 66 30 37 33
  3b40:  33 30 65 61 64 30 64 37 37 65 31 39 36 63 65 31
  3b50:  30 30 30 36 38 38 62 31 30 62 36 64 63 66 35 38
  3b60:  34 32 35 30 39 62 64 35 38 62 30 34 34 30 30 39
  3b70:  33 33 30 32 62 62 38 65 34 00 35 63 35 65 63 63
  3b80:  65 38 39 32 39 33 39 66 64 65 36 36 31 38 62 66
  3b90:  32 35 37 30 30 61 30 62 34 30 34 30 33 31 34 37
  3ba0:  30 61 34 39 30 38 63 31 31 62 64 38 36 35 66 30
  3bb0:  31 65 64 63 61 36 39 61 35 64 32 64 30 64 33 30
  3bc0:  39 62 66 39 34 30 66 33 30 37 32 36 34 37 30 37
  3bd0:  35 62 35 39 33 66 30 31 32 63 39 63 65 39 38 64
  3be0:  64 30 35 33 32 61 34 33 62 35 32 31 38 39 37 63
  3bf0:  65 39 30 65 63 31 64 61 66 63 00 63 61 32 33 65
  3c00:  61 31 31 65 32 63 33 38 33 66 64 32 66 38 65 32
  3c10:  33 63 66 31 30 66 34 64 61 31 66 39 35 38 31 65
  3c20:  39 35 32 61 36 31 61 61 61 30 34 36 63 36 62 63
  3c30:  39 39 30 63 39 66 39 66 62 34 35 34 35 30 34 62
  3c40:  61 31 66 65 31 61 66 33 61 31 34 37 62 65 38 31
  3c50:  39 34 39 31 33 66 62 37 66 31 61 62 65 61 64 33
  3c60:  35 36 63 62 65 63 61 65 66 31 62 64 39 39 30 30
  3c70:  63 32 39 38 36 35 39 32 65 35 66 00 31 66 39 62
  3c80:  39 64 32 66 62 64 30 62 36 32 38 64 64 63 36 66
  3c90:  31 30 35 37 36 37 34 36 34 62 37 31 37 64 30 34
  3ca0:  30 30 32 33 35 30 62 33 65 64 31 39 37 37 31 66
  3cb0:  62 35 31 30 31 32 36 30 65 62 35 30 36 65 30 32
  3cc0:  61 35 64 32 38 39 39 35 62 63 62 66 66 32 36 63
  3cd0:  36 35 32 37 31 38 37 32 31 65 39 30 63 61 35 33
  3ce0:  37 65 66 35 64 63 38 36 63 33 61 64 38 39 38 34
  3cf0:  35 61 37 35 61 62 31 38 39 31 30 66 00 65 37 64
  3d00:  32 32 31 38 36 63 32 66 32 33 63 62 34 61 37 36
  3d10:  63 34 65 32 37 34 63 61 34 38 63 64 37 62 35 62
  3d20:  32 61 38 64 66 38 39 31 32 32 35 36 32 34 64 31
  3d30:  65 35 65 37 61 33 61 35 37 34 61 35 35 61 64 65
  3d40:  38 64 63 39 39 37 32 38 66 65 39 64 36 64 38 35
  3d50:  62 35 61 62 31 38 64 32 32 34 32 30 37 63 64 64
  3d60:  32 30 61 33 64 64 62 64 62 65 32 62 38 30 32 34
  3d70:  35 61 30 36 63 65 34 30 37 36 63 32 61 00 62 37
  3d80:  31 64 37 65 66 39 37 32 39 34 61 64 36 65 63 64
  3d90:  63 30 66 61 64 36 31 65 39 63 66 66 61 37 38 32
  3da0:  34 38 30 33 35 65 30 37 37 31 65 38 34 32 36 39
  3db0:  61 32 65 64 35 31 62 36 63 66 62 63 32 61 62 65
  3dc0:  37 32 35 31 35 32 61 61 63 39 37 62 65 62 31 64
  3dd0:  66 34 37 35 30 32 38 63 38 61 61 62 32 61 66 33
  3de0:  30 30 36 66 33 33 34 36 30 36 37 30 30 30 64 37
  3df0:  39 32 66 30 66 39 66 37 38 32 64 38 35 39 00 64
  3e00:  35 66 39 34 66 64 62 63 39 30 64 37 61 34 62 37
  3e10:  66 62 30 32 32 64 66 32 33 62 65 33 66 32 35 31
  3e20:  37 65 65 64 38 30 66 39 61 34 36 37 66 34 38 31
  3e30:  35 37 35 38 65 37 34 38 33 30 31 61 39 63 36 65
  3e40:  61 37 33 32 32 38 39 61 35 37 30 35 35 37 66 36
  3e50:  39 32 63 37 38 36 32 33 34 61 36 64 36 39 33 66
  3e60:  38 66 36 35 38 33 38 39 63 37 39 62 66 63 32 30
  3e70:  63 61 36 66 33 35 36 32 33 64 63 62 61 33 38 00
  3e80:  33 63 31 38 64 34 30 34 35 66 31 35 66 34 39 63
  3e90:  36 66 37 36 35 65 32 37 32 32 36 39 38 35 61 62
  3ea0:  35 64 31 39 38 31 64 39 31 30 61 34 63 61 61 65
  3eb0:  62 31 39 61 30 37 64 35 30 33 39 65 37 38 31 36
  3ec0:  35 36 36 39 39 62 37 65 39 63 66 61 35 35 34 35
  3ed0:  65 64 65 34 39 31 30 37 62 39 36 64 35 35 66 66
  3ee0:  30 62 65 30 35 30 62 63 61 32 65 65 34 32 61 32
  3ef0:  34 37 64 31 36 66 36 31 36 32 30 62 66 36 34 30
  3f00:  00 35 65 61 33 65 64 32 66 61 63 35 37 32 36 32
  3f10:  65 38 35 30 66 35 62 65 35 30 31 33 63 33 38 62
  3f20:  39 30 35 35 33 36 62 32 35 66 63 30 65 32 65 31
  3f30:  37 33 64 36 39 32 65 39 32 62 32 36 33 32 65 38
  3f40:  34 64 32 33 63 66 30 64 64 63 33 39 61 32 32 63
  3f50:  62 65 66 36 32 39 34 34 65 34 36 63 39 62 63 37
  3f60:  31 62 64 37 64 66 36 61 31 39 37 33 64 31 36 34
  3f70:  35 36 34 32 62 38 33 64 36 38 32 63 30 36 32 36
  3f80:  66 00 34 65 65 39 39 62 39 64 63 61 32 61 66 37
  3f90:  66 38 37 35 61 62 37 35 62 32 38 65 62 38 37 65
  3fa0:  64 64 37 31 62 63 63 61 38 39 30 66 62 39 66 30
  3fb0:  61 34 34 65 64 65 32 35 64 65 36 37 38 39 32 31
  3fc0:  65 66 30 65 65 30 31 32 30 33 31 34 65 63 38 64
  3fd0:  38 63 31 61 31 64 38 62 31 37 33 62 35 39 30 35
  3fe0:  63 31 37 64 61 37 62 38 30 66 61 38 30 32 37 65
  3ff0:  39 66 31 35 33 63 36 37 65 31 39 38 38 64 30 36
  4000:  34 36 00 35 38 61 33 38 65 63 34 61 33 39 62 33
  4010:  63 34 65 38 31 35 65 66 32 65 33 35 65 30 30 66
  4020:  64 36 30 65 66 39 65 65 34 36 38 64 32 61 62 62
  4030:  39 64 64 34 64 33 32 31 65 33 36 61 32 63 62 62
  4040:  62 63 33 38 65 38 61 65 33 63 35 61 38 65 65 65
  4050:  38 65 65 30 62 66 31 36 30 34 62 34 35 61 38 30
  4060:  32 38 38 37 64 32 39 34 62 66 32 37 65 63 66 35
  4070:  32 34 65 34 35 33 65 35 65 63 64 37 36 38 30 36
  4080:  63 30 35 00 36 32 37 39 39 35 31 63 64 30 33 64
  4090:  38 35 65 61 63 62 33 63 65 35 36 37 61 61 63 33
  40a0:  36 36 37 35 63 35 33 32 35 62 65 30 63 65 30 38
  40b0:  62 66 33 39 31 31 62 30 63 31 37 38 64 31 64 65
  40c0:  34 32 36 31 62 66 38 34 38 35 62 31 39 62 36 35
  40d0:  64 35 35 37 36 61 37 36 66 36 62 64 35 38 30 61
  40e0:  38 34 64 36 37 31 30 39 64 33 32 63 35 33 35 62
  40f0:  64 39 66 35 63 35 64 32 63 64 37 36 38 34 38 36
  4100:  39 32 63 63 00 37 38 34 34 31 64 33 37 63 36 33
  4110:  63 61 31 35 64 61 35 37 32 33 62 65 61 30 63 36
  4120:  37 38 39 65 62 32 61 63 37 35 66 34 61 65 65 36
  4130:  62 61 35 65 62 63 61 35 64 31 31 34 35 65 37 34
  4140:  61 61 32 62 65 34 31 35 32 62 39 63 33 36 33 31
  4150:  37 36 31 30 33 34 30 37 65 65 66 65 63 62 36 61
  4160:  34 63 31 32 37 65 38 34 32 36 63 65 65 35 66 33
  4170:  63 64 39 31 37 33 39 39 31 62 35 61 32 39 65 35
  4180:  34 65 65 35 38 00 31 35 36 32 31 64 63 32 65 63
  4190:  66 39 62 35 36 62 39 33 38 32 34 38 37 61 66 34
  41a0:  32 65 38 63 38 65 37 61 30 33 39 63 31 35 31 38
  41b0:  33 66 35 31 61 38 64 61 31 63 39 61 39 61 33 63
  41c0:  34 61 36 66 37 61 37 31 33 66 32 62 35 39 34 61
  41d0:  65 66 39 62 37 66 39 34 35 34 32 36 32 61 33 39
  41e0:  32 65 61 31 64 62 37 36 38 32 35 65 36 61 66 66
  41f0:  33 33 32 61 61 66 32 32 62 61 39 62 39 32 30 30
  4200:  34 62 65 65 64 34 00 62 61 38 63 33 33 33 31 37
  4210:  39 61 33 66 39 34 37 66 61 63 39 35 65 61 39 36
  4220:  32 37 35 39 63 37 66 63 38 39 61 66 66 31 63 63
  4230:  66 36 62 36 34 66 65 36 64 62 63 35 31 32 31 39
  4240:  31 32 61 33 65 37 30 65 30 62 61 65 61 61 63 39
  4250:  30 63 31 38 62 62 30 39 65 30 62 66 33 30 38 33
  4260:  38 36 34 39 64 37 66 33 65 62 33 38 31 31 38 33
  4270:  35 61 64 31 34 37 36 30 38 35 37 35 37 62 33 64
  4280:  30 32 34 35 38 61 38 00 64 66 39 36 66 34 36 33
  4290:  39 61 66 34 34 37 66 30 39 62 39 32 33 64 64 31
  42a0:  39 62 31 33 66 32 62 30 37 61 30 31 63 39 33 61
  42b0:  39 31 38 30 36 30 66 65 30 31 38 63 61 38 61 33
  42c0:  34 35 39 33 33 32 30 32 35 37 37 61 36 66 34 35
  42d0:  61 38 39 39 32 37 36 37 30 30 32 34 37 33 32 34
  42e0:  66 66 66 62 33 61 30 65 65 35 63 34 33 39 66 33
  42f0:  62 65 38 34 66 61 32 33 38 62 65 31 65 36 32 37
  4300:  34 61 37 34 37 33 37 61 00 61 63 35 37 66 36 33
  4310:  61 34 66 66 34 64 66 33 64 32 38 64 66 33 64 33
  4320:  34 62 66 30 66 65 36 65 62 36 38 64 39 38 33 38
  4330:  39 39 62 35 62 63 31 31 32 61 65 64 61 38 66 32
  4340:  65 62 34 32 35 36 38 30 37 64 32 62 37 63 36 30
  4350:  61 63 34 63 30 39 30 37 31 66 35 64 37 64 38 61
  4360:  64 63 62 39 36 33 34 31 64 35 33 31 37 34 61 38
  4370:  62 66 62 32 39 39 32 38 62 34 63 66 64 38 62 33
  4380:  63 30 64 34 38 65 65 33 64 00 62 33 30 36 66 31
  4390:  33 62 63 35 39 38 33 63 66 64 62 36 36 65 37 37
  43a0:  35 66 32 31 36 35 38 38 66 37 38 61 61 31 65 64
  43b0:  32 38 36 37 39 39 34 66 33 63 36 35 61 31 38 63
  43c0:  63 66 38 66 66 33 32 33 63 61 31 61 61 30 66 33
  43d0:  39 31 32 38 35 31 32 30 64 37 32 39 34 31 63 30
  43e0:  64 64 62 66 61 66 65 63 65 31 63 35 33 39 63 30
  43f0:  32 33 34 64 34 66 30 62 39 63 37 61 65 30 32 39
  4400:  38 32 64 30 62 31 37 64 39 65 00 65 64 65 36 61
  4410:  32 66 63 62 36 65 34 30 33 63 37 37 33 39 35 65
  4420:  32 37 65 62 34 38 66 65 39 39 36 39 35 65 61 37
  4430:  39 33 66 63 35 36 36 34 33 35 38 37 62 32 33 36
  4440:  62 62 30 63 39 32 33 62 35 31 63 31 61 32 37 64
  4450:  36 61 32 31 64 62 34 37 34 62 30 30 61 30 36 35
  4460:  64 32 38 36 37 36 65 35 62 66 64 37 35 61 62 66
  4470:  30 34 61 34 30 65 35 61 35 38 62 66 34 37 37 33
  4480:  66 33 33 64 37 38 65 36 35 39 61 00 66 63 33 39
  4490:  62 64 34 38 66 33 62 33 63 39 34 38 35 64 31 61
  44a0:  35 66 38 34 32 34 30 38 36 34 64 36 33 32 30 65
  44b0:  61 37 34 66 35 31 36 33 63 36 63 64 66 64 65 66
  44c0:  34 39 39 61 63 34 31 34 35 37 61 35 38 36 64 63
  44d0:  34 66 30 34 38 38 64 37 61 31 36 35 38 32 31 35
  44e0:  61 34 32 32 37 65 62 63 31 32 32 30 32 65 63 36
  44f0:  34 65 63 37 32 32 36 30 30 30 63 39 34 30 30 37
  4500:  39 33 65 37 37 64 38 37 65 66 39 36 00 38 38 31
  4510:  62 64 35 65 31 39 65 30 36 63 66 65 34 39 31 36
  4520:  39 64 32 32 34 62 64 31 62 38 39 63 66 33 61 36
  4530:  30 37 36 36 66 33 34 32 32 31 31 30 39 63 34 34
  4540:  39 64 38 66 61 38 39 30 65 32 62 37 34 39 31 66
  4550:  65 31 61 37 31 63 34 33 66 66 36 63 33 32 64 63
  4560:  66 38 35 61 65 37 31 39 33 65 62 62 30 35 33 61
  4570:  64 63 30 31 61 33 65 66 34 63 36 61 62 31 64 33
  4580:  65 30 63 39 32 63 39 30 65 32 30 33 66 00 39 36
  4590:  61 37 61 38 39 61 33 38 64 64 35 32 66 65 31 31
  45a0:  32 30 65 35 31 39 31 36 34 31 39 34 38 35 66 35
  45b0:  33 64 32 39 34 65 37 39 64 62 36 66 39 61 38 66
  45c0:  39 65 38 39 37 31 63 32 30 30 61 61 32 32 37 61
  45d0:  32 30 61 66 63 65 34 66 61 63 35 30 62 34 38 62
  45e0:  37 31 37 39 39 36 38 32 66 35 36 37 31 35 66 33
  45f0:  34 63 36 31 35 64 65 36 36 61 32 65 37 38 38 30
  4600:  33 61 64 32 30 38 64 37 34 30 64 30 34 36 00 32
  4610:  66 32 62 38 61 31 31 65 62 39 38 61 66 30 65 37
  4620:  36 31 38 32 39 65 63 35 37 36 34 34 34 65 37 61
  4630:  39 31 64 65 33 66 64 30 65 31 38 35 63 37 31 35
  4640:  31 35 64 34 36 66 31 61 34 65 35 30 31 38 38 39
  4650:  63 65 65 38 35 62 61 62 37 33 32 34 36 34 62 35
  4660:  37 35 38 37 30 35 38 36 38 36 36 33 31 31 37 61
  4670:  64 39 32 36 62 35 38 36 65 33 31 34 64 36 34 32
  4680:  35 37 37 31 38 32 37 36 32 33 30 32 33 30 32 00
  4690:  00 62 31 62 64 66 30 37 64 37 31 61 34 31 32 63
  46a0:  36 37 33 62 38 32 62 61 39 63 32 31 66 39 32 62
  46b0:  65 37 30 34 66 30 66 36 66 64 39 37 38 65 32 31
  46c0:  65 32 64 30 34 65 64 35 65 31 36 30 64 36 38 32
  46d0:  37 36 65 38 39 39 32 30 34 39 30 64 30 63 38 62
  46e0:  39 61 31 63 36 36 61 65 35 35 62 62 34 33 33 64
  46f0:  65 32 65 34 63 39 37 31 36 63 61 33 61 33 64 63
  4700:  61 34 39 34 30 35 36 38 31 39 37 64 34 65 39 36
  4710:  36 00 33 32 65 65 34 63 65 37 37 63 37 38 65 32
  4720:  34 61 66 35 33 33 32 61 62 37 37 66 64 34 39 66
  4730:  66 38 32 36 30 34 30 36 62 37 33 31 61 63 32 66
  4740:  30 63 33 37 38 62 31 66 64 65 61 64 32 32 65 61
  4750:  36 36 34 38 37 65 33 30 35 33 65 38 65 31 66 66
  4760:  35 61 35 37 35 39 62 64 30 30 62 34 37 30 35 38
  4770:  31 66 37 30 34 30 32 33 37 34 35 38 34 34 30 31
  4780:  39 35 35 38 39 63 62 39 33 34 31 32 31 38 61 32
  4790:  66 61 00 62 61 35 34 39 32 31 30 64 37 63 36 38
  47a0:  33 63 39 36 33 32 66 36 61 38 30 64 65 61 66 30
  47b0:  33 31 61 64 31 34 62 32 30 66 64 64 33 64 62 64
  47c0:  35 32 31 65 30 37 36 38 63 31 34 62 38 33 63 36
  47d0:  63 33 39 33 64 33 61 65 35 31 64 38 38 36 30 63
  47e0:  36 63 65 38 38 65 65 63 35 61 65 61 37 30 34 31
  47f0:  66 32 64 38 34 37 32 66 34 63 32 32 62 65 61 65
  4800:  34 32 65 65 62 35 30 39 34 62 37 65 31 63 39 36
  4810:  31 34 63 00 62 32 65 66 35 61 35 39 32 61 62 61
  4820:  37 66 65 31 31 63 33 38 32 30 63 31 66 64 38 30
  4830:  32 61 63 39 62 39 61 31 38 30 31 38 32 37 61 36
  4840:  62 31 37 30 31 30 34 36 39 65 32 62 39 32 35 62
  4850:  33 31 32 34 64 32 30 66 36 39 64 30 38 39 66 66
  4860:  35 31 32 33 32 65 30 38 66 63 39 34 33 39 35 31
  4870:  38 37 35 36 66 66 38 63 33 62 61 62 63 62 64 30
  4880:  34 31 32 61 39 37 31 66 65 39 62 63 65 61 61 32
  4890:  63 65 66 32 00 35 62 62 35 65 33 33 35 38 34 33
  48a0:  32 32 61 37 39 62 39 65 61 36 38 30 37 63 35 31
  48b0:  30 65 34 39 37 36 36 66 63 66 37 30 36 65 61 66
  48c0:  30 63 38 63 66 33 34 33 37 66 34 66 34 63 62 37
  48d0:  34 32 39 64 61 64 32 32 64 33 61 30 32 38 36 65
  48e0:  30 66 37 33 64 32 34 38 62 66 63 65 62 63 30 63
  48f0:  65 35 63 33 35 64 36 33 36 38 34 33 38 62 39 31
  4900:  63 35 62 63 63 37 33 39 61 36 35 38 63 61 31 35
  4910:  64 65 64 30 32 00 39 33 61 37 39 62 33 39 37 30
  4920:  31 61 32 61 64 39 61 65 66 63 61 33 39 34 66 39
  4930:  35 30 65 35 38 66 37 33 65 64 66 36 32 39 37 34
  4940:  66 34 63 64 36 32 38 31 39 36 36 32 31 30 38 39
  4950:  64 37 64 61 33 36 30 38 32 64 32 32 31 61 63 64
  4960:  35 30 31 31 37 34 37 34 37 39 63 65 35 61 36 36
  4970:  62 34 33 31 30 33 33 63 32 61 38 32 39 63 38 65
  4980:  66 35 37 38 30 65 61 36 61 66 62 36 36 64 38 63
  4990:  31 32 62 66 30 35 00 34 62 37 38 31 34 31 36 35
  49a0:  31 32 38 65 30 61 37 38 64 37 63 65 30 34 33 63
  49b0:  37 61 33 34 61 36 31 65 64 31 30 64 65 30 38 34
  49c0:  38 34 65 35 39 63 66 36 62 34 35 62 37 64 34 65
  49d0:  30 34 30 38 30 36 66 39 65 35 35 33 61 63 35 62
  49e0:  31 31 64 34 31 62 63 33 30 34 37 66 65 63 66 61
  49f0:  37 38 30 33 32 62 30 66 61 35 38 34 65 34 39 65
  4a00:  30 36 39 66 61 31 32 30 30 34 66 31 36 38 61 66
  4a10:  30 31 63 35 35 36 64 00 37 61 63 34 65 65 35 64
  4a20:  65 33 63 62 30 63 62 34 36 34 32 36 37 64 33 30
  4a30:  64 62 36 61 36 62 38 63 35 39 39 36 32 61 65 32
  4a40:  31 30 39 63 30 35 39 62 38 35 62 38 31 62 34 33
  4a50:  35 33 32 32 37 31 63 65 32 62 66 39 66 33 31 62
  4a60:  30 64 35 32 34 34 32 36 63 61 34 32 61 39 64 39
  4a70:  39 35 34 34 62 66 63 63 64 65 39 64 34 64 61 32
  4a80:  65 32 63 65 62 34 37 30 64 37 38 61 61 63 37 32
  4a90:  35 32 39 38 63 64 34 62 00 63 33 38 62 63 39 33
  4aa0:  39 38 37 32 64 35 37 34 32 62 30 38 61 38 66 63
  4ab0:  39 37 64 39 37 32 33 64 65 66 30 65 31 62 62 39
  4ac0:  33 33 38 33 62 34 32 34 65 30 66 66 33 30 39 63
  4ad0:  62 30 33 36 34 33 61 37 30 30 34 62 64 34 66 61
  4ae0:  30 64 33 37 32 66 63 34 37 64 35 63 65 37 64 39
  4af0:  64 66 66 31 36 32 31 63 64 34 34 61 63 62 33 31
  4b00:  64 34 34 39 66 34 61 37 34 31 35 35 37 64 30 38
  4b10:  62 31 66 36 35 36 66 66 38 00 65 30 36 61 63 37
  4b20:  61 39 35 32 31 33 65 62 33 61 66 61 35 64 66 38
  4b30:  31 62 39 65 66 38 62 31 64 32 39 61 32 39 36 34
  4b40:  66 37 38 34 36 62 39 64 32 39 39 61 33 63 38 36
  4b50:  38 34 38 31 31 31 33 64 31 65 61 36 36 39 33 61
  4b60:  33 63 38 38 61 33 66 38 63 62 38 66 66 65 61 30
  4b70:  64 65 35 35 38 30 34 31 34 62 63 37 32 34 36 63
  4b80:  63 31 30 30 35 66 66 37 37 38 36 66 34 34 30 33
  4b90:  36 61 34 62 30 62 62 35 66 35 00 00 00 00 00 00
  4ba0:  00 00 00 00 00 00 00 00 00 00 00 00 00 00 00 00
  4bb0:  00 00 00 00 00 00 00 00 00 00 00 00 00 00 00 00
  4bc0:  00 00 00 00 00 00 00 00 00 00 00 00 00 00 00 00
  4bd0:  00 00 00 00 00 00 00 00 00 00 00 00 00 00 00 00
  4be0:  00 00 00 00 00 00 00 00 00 00 00 00 00 00 00 00
  4bf0:  00 00 00 00 00 00 00 00 00 00 00 00 00 00 00 00
  4c00:  00 00 00 00 00 00 00 00 00 00 00 00 00 00 00 00
  4c10:  00 00 00 00 00 00 00 00 00 00 00 00 00 00 00 00
  4c20:  00 00 00 00 00 00 00 00 00 00 00 00 00 00 00 00
  4c30:  00 00 00 00 00 00 00 00 00 00 00 00 00 00 00 00
  4c40:  00 00 00 00 00 00 00 00 00 00 00 00 00 00 00 00
  4c50:  00 00 00 00 00 00 00 00 00 00 00 00 00 00 00 00
  4c60:  00 00 00 00 00 00 00 00 00 00 00 00 00 00 00 00
  4c70:  00 00 00 00 00 00 00 00 00 00 00 00 00 00 00 00
  4c80:  00 00 00 00 00 00 00 00 00 00 00 00 00 00 00 00
  4c90:  00 00 00 00 00 00 00 00 00 00 00 00 00 00 00 00
  4ca0:  00 00 00 00 00 00 00 00 00 00 00 00 00 00 00 00
  4cb0:  00 00 00 00 00 00 00 00 00 00 00 00 00 00 00 00
  4cc0:  00 00 00 00 00 00 00 00 00 00 00 00 00 00 00 00
  4cd0:  00 00 00 00 00 00 00 00 00 00 00 00 00 00 00 00
  4ce0:  00 00 00 00 00 00 00 00 00 00 00 00 00 00 00 00
  4cf0:  00 00 00 00 00 00 00 00 00 00 00 00 00 00 00 00
  4d00:  00 00 00 00 00 00 00 00 00 00 00 00 00 00 00 00
  4d10:  00 00 00 00 00 00 00 00 00 00 00 00 00 00 00 00
  4d20:  00 00 00 00 00 00 00 00 00 00 00 00 00 00 00 00
  4d30:  00 00 00 00 00 00 00 00 00 00 00 00 00 00 00 00
  4d40:  00 00 00 00 00 00 00 00 00 00 00 00 00 00 00 00
  4d50:  00 00 00 00 00 00 00 00 00 00 00 00 00 00 00 00
  4d60:  00 00 00 00 00 00 00 00 00 00 00 00 00 00 00 00
  4d70:  00 00 00 00 00 00 00 00 00 00 00 00 00 00 00 00
  4d80:  00 00 00 00 00 00 00 00 00 00 00 00 00 00 00 00
  4d90:  72 6f 6f 74 00 72 6f 6f 74 00 72 6f 6f 74 00 72
  4da0:  6f 6f 74 00 72 6f 6f 74 00 72 6f 6f 74 00 72 6f
  4db0:  6f 74 00 72 6f 6f 74 00 72 6f 6f 74 00 72 6f 6f
  4dc0:  74 00 72 6f 6f 74 00 72 6f 6f 74 00 72 6f 6f 74
  4dd0:  00 72 6f 6f 74 00 72 6f 6f 74 00 72 6f 6f 74 00
  4de0:  72 6f 6f 74 00 72 6f 6f 74 00 72 6f 6f 74 00 72
  4df0:  6f 6f 74 00 72 6f 6f 74 00 72 6f 6f 74 00 72 6f
  4e00:  6f 74 00 72 6f 6f 74 00 72 6f 6f 74 00 72 6f 6f
  4e10:  74 00 72 6f 6f 74 00 72 6f 6f 74 00 72 6f 6f 74
  4e20:  00 72 6f 6f 74 00 72 6f 6f 74 00 72 6f 6f 74 00
  4e30:  72 6f 6f 74 00 72 6f 6f 74 00 72 6f 6f 74 00 72
  4e40:  6f 6f 74 00 72 6f 6f 74 00 72 6f 6f 74 00 72 6f
  4e50:  6f 74 00 72 6f 6f 74 00 72 6f 6f 74 00 72 6f 6f
  4e60:  74 00 72 6f 6f 74 00 72 6f 6f 74 00 72 6f 6f 74
  4e70:  00 72 6f 6f 74 00 72 6f 6f 74 00 72 6f 6f 74 00
  4e80:  72 6f 6f 74 00 72 6f 6f 74 00 72 6f 6f 74 00 72
  4e90:  6f 6f 74 00 72 6f 6f 74 00 72 6f 6f 74 00 72 6f
  4ea0:  6f 74 00 72 6f 6f 74 00 72 6f 6f 74 00 72 6f 6f
  4eb0:  74 00 72 6f 6f 74 00 72 6f 6f 74 00 72 6f 6f 74
  4ec0:  00 72 6f 6f 74 00 72 6f 6f 74 00 72 6f 6f 74 00
  4ed0:  72 6f 6f 74 00 72 6f 6f 74 00 72 6f 6f 74 00 72
  4ee0:  6f 6f 74 00 72 6f 6f 74 00 72 6f 6f 74 00 72 6f
  4ef0:  6f 74 00 72 6f 6f 74 00 72 6f 6f 74 00 72 6f 6f
  4f00:  74 00 72 6f 6f 74 00 72 6f 6f 74 00 72 6f 6f 74
  4f10:  00 72 6f 6f 74 00 72 6f 6f 74 00 72 6f 6f 74 00
  4f20:  72 6f 6f 74 00 72 6f 6f 74 00 72 6f 6f 74 00 72
  4f30:  6f 6f 74 00 72 6f 6f 74 00 72 6f 6f 74 00 72 6f
  4f40:  6f 74 00 72 6f 6f 74 00 72 6f 6f 74 00 72 6f 6f
  4f50:  74 00 72 6f 6f 74 00 72 6f 6f 74 00 72 6f 6f 74
  4f60:  00 72 6f 6f 74 00 72 6f 6f 74 00 72 6f 6f 74 00
  4f70:  72 6f 6f 74 00 72 6f 6f 74 00 72 6f 6f 74 00 72
  4f80:  6f 6f 74 00 72 6f 6f 74 00 72 6f 6f 74 00 72 6f
  4f90:  6f 74 00 72 6f 6f 74 00 72 6f 6f 74 00 72 6f 6f
  4fa0:  74 00 72 6f 6f 74 00 72 6f 6f 74 00 72 6f 6f 74
  4fb0:  00 72 6f 6f 74 00 72 6f 6f 74 00 72 6f 6f 74 00
  4fc0:  72 6f 6f 74 00 72 6f 6f 74 00 72 6f 6f 74 00 72
  4fd0:  6f 6f 74 00 72 6f 6f 74 00 72 6f 6f 74 00 72 6f
  4fe0:  6f 74 00 72 6f 6f 74 00 72 6f 6f 74 00 72 6f 6f
  4ff0:  74 00 72 6f 6f 74 00 72 6f 6f 74 00 72 6f 6f 74
  5000:  00 72 6f 6f 74 00 72 6f 6f 74 00 72 6f 6f 74 00
  5010:  72 6f 6f 74 00 72 6f 6f 74 00 72 6f 6f 74 00 72
  5020:  6f 6f 74 00 72 6f 6f 74 00 72 6f 6f 74 00 72 6f
  5030:  6f 74 00 72 6f 6f 74 00 72 6f 6f 74 00 72 6f 6f
  5040:  74 00 72 6f 6f 74 00 72 6f 6f 74 00 72 6f 6f 74
  5050:  00 72 6f 6f 74 00 72 6f 6f 74 00 72 6f 6f 74 00
  5060:  72 6f 6f 74 00 72 6f 6f 74 00 72 6f 6f 74 00 72
  5070:  6f 6f 74 00 72 6f 6f 74 00 72 6f 6f 74 00 72 6f
  5080:  6f 74 00 72 6f 6f 74 00 72 6f 6f 74 00 72 6f 6f
  5090:  74 00 72 6f 6f 74 00 72 6f 6f 74 00 72 6f 6f 74
  50a0:  00 72 6f 6f 74 00 72 6f 6f 74 00 72 6f 6f 74 00
  50b0:  72 6f 6f 74 00 72 6f 6f 74 00 72 6f 6f 74 00 72
  50c0:  6f 6f 74 00 72 6f 6f 74 00 72 6f 6f 74 00 72 6f
  50d0:  6f 74 00 72 6f 6f 74 00 72 6f 6f 74 00 72 6f 6f
  50e0:  74 00 72 6f 6f 74 00 72 6f 6f 74 00 72 6f 6f 74
  50f0:  00 72 6f 6f 74 00 72 6f 6f 74 00 72 6f 6f 74 00
  5100:  72 6f 6f 74 00 72 6f 6f 74 00 72 6f 6f 74 00 72
  5110:  6f 6f 74 00 72 6f 6f 74 00 72 6f 6f 74 00 72 6f
  5120:  6f 74 00 72 6f 6f 74 00 72 6f 6f 74 00 72 6f 6f
  5130:  74 00 72 6f 6f 74 00 72 6f 6f 74 00 72 6f 6f 74
  5140:  00 72 6f 6f 74 00 72 6f 6f 74 00 72 6f 6f 74 00
  5150:  72 6f 6f 74 00 72 6f 6f 74 00 72 6f 6f 74 00 72
  5160:  6f 6f 74 00 72 6f 6f 74 00 72 6f 6f 74 00 72 6f
  5170:  6f 74 00 72 6f 6f 74 00 63 75 64 61 2d 72 65 70
  5180:  6f 2d 72 68 65 6c 38 2d 31 32 2d 34 2d 6c 6f 63
  5190:  61 6c 2d 31 32 2e 34 2e 31 5f 35 35 30 2e 35 34
  51a0:  2e 31 35 2d 31 2e 73 72 63 2e 72 70 6d 00 00 00
  51b0:  ff ff ff ff ff ff ff ff ff ff ff ff ff ff ff ff
  51c0:  ff ff ff ff ff ff ff ff ff ff ff ff ff ff ff ff
  51d0:  ff ff ff ff ff ff ff ff ff ff ff ff ff ff ff ff
  51e0:  ff ff ff ff ff ff ff ff ff ff ff ff ff ff ff ff
  51f0:  ff ff ff ff ff ff ff ff ff ff ff ff ff ff ff ff
  5200:  ff ff ff ff ff ff ff ff ff ff ff ff ff ff ff ff
  5210:  ff ff ff ff ff ff ff ff ff ff ff ff ff ff ff ff
  5220:  ff ff ff ff ff ff ff ff ff ff ff ff ff ff ff ff
  5230:  ff ff ff ff ff ff ff ff ff ff ff ff ff ff ff ff
  5240:  ff ff ff ff ff ff ff ff ff ff ff ff ff ff ff ff
  5250:  ff ff ff ff ff ff ff ff ff ff ff ff ff ff ff ff
  5260:  ff ff ff ff ff ff ff ff ff ff ff ff ff ff ff ff
  5270:  ff ff ff ff ff ff ff ff ff ff ff ff ff ff ff ff
  5280:  ff ff ff ff ff ff ff ff ff ff ff ff ff ff ff ff
  5290:  ff ff ff ff ff ff ff ff ff ff ff ff ff ff ff ff
  52a0:  ff ff ff ff ff ff ff ff ff ff ff ff ff ff ff ff
  52b0:  ff ff ff ff ff ff ff ff ff ff ff ff ff ff ff ff
  52c0:  ff ff ff ff ff ff ff ff ff ff ff ff ff ff ff ff
  52d0:  ff ff ff ff ff ff ff ff ff ff ff ff ff ff ff ff
  52e0:  ff ff ff ff ff ff ff ff ff ff ff ff ff ff ff ff
  52f0:  ff ff ff ff ff ff ff ff ff ff ff ff ff ff ff ff
  5300:  ff ff ff ff ff ff ff ff ff ff ff ff ff ff ff ff
  5310:  ff ff ff ff ff ff ff ff ff ff ff ff ff ff ff ff
  5320:  ff ff ff ff ff ff ff ff ff ff ff ff ff ff ff ff
  5330:  ff ff ff ff ff ff ff ff ff ff ff ff ff ff ff ff
  5340:  63 75 64 61 2d 72 65 70 6f 2d 72 68 65 6c 38 2d
  5350:  31 32 2d 34 2d 6c 6f 63 61 6c 00 63 75 64 61 2d
  5360:  72 65 70 6f 2d 72 68 65 6c 38 2d 31 32 2d 34 2d
  5370:  6c 6f 63 61 6c 28 70 70 63 2d 36 34 29 00 00 00
  5380:  01 00 00 0a 01 00 00 0a 01 00 00 0a 72 70 6d 6c
  5390:  69 62 28 43 6f 6d 70 72 65 73 73 65 64 46 69 6c
  53a0:  65 4e 61 6d 65 73 29 00 72 70 6d 6c 69 62 28 46
  53b0:  69 6c 65 44 69 67 65 73 74 73 29 00 72 70 6d 6c
  53c0:  69 62 28 50 61 79 6c 6f 61 64 46 69 6c 65 73 48
  53d0:  61 76 65 50 72 65 66 69 78 29 00 33 2e 30 2e 34
  53e0:  2d 31 00 34 2e 36 2e 30 2d 31 00 34 2e 30 2d 31
  53f0:  00 34 2e 31 36 2e 31 2e 33 00 30 35 64 36 62 31
  5400:  65 31 62 62 32 30 20 31 37 31 31 36 35 37 31 33
  5410:  39 00 00 00 00 00 00 01 00 00 00 01 00 00 00 01
  5420:  00 00 00 01 00 00 00 01 00 00 00 01 00 00 00 01
  5430:  00 00 00 01 00 00 00 01 00 00 00 01 00 00 00 01
  5440:  00 00 00 01 00 00 00 01 00 00 00 01 00 00 00 01
  5450:  00 00 00 01 00 00 00 01 00 00 00 01 00 00 00 01
  5460:  00 00 00 01 00 00 00 01 00 00 00 01 00 00 00 01
  5470:  00 00 00 01 00 00 00 01 00 00 00 01 00 00 00 01
  5480:  00 00 00 01 00 00 00 01 00 00 00 01 00 00 00 01
  5490:  00 00 00 01 00 00 00 01 00 00 00 01 00 00 00 01
  54a0:  00 00 00 01 00 00 00 01 00 00 00 01 00 00 00 01
  54b0:  00 00 00 01 00 00 00 01 00 00 00 01 00 00 00 01
  54c0:  00 00 00 01 00 00 00 01 00 00 00 01 00 00 00 01
  54d0:  00 00 00 01 00 00 00 01 00 00 00 01 00 00 00 01
  54e0:  00 00 00 01 00 00 00 01 00 00 00 01 00 00 00 01
  54f0:  00 00 00 01 00 00 00 01 00 00 00 01 00 00 00 01
  5500:  00 00 00 01 00 00 00 01 00 00 00 01 00 00 00 01
  5510:  00 00 00 01 00 00 00 01 00 00 00 01 00 00 00 01
  5520:  00 00 00 01 00 00 00 01 00 00 00 01 00 00 00 01
  5530:  00 00 00 01 00 00 00 01 00 00 00 01 00 00 00 01
  5540:  00 00 00 01 00 00 00 01 00 00 00 01 00 00 00 01
  5550:  00 00 00 01 00 00 00 01 00 00 00 01 00 00 00 01
  5560:  00 00 00 01 00 00 00 01 00 00 00 01 00 00 00 01
  5570:  00 00 00 01 00 00 00 01 00 00 00 01 00 00 00 01
  5580:  00 00 00 01 00 00 00 01 00 00 00 01 00 00 00 01
  5590:  00 00 00 01 00 00 00 01 00 00 00 01 00 00 00 01
  55a0:  00 00 00 01 00 00 00 01 00 00 00 02 00 00 00 03
  55b0:  00 00 00 04 00 00 00 05 00 00 00 06 00 00 00 07
  55c0:  00 00 00 08 00 00 00 09 00 00 00 0a 00 00 00 0b
  55d0:  00 00 00 0c 00 00 00 0d 00 00 00 0e 00 00 00 0f
  55e0:  00 00 00 10 00 00 00 11 00 00 00 12 00 00 00 13
  55f0:  00 00 00 14 00 00 00 15 00 00 00 16 00 00 00 17
  5600:  00 00 00 18 00 00 00 19 00 00 00 1a 00 00 00 1b
  5610:  00 00 00 1c 00 00 00 1d 00 00 00 1e 00 00 00 1f
  5620:  00 00 00 20 00 00 00 21 00 00 00 22 00 00 00 23
  5630:  00 00 00 24 00 00 00 25 00 00 00 26 00 00 00 27
  5640:  00 00 00 28 00 00 00 29 00 00 00 2a 00 00 00 2b
  5650:  00 00 00 2c 00 00 00 2d 00 00 00 2e 00 00 00 2f
  5660:  00 00 00 30 00 00 00 31 00 00 00 32 00 00 00 33
  5670:  00 00 00 34 00 00 00 35 00 00 00 36 00 00 00 37
  5680:  00 00 00 38 00 00 00 39 00 00 00 3a 00 00 00 3b
  5690:  00 00 00 3c 00 00 00 3d 00 00 00 3e 00 00 00 3f
  56a0:  00 00 00 40 00 00 00 41 00 00 00 42 00 00 00 43
  56b0:  00 00 00 44 00 00 00 45 00 00 00 46 00 00 00 47
  56c0:  00 00 00 48 00 00 00 49 00 00 00 4a 00 00 00 4b
  56d0:  00 00 00 4c 00 00 00 4d 00 00 00 4e 00 00 00 4f
  56e0:  00 00 00 50 00 00 00 51 00 00 00 52 00 00 00 53
  56f0:  00 00 00 54 00 00 00 55 00 00 00 56 00 00 00 57
  5700:  00 00 00 58 00 00 00 59 00 00 00 5a 00 00 00 5b
  5710:  00 00 00 5c 00 00 00 5d 00 00 00 5e 00 00 00 5f
  5720:  00 00 00 60 00 00 00 61 00 00 00 62 00 00 00 63
  5730:  00 00 00 64 00 00 00 00 00 00 00 00 00 00 00 00
  5740:  00 00 00 00 00 00 00 00 00 00 00 00 00 00 00 00
  5750:  00 00 00 00 00 00 00 00 00 00 00 00 00 00 00 00
  5760:  00 00 00 00 00 00 00 00 00 00 00 00 00 00 00 00
  5770:  00 00 00 00 00 00 00 00 00 00 00 00 00 00 00 00
  5780:  00 00 00 00 00 00 00 00 00 00 00 00 00 00 00 00
  5790:  00 00 00 00 00 00 00 00 00 00 00 08 00 00 00 08
  57a0:  31 32 2e 34 2e 31 5f 35 35 30 2e 35 34 2e 31 35
  57b0:  2d 31 00 31 32 2e 34 2e 31 5f 35 35 30 2e 35 34
  57c0:  2e 31 35 2d 31 00 00 00 00 00 00 00 00 00 00 01
  57d0:  00 00 00 02 00 00 00 02 00 00 00 02 00 00 00 02
  57e0:  00 00 00 02 00 00 00 02 00 00 00 02 00 00 00 02
  57f0:  00 00 00 02 00 00 00 02 00 00 00 02 00 00 00 02
  5800:  00 00 00 02 00 00 00 02 00 00 00 02 00 00 00 02
  5810:  00 00 00 02 00 00 00 02 00 00 00 02 00 00 00 02
  5820:  00 00 00 02 00 00 00 02 00 00 00 02 00 00 00 02
  5830:  00 00 00 02 00 00 00 02 00 00 00 02 00 00 00 02
  5840:  00 00 00 02 00 00 00 02 00 00 00 02 00 00 00 02
  5850:  00 00 00 02 00 00 00 02 00 00 00 02 00 00 00 02
  5860:  00 00 00 02 00 00 00 02 00 00 00 02 00 00 00 02
  5870:  00 00 00 02 00 00 00 02 00 00 00 02 00 00 00 02
  5880:  00 00 00 02 00 00 00 02 00 00 00 02 00 00 00 02
  5890:  00 00 00 02 00 00 00 02 00 00 00 02 00 00 00 02
  58a0:  00 00 00 02 00 00 00 02 00 00 00 02 00 00 00 02
  58b0:  00 00 00 02 00 00 00 02 00 00 00 02 00 00 00 02
  58c0:  00 00 00 02 00 00 00 02 00 00 00 02 00 00 00 02
  58d0:  00 00 00 02 00 00 00 02 00 00 00 02 00 00 00 02
  58e0:  00 00 00 02 00 00 00 02 00 00 00 02 00 00 00 02
  58f0:  00 00 00 02 00 00 00 02 00 00 00 02 00 00 00 02
  5900:  00 00 00 02 00 00 00 02 00 00 00 02 00 00 00 02
  5910:  00 00 00 02 00 00 00 02 00 00 00 02 00 00 00 02
  5920:  00 00 00 02 00 00 00 02 00 00 00 02 00 00 00 03
  5930:  00 00 00 03 00 00 00 03 00 00 00 03 00 00 00 03
  5940:  00 00 00 03 00 00 00 03 00 00 00 03 00 00 00 03
  5950:  00 00 00 03 00 00 00 02 63 75 64 61 2d 72 68 65
  5960:  6c 38 2d 31 32 2d 34 2d 6c 6f 63 61 6c 2e 72 65
  5970:  70 6f 00 63 75 64 61 2d 72 65 70 6f 2d 72 68 65
  5980:  6c 38 2d 31 32 2d 34 2d 6c 6f 63 61 6c 00 44 46
  5990:  34 30 46 34 35 37 2e 70 75 62 00 4c 6f 63 61 6c
  59a0:  2e 6d 64 35 00 4c 6f 63 61 6c 2e 6d 64 35 2e 67
  59b0:  70 67 00 63 75 64 61 2d 31 32 2d 34 2d 31 32 2e
  59c0:  34 2e 31 2d 31 2e 70 70 63 36 34 6c 65 2e 72 70
  59d0:  6d 00 63 75 64 61 2d 31 32 2e 34 2e 31 2d 31 2e
  59e0:  70 70 63 36 34 6c 65 2e 72 70 6d 00 63 75 64 61
  59f0:  2d 44 46 34 30 46 34 35 37 2d 6b 65 79 72 69 6e
  5a00:  67 2e 67 70 67 00 63 75 64 61 2d 63 63 63 6c 2d
  5a10:  31 32 2d 34 2d 31 32 2e 34 2e 31 32 37 2d 31 2e
  5a20:  70 70 63 36 34 6c 65 2e 72 70 6d 00 63 75 64 61
  5a30:  2d 63 6f 6d 6d 61 6e 64 2d 6c 69 6e 65 2d 74 6f
  5a40:  6f 6c 73 2d 31 32 2d 34 2d 31 32 2e 34 2e 31 2d
  5a50:  31 2e 70 70 63 36 34 6c 65 2e 72 70 6d 00 63 75
  5a60:  64 61 2d 63 6f 6d 70 61 74 2d 31 32 2d 34 2d 35
  5a70:  35 30 2e 35 34 2e 31 35 2d 31 2e 70 70 63 36 34
  5a80:  6c 65 2e 72 70 6d 00 63 75 64 61 2d 63 6f 6d 70
  5a90:  69 6c 65 72 2d 31 32 2d 34 2d 31 32 2e 34 2e 31
  5aa0:  2d 31 2e 70 70 63 36 34 6c 65 2e 72 70 6d 00 63
  5ab0:  75 64 61 2d 63 72 74 2d 31 32 2d 34 2d 31 32 2e
  5ac0:  34 2e 31 33 31 2d 31 2e 70 70 63 36 34 6c 65 2e
  5ad0:  72 70 6d 00 63 75 64 61 2d 63 75 64 61 72 74 2d
  5ae0:  31 32 2d 34 2d 31 32 2e 34 2e 31 32 37 2d 31 2e
  5af0:  70 70 63 36 34 6c 65 2e 72 70 6d 00 63 75 64 61
  5b00:  2d 63 75 64 61 72 74 2d 64 65 76 65 6c 2d 31 32
  5b10:  2d 34 2d 31 32 2e 34 2e 31 32 37 2d 31 2e 70 70
  5b20:  63 36 34 6c 65 2e 72 70 6d 00 63 75 64 61 2d 63
  5b30:  75 6f 62 6a 64 75 6d 70 2d 31 32 2d 34 2d 31 32
  5b40:  2e 34 2e 31 32 37 2d 31 2e 70 70 63 36 34 6c 65
  5b50:  2e 72 70 6d 00 63 75 64 61 2d 63 75 70 74 69 2d
  5b60:  31 32 2d 34 2d 31 32 2e 34 2e 31 32 37 2d 31 2e
  5b70:  70 70 63 36 34 6c 65 2e 72 70 6d 00 63 75 64 61
  5b80:  2d 63 75 78 78 66 69 6c 74 2d 31 32 2d 34 2d 31
  5b90:  32 2e 34 2e 31 32 37 2d 31 2e 70 70 63 36 34 6c
  5ba0:  65 2e 72 70 6d 00 63 75 64 61 2d 64 6f 63 75 6d
  5bb0:  65 6e 74 61 74 69 6f 6e 2d 31 32 2d 34 2d 31 32
  5bc0:  2e 34 2e 31 32 37 2d 31 2e 70 70 63 36 34 6c 65
  5bd0:  2e 72 70 6d 00 63 75 64 61 2d 64 72 69 76 65 72
  5be0:  2d 64 65 76 65 6c 2d 31 32 2d 34 2d 31 32 2e 34
  5bf0:  2e 31 32 37 2d 31 2e 70 70 63 36 34 6c 65 2e 72
  5c00:  70 6d 00 63 75 64 61 2d 64 72 69 76 65 72 73 2d
  5c10:  35 35 30 2e 35 34 2e 31 35 2d 31 2e 70 70 63 36
  5c20:  34 6c 65 2e 72 70 6d 00 63 75 64 61 2d 67 64 62
  5c30:  2d 31 32 2d 34 2d 31 32 2e 34 2e 31 32 37 2d 31
  5c40:  2e 70 70 63 36 34 6c 65 2e 72 70 6d 00 63 75 64
  5c50:  61 2d 67 64 62 2d 73 72 63 2d 31 32 2d 34 2d 31
  5c60:  32 2e 34 2e 31 32 37 2d 31 2e 70 70 63 36 34 6c
  5c70:  65 2e 72 70 6d 00 63 75 64 61 2d 6c 69 62 72 61
  5c80:  72 69 65 73 2d 31 32 2d 34 2d 31 32 2e 34 2e 31
  5c90:  2d 31 2e 70 70 63 36 34 6c 65 2e 72 70 6d 00 63
  5ca0:  75 64 61 2d 6c 69 62 72 61 72 69 65 73 2d 64 65
  5cb0:  76 65 6c 2d 31 32 2d 34 2d 31 32 2e 34 2e 31 2d
  5cc0:  31 2e 70 70 63 36 34 6c 65 2e 72 70 6d 00 63 75
  5cd0:  64 61 2d 6d 69 6e 69 6d 61 6c 2d 62 75 69 6c 64
  5ce0:  2d 31 32 2d 34 2d 31 32 2e 34 2e 31 2d 31 2e 70
  5cf0:  70 63 36 34 6c 65 2e 72 70 6d 00 63 75 64 61 2d
  5d00:  6e 73 69 67 68 74 2d 31 32 2d 34 2d 31 32 2e 34
  5d10:  2e 31 32 37 2d 31 2e 70 70 63 36 34 6c 65 2e 72
  5d20:  70 6d 00 63 75 64 61 2d 6e 73 69 67 68 74 2d 63
  5d30:  6f 6d 70 75 74 65 2d 31 32 2d 34 2d 31 32 2e 34
  5d40:  2e 31 2d 31 2e 70 70 63 36 34 6c 65 2e 72 70 6d
  5d50:  00 63 75 64 61 2d 6e 73 69 67 68 74 2d 73 79 73
  5d60:  74 65 6d 73 2d 31 32 2d 34 2d 31 32 2e 34 2e 31
  5d70:  2d 31 2e 70 70 63 36 34 6c 65 2e 72 70 6d 00 63
  5d80:  75 64 61 2d 6e 76 63 63 2d 31 32 2d 34 2d 31 32
  5d90:  2e 34 2e 31 33 31 2d 31 2e 70 70 63 36 34 6c 65
  5da0:  2e 72 70 6d 00 63 75 64 61 2d 6e 76 64 69 73 61
  5db0:  73 6d 2d 31 32 2d 34 2d 31 32 2e 34 2e 31 32 37
  5dc0:  2d 31 2e 70 70 63 36 34 6c 65 2e 72 70 6d 00 63
  5dd0:  75 64 61 2d 6e 76 6d 6c 2d 64 65 76 65 6c 2d 31
  5de0:  32 2d 34 2d 31 32 2e 34 2e 31 32 37 2d 31 2e 70
  5df0:  70 63 36 34 6c 65 2e 72 70 6d 00 63 75 64 61 2d
  5e00:  6e 76 70 72 6f 66 2d 31 32 2d 34 2d 31 32 2e 34
  5e10:  2e 31 32 37 2d 31 2e 70 70 63 36 34 6c 65 2e 72
  5e20:  70 6d 00 63 75 64 61 2d 6e 76 70 72 75 6e 65 2d
  5e30:  31 32 2d 34 2d 31 32 2e 34 2e 31 32 37 2d 31 2e
  5e40:  70 70 63 36 34 6c 65 2e 72 70 6d 00 63 75 64 61
  5e50:  2d 6e 76 72 74 63 2d 31 32 2d 34 2d 31 32 2e 34
  5e60:  2e 31 32 37 2d 31 2e 70 70 63 36 34 6c 65 2e 72
  5e70:  70 6d 00 63 75 64 61 2d 6e 76 72 74 63 2d 64 65
  5e80:  76 65 6c 2d 31 32 2d 34 2d 31 32 2e 34 2e 31 32
  5e90:  37 2d 31 2e 70 70 63 36 34 6c 65 2e 72 70 6d 00
  5ea0:  63 75 64 61 2d 6e 76 74 78 2d 31 32 2d 34 2d 31
  5eb0:  32 2e 34 2e 31 32 37 2d 31 2e 70 70 63 36 34 6c
  5ec0:  65 2e 72 70 6d 00 63 75 64 61 2d 6e 76 76 6d 2d
  5ed0:  31 32 2d 34 2d 31 32 2e 34 2e 31 33 31 2d 31 2e
  5ee0:  70 70 63 36 34 6c 65 2e 72 70 6d 00 63 75 64 61
  5ef0:  2d 6e 76 76 70 2d 31 32 2d 34 2d 31 32 2e 34 2e
  5f00:  31 32 37 2d 31 2e 70 70 63 36 34 6c 65 2e 72 70
  5f10:  6d 00 63 75 64 61 2d 70 72 6f 66 69 6c 65 72 2d
  5f20:  61 70 69 2d 31 32 2d 34 2d 31 32 2e 34 2e 31 32
  5f30:  37 2d 31 2e 70 70 63 36 34 6c 65 2e 72 70 6d 00
  5f40:  63 75 64 61 2d 72 75 6e 74 69 6d 65 2d 31 32 2d
  5f50:  34 2d 31 32 2e 34 2e 31 2d 31 2e 70 70 63 36 34
  5f60:  6c 65 2e 72 70 6d 00 63 75 64 61 2d 73 61 6e 69
  5f70:  74 69 7a 65 72 2d 31 32 2d 34 2d 31 32 2e 34 2e
  5f80:  31 32 37 2d 31 2e 70 70 63 36 34 6c 65 2e 72 70
  5f90:  6d 00 63 75 64 61 2d 74 6f 6f 6c 6b 69 74 2d 31
  5fa0:  32 2d 31 32 2e 34 2e 31 2d 31 2e 70 70 63 36 34
  5fb0:  6c 65 2e 72 70 6d 00 63 75 64 61 2d 74 6f 6f 6c
  5fc0:  6b 69 74 2d 31 32 2d 34 2d 31 32 2e 34 2e 31 2d
  5fd0:  31 2e 70 70 63 36 34 6c 65 2e 72 70 6d 00 63 75
  5fe0:  64 61 2d 74 6f 6f 6c 6b 69 74 2d 31 32 2d 34 2d
  5ff0:  63 6f 6e 66 69 67 2d 63 6f 6d 6d 6f 6e 2d 31 32
  6000:  2e 34 2e 31 32 37 2d 31 2e 6e 6f 61 72 63 68 2e
  6010:  72 70 6d 00 63 75 64 61 2d 74 6f 6f 6c 6b 69 74
  6020:  2d 31 32 2d 63 6f 6e 66 69 67 2d 63 6f 6d 6d 6f
  6030:  6e 2d 31 32 2e 34 2e 31 32 37 2d 31 2e 6e 6f 61
  6040:  72 63 68 2e 72 70 6d 00 63 75 64 61 2d 74 6f 6f
  6050:  6c 6b 69 74 2d 31 32 2e 34 2e 31 2d 31 2e 70 70
  6060:  63 36 34 6c 65 2e 72 70 6d 00 63 75 64 61 2d 74
  6070:  6f 6f 6c 6b 69 74 2d 63 6f 6e 66 69 67 2d 63 6f
  6080:  6d 6d 6f 6e 2d 31 32 2e 34 2e 31 32 37 2d 31 2e
  6090:  6e 6f 61 72 63 68 2e 72 70 6d 00 63 75 64 61 2d
  60a0:  74 6f 6f 6c 73 2d 31 32 2d 34 2d 31 32 2e 34 2e
  60b0:  31 2d 31 2e 70 70 63 36 34 6c 65 2e 72 70 6d 00
  60c0:  63 75 64 61 2d 76 69 73 75 61 6c 2d 74 6f 6f 6c
  60d0:  73 2d 31 32 2d 34 2d 31 32 2e 34 2e 31 2d 31 2e
  60e0:  70 70 63 36 34 6c 65 2e 72 70 6d 00 64 6e 66 2d
  60f0:  70 6c 75 67 69 6e 2d 6e 76 69 64 69 61 2d 32 2e
  6100:  30 2d 31 2e 65 6c 38 2e 6e 6f 61 72 63 68 2e 72
  6110:  70 6d 00 6b 6d 6f 64 2d 6e 76 69 64 69 61 2d 6c
  6120:  61 74 65 73 74 2d 64 6b 6d 73 2d 35 35 30 2e 35
  6130:  34 2e 31 35 2d 31 2e 65 6c 38 2e 70 70 63 36 34
  6140:  6c 65 2e 72 70 6d 00 6c 69 62 63 75 62 6c 61 73
  6150:  2d 31 32 2d 34 2d 31 32 2e 34 2e 35 2e 38 2d 31
  6160:  2e 70 70 63 36 34 6c 65 2e 72 70 6d 00 6c 69 62
  6170:  63 75 62 6c 61 73 2d 64 65 76 65 6c 2d 31 32 2d
  6180:  34 2d 31 32 2e 34 2e 35 2e 38 2d 31 2e 70 70 63
  6190:  36 34 6c 65 2e 72 70 6d 00 6c 69 62 63 75 66 66
  61a0:  74 2d 31 32 2d 34 2d 31 31 2e 32 2e 31 2e 33 2d
  61b0:  31 2e 70 70 63 36 34 6c 65 2e 72 70 6d 00 6c 69
  61c0:  62 63 75 66 66 74 2d 64 65 76 65 6c 2d 31 32 2d
  61d0:  34 2d 31 31 2e 32 2e 31 2e 33 2d 31 2e 70 70 63
  61e0:  36 34 6c 65 2e 72 70 6d 00 6c 69 62 63 75 72 61
  61f0:  6e 64 2d 31 32 2d 34 2d 31 30 2e 33 2e 35 2e 31
  6200:  34 37 2d 31 2e 70 70 63 36 34 6c 65 2e 72 70 6d
  6210:  00 6c 69 62 63 75 72 61 6e 64 2d 64 65 76 65 6c
  6220:  2d 31 32 2d 34 2d 31 30 2e 33 2e 35 2e 31 34 37
  6230:  2d 31 2e 70 70 63 36 34 6c 65 2e 72 70 6d 00 6c
  6240:  69 62 63 75 73 6f 6c 76 65 72 2d 31 32 2d 34 2d
  6250:  31 31 2e 36 2e 31 2e 39 2d 31 2e 70 70 63 36 34
  6260:  6c 65 2e 72 70 6d 00 6c 69 62 63 75 73 6f 6c 76
  6270:  65 72 2d 64 65 76 65 6c 2d 31 32 2d 34 2d 31 31
  6280:  2e 36 2e 31 2e 39 2d 31 2e 70 70 63 36 34 6c 65
  6290:  2e 72 70 6d 00 6c 69 62 63 75 73 70 61 72 73 65
  62a0:  2d 31 32 2d 34 2d 31 32 2e 33 2e 31 2e 31 37 30
  62b0:  2d 31 2e 70 70 63 36 34 6c 65 2e 72 70 6d 00 6c
  62c0:  69 62 63 75 73 70 61 72 73 65 2d 64 65 76 65 6c
  62d0:  2d 31 32 2d 34 2d 31 32 2e 33 2e 31 2e 31 37 30
  62e0:  2d 31 2e 70 70 63 36 34 6c 65 2e 72 70 6d 00 6c
  62f0:  69 62 6e 70 70 2d 31 32 2d 34 2d 31 32 2e 32 2e
  6300:  35 2e 33 30 2d 31 2e 70 70 63 36 34 6c 65 2e 72
  6310:  70 6d 00 6c 69 62 6e 70 70 2d 64 65 76 65 6c 2d
  6320:  31 32 2d 34 2d 31 32 2e 32 2e 35 2e 33 30 2d 31
  6330:  2e 70 70 63 36 34 6c 65 2e 72 70 6d 00 6c 69 62
  6340:  6e 76 66 61 74 62 69 6e 2d 31 32 2d 34 2d 31 32
  6350:  2e 34 2e 31 32 37 2d 31 2e 70 70 63 36 34 6c 65
  6360:  2e 72 70 6d 00 6c 69 62 6e 76 66 61 74 62 69 6e
  6370:  2d 64 65 76 65 6c 2d 31 32 2d 34 2d 31 32 2e 34
  6380:  2e 31 32 37 2d 31 2e 70 70 63 36 34 6c 65 2e 72
  6390:  70 6d 00 6c 69 62 6e 76 6a 69 74 6c 69 6e 6b 2d
  63a0:  31 32 2d 34 2d 31 32 2e 34 2e 31 32 37 2d 31 2e
  63b0:  70 70 63 36 34 6c 65 2e 72 70 6d 00 6c 69 62 6e
  63c0:  76 6a 69 74 6c 69 6e 6b 2d 64 65 76 65 6c 2d 31
  63d0:  32 2d 34 2d 31 32 2e 34 2e 31 32 37 2d 31 2e 70
  63e0:  70 63 36 34 6c 65 2e 72 70 6d 00 6c 69 62 6e 76
  63f0:  6a 70 65 67 2d 31 32 2d 34 2d 31 32 2e 33 2e 31
  6400:  2e 31 31 37 2d 31 2e 70 70 63 36 34 6c 65 2e 72
  6410:  70 6d 00 6c 69 62 6e 76 6a 70 65 67 2d 64 65 76
  6420:  65 6c 2d 31 32 2d 34 2d 31 32 2e 33 2e 31 2e 31
  6430:  31 37 2d 31 2e 70 70 63 36 34 6c 65 2e 72 70 6d
  6440:  00 6d 6f 64 75 6c 65 73 2e 79 61 6d 6c 00 6e 73
  6450:  69 67 68 74 2d 63 6f 6d 70 75 74 65 2d 32 30 32
  6460:  34 2e 31 2e 31 2d 32 30 32 34 2e 31 2e 31 2e 34
  6470:  2d 31 2e 70 70 63 36 34 6c 65 2e 72 70 6d 00 6e
  6480:  73 69 67 68 74 2d 73 79 73 74 65 6d 73 2d 63 6c
  6490:  69 2d 32 30 32 33 2e 34 2e 34 2d 32 30 32 33 2e
  64a0:  34 2e 34 2e 35 34 5f 33 33 36 38 31 31 39 2d 30
  64b0:  2e 70 70 63 36 34 6c 65 2e 72 70 6d 00 6e 76 69
  64c0:  64 69 61 2d 64 72 69 76 65 72 2d 35 35 30 2e 35
  64d0:  34 2e 31 35 2d 31 2e 65 6c 38 2e 70 70 63 36 34
  64e0:  6c 65 2e 72 70 6d 00 6e 76 69 64 69 61 2d 64 72
  64f0:  69 76 65 72 2d 4e 56 4d 4c 2d 35 35 30 2e 35 34
  6500:  2e 31 35 2d 31 2e 65 6c 38 2e 70 70 63 36 34 6c
  6510:  65 2e 72 70 6d 00 6e 76 69 64 69 61 2d 64 72 69
  6520:  76 65 72 2d 4e 76 46 42 43 4f 70 65 6e 47 4c 2d
  6530:  35 35 30 2e 35 34 2e 31 35 2d 31 2e 65 6c 38 2e
  6540:  70 70 63 36 34 6c 65 2e 72 70 6d 00 6e 76 69 64
  6550:  69 61 2d 64 72 69 76 65 72 2d 63 75 64 61 2d 35
  6560:  35 30 2e 35 34 2e 31 35 2d 31 2e 65 6c 38 2e 70
  6570:  70 63 36 34 6c 65 2e 72 70 6d 00 6e 76 69 64 69
  6580:  61 2d 64 72 69 76 65 72 2d 63 75 64 61 2d 6c 69
  6590:  62 73 2d 35 35 30 2e 35 34 2e 31 35 2d 31 2e 65
  65a0:  6c 38 2e 70 70 63 36 34 6c 65 2e 72 70 6d 00 6e
  65b0:  76 69 64 69 61 2d 64 72 69 76 65 72 2d 64 65 76
  65c0:  65 6c 2d 35 35 30 2e 35 34 2e 31 35 2d 31 2e 65
  65d0:  6c 38 2e 70 70 63 36 34 6c 65 2e 72 70 6d 00 6e
  65e0:  76 69 64 69 61 2d 64 72 69 76 65 72 2d 6c 69 62
  65f0:  73 2d 35 35 30 2e 35 34 2e 31 35 2d 31 2e 65 6c
  6600:  38 2e 70 70 63 36 34 6c 65 2e 72 70 6d 00 6e 76
  6610:  69 64 69 61 2d 6b 6d 6f 64 2d 63 6f 6d 6d 6f 6e
  6620:  2d 35 35 30 2e 35 34 2e 31 35 2d 31 2e 65 6c 38
  6630:  2e 6e 6f 61 72 63 68 2e 72 70 6d 00 6e 76 69 64
  6640:  69 61 2d 6b 6d 6f 64 2d 68 65 61 64 65 72 73 2d
  6650:  35 35 30 2e 35 34 2e 31 35 2d 31 2e 65 6c 38 2e
  6660:  70 70 63 36 34 6c 65 2e 72 70 6d 00 6e 76 69 64
  6670:  69 61 2d 6c 69 62 58 4e 56 43 74 72 6c 2d 35 35
  6680:  30 2e 35 34 2e 31 35 2d 31 2e 65 6c 38 2e 70 70
  6690:  63 36 34 6c 65 2e 72 70 6d 00 6e 76 69 64 69 61
  66a0:  2d 6c 69 62 58 4e 56 43 74 72 6c 2d 64 65 76 65
  66b0:  6c 2d 35 35 30 2e 35 34 2e 31 35 2d 31 2e 65 6c
  66c0:  38 2e 70 70 63 36 34 6c 65 2e 72 70 6d 00 6e 76
  66d0:  69 64 69 61 2d 6d 6f 64 70 72 6f 62 65 2d 35 35
  66e0:  30 2e 35 34 2e 31 35 2d 31 2e 65 6c 38 2e 70 70
  66f0:  63 36 34 6c 65 2e 72 70 6d 00 6e 76 69 64 69 61
  6700:  2d 70 65 72 73 69 73 74 65 6e 63 65 64 2d 35 35
  6710:  30 2e 35 34 2e 31 35 2d 31 2e 65 6c 38 2e 70 70
  6720:  63 36 34 6c 65 2e 72 70 6d 00 6e 76 69 64 69 61
  6730:  2d 73 65 74 74 69 6e 67 73 2d 35 35 30 2e 35 34
  6740:  2e 31 35 2d 31 2e 65 6c 38 2e 70 70 63 36 34 6c
  6750:  65 2e 72 70 6d 00 6e 76 69 64 69 61 2d 78 63 6f
  6760:  6e 66 69 67 2d 35 35 30 2e 35 34 2e 31 35 2d 31
  6770:  2e 65 6c 38 2e 70 70 63 36 34 6c 65 2e 72 70 6d
  6780:  00 72 65 70 6f 64 61 74 61 00 30 66 61 37 34 37
  6790:  32 33 36 32 66 37 31 38 35 36 31 38 35 38 35 30
  67a0:  62 31 64 63 64 39 32 36 30 66 63 36 34 34 36 61
  67b0:  62 61 66 31 31 30 36 34 38 61 35 32 32 65 61 30
  67c0:  37 33 31 38 37 38 33 30 34 35 2d 6d 6f 64 75 6c
  67d0:  65 73 2e 79 61 6d 6c 2e 67 7a 00 33 63 30 66 31
  67e0:  31 32 63 35 31 37 64 37 38 65 64 33 64 34 30 36
  67f0:  30 66 63 32 35 36 62 37 65 37 38 31 37 61 38 36
  6800:  62 36 64 37 35 39 37 30 64 34 64 63 64 65 34 64
  6810:  34 39 66 35 37 34 32 33 61 35 62 2d 66 69 6c 65
  6820:  6c 69 73 74 73 2e 78 6d 6c 2e 67 7a 00 38 38 34
  6830:  37 34 33 31 64 39 32 63 64 38 64 66 36 36 34 35
  6840:  38 64 31 62 61 35 39 38 65 34 62 30 32 62 34 38
  6850:  39 31 34 66 39 66 32 66 64 63 62 36 36 38 30 35
  6860:  38 64 34 37 62 33 63 63 33 65 38 38 33 2d 66 69
  6870:  6c 65 6c 69 73 74 73 2e 73 71 6c 69 74 65 2e 62
  6880:  7a 32 00 61 33 66 31 37 33 39 61 65 64 30 66 31
  6890:  37 30 30 35 34 38 65 39 63 31 33 65 36 30 37 39
  68a0:  35 62 35 33 62 61 38 38 36 36 34 33 66 33 66 34
  68b0:  66 63 39 64 37 62 37 38 62 37 65 62 35 32 61 64
  68c0:  35 31 36 2d 70 72 69 6d 61 72 79 2e 73 71 6c 69
  68d0:  74 65 2e 62 7a 32 00 62 36 34 61 37 34 36 30 32
  68e0:  39 62 63 66 31 38 35 35 61 32 65 36 37 61 34 65
  68f0:  63 39 64 66 65 36 63 37 66 62 32 33 32 33 63 34
  6900:  65 63 64 61 34 39 63 65 38 37 66 36 35 65 37 64
  6910:  61 62 33 36 35 31 34 2d 6f 74 68 65 72 2e 78 6d
  6920:  6c 2e 67 7a 00 64 61 63 39 34 31 39 35 65 33 30
  6930:  39 64 30 61 66 66 32 39 63 38 33 61 30 33 31 31
  6940:  34 38 66 38 35 36 31 33 30 36 65 64 35 65 63 37
  6950:  31 61 33 30 32 62 65 37 66 63 33 63 64 37 39 63
  6960:  33 62 35 66 38 2d 70 72 69 6d 61 72 79 2e 78 6d
  6970:  6c 2e 67 7a 00 65 63 62 38 61 37 37 32 65 65 63
  6980:  32 37 33 32 35 32 63 33 31 34 36 31 36 34 34 63
  6990:  64 63 65 39 66 65 35 63 62 31 38 66 63 33 66 36
  69a0:  32 33 38 39 63 31 36 32 31 65 62 32 34 61 64 63
  69b0:  63 32 66 31 31 2d 6f 74 68 65 72 2e 73 71 6c 69
  69c0:  74 65 2e 62 7a 32 00 72 65 70 6f 6d 64 2e 78 6d
  69d0:  6c 00 72 65 70 6f 6d 64 2e 78 6d 6c 2e 61 73 63
  69e0:  00 72 65 70 6f 6d 64 2e 78 6d 6c 2e 6b 65 79 00
  69f0:  74 6d 70 00 2f 65 74 63 2f 79 75 6d 2e 72 65 70
  6a00:  6f 73 2e 64 2f 00 2f 76 61 72 2f 00 2f 76 61 72
  6a10:  2f 63 75 64 61 2d 72 65 70 6f 2d 72 68 65 6c 38
  6a20:  2d 31 32 2d 34 2d 6c 6f 63 61 6c 2f 00 2f 76 61
  6a30:  72 2f 63 75 64 61 2d 72 65 70 6f 2d 72 68 65 6c
  6a40:  38 2d 31 32 2d 34 2d 6c 6f 63 61 6c 2f 72 65 70
  6a50:  6f 64 61 74 61 2f 00 2d 4f 32 20 2d 66 6c 74 6f
  6a60:  3d 61 75 74 6f 20 2d 66 66 61 74 2d 6c 74 6f 2d
  6a70:  6f 62 6a 65 63 74 73 20 2d 66 65 78 63 65 70 74
  6a80:  69 6f 6e 73 20 2d 67 20 2d 67 72 65 63 6f 72 64
  6a90:  2d 67 63 63 2d 73 77 69 74 63 68 65 73 20 2d 70
  6aa0:  69 70 65 20 2d 57 61 6c 6c 20 2d 57 65 72 72 6f
  6ab0:  72 3d 66 6f 72 6d 61 74 2d 73 65 63 75 72 69 74
  6ac0:  79 20 2d 57 70 2c 2d 44 5f 46 4f 52 54 49 46 59
  6ad0:  5f 53 4f 55 52 43 45 3d 32 20 2d 57 70 2c 2d 44
  6ae0:  5f 47 4c 49 42 43 58 58 5f 41 53 53 45 52 54 49
  6af0:  4f 4e 53 20 2d 73 70 65 63 73 3d 2f 75 73 72 2f
  6b00:  6c 69 62 2f 72 70 6d 2f 72 65 64 68 61 74 2f 72
  6b10:  65 64 68 61 74 2d 68 61 72 64 65 6e 65 64 2d 63
  6b20:  63 31 20 2d 66 73 74 61 63 6b 2d 70 72 6f 74 65
  6b30:  63 74 6f 72 2d 73 74 72 6f 6e 67 20 2d 73 70 65
  6b40:  63 73 3d 2f 75 73 72 2f 6c 69 62 2f 72 70 6d 2f
  6b50:  72 65 64 68 61 74 2f 72 65 64 68 61 74 2d 61 6e
  6b60:  6e 6f 62 69 6e 2d 63 63 31 20 20 2d 6d 36 34 20
  6b70:  2d 6d 63 70 75 3d 70 6f 77 65 72 39 20 2d 6d 74
  6b80:  75 6e 65 3d 70 6f 77 65 72 39 20 2d 66 61 73 79
  6b90:  6e 63 68 72 6f 6e 6f 75 73 2d 75 6e 77 69 6e 64
  6ba0:  2d 74 61 62 6c 65 73 20 2d 66 73 74 61 63 6b 2d
  6bb0:  63 6c 61 73 68 2d 70 72 6f 74 65 63 74 69 6f 6e
  6bc0:  00 63 70 69 6f 00 67 7a 69 70 00 39 00 70 70 63
  6bd0:  36 34 6c 65 2d 72 65 64 68 61 74 2d 6c 69 6e 75
  6be0:  78 2d 67 6e 75 00 00 00 00 00 00 00 00 00 00 00
  6bf0:  00 00 00 00 00 00 00 00 00 00 00 00 00 00 00 00
  6c00:  00 00 00 00 00 00 00 00 00 00 00 00 00 00 00 00
  6c10:  00 00 00 00 00 00 00 00 00 00 00 00 00 00 00 00
  6c20:  00 00 00 00 00 00 00 00 00 00 00 00 00 00 00 00
  6c30:  00 00 00 00 00 00 00 00 00 00 00 00 00 00 00 00
  6c40:  00 00 00 00 00 00 00 00 00 00 00 00 00 00 00 00
  6c50:  00 00 00 00 00 00 00 00 00 00 00 00 00 00 00 00
  6c60:  00 00 00 00 00 00 00 00 00 00 00 00 00 00 00 00
  6c70:  00 00 00 00 00 00 00 00 00 00 00 00 00 00 00 00
  6c80:  00 00 00 00 00 00 00 00 00 00 00 00 00 00 00 00
  6c90:  00 00 00 00 00 00 00 00 00 00 00 00 00 00 00 00
  6ca0:  00 00 00 00 00 00 00 00 00 00 00 00 00 00 00 00
  6cb0:  00 00 00 00 00 00 00 00 00 00 00 00 00 00 00 00
  6cc0:  00 00 00 00 00 00 00 00 00 00 00 00 00 00 00 00
  6cd0:  00 00 00 00 00 00 00 00 00 00 00 00 00 00 00 00
  6ce0:  00 00 00 00 00 00 00 00 00 00 00 00 00 00 00 00
  6cf0:  00 00 00 00 00 00 00 00 00 00 00 00 00 00 00 00
  6d00:  00 00 00 00 00 00 00 00 00 00 00 00 00 00 00 00
  6d10:  00 00 00 00 00 00 00 00 00 00 00 00 00 00 00 00
  6d20:  00 00 00 00 00 00 00 00 00 00 00 00 00 00 00 00
  6d30:  00 00 00 00 00 00 00 00 00 00 00 00 00 00 00 00
  6d40:  00 00 00 00 00 00 00 00 00 00 00 00 00 00 00 00
  6d50:  00 00 00 00 00 00 00 00 00 00 00 00 00 00 00 00
  6d60:  00 00 00 00 00 00 00 00 00 00 00 00 00 00 00 00
  6d70:  00 00 00 00 00 00 00 00 00 00 00 00 00 00 00 01
  6d80:  00 00 00 02 00 00 00 00 00 00 00 02 00 00 00 03
  6d90:  00 00 00 04 00 00 00 02 00 00 00 05 00 00 00 06
  6da0:  00 00 00 07 00 00 00 08 00 00 00 09 00 00 00 0a
  6db0:  00 00 00 0b 00 00 00 0c 00 00 00 0d 00 00 00 0e
  6dc0:  00 00 00 0f 00 00 00 10 00 00 00 11 00 00 00 12
  6dd0:  00 00 00 13 00 00 00 14 00 00 00 15 00 00 00 16
  6de0:  00 00 00 17 00 00 00 18 00 00 00 19 00 00 00 1a
  6df0:  00 00 00 1b 00 00 00 1c 00 00 00 1d 00 00 00 1e
  6e00:  00 00 00 1f 00 00 00 20 00 00 00 21 00 00 00 22
  6e10:  00 00 00 23 00 00 00 24 00 00 00 25 00 00 00 26
  6e20:  00 00 00 27 00 00 00 28 00 00 00 29 00 00 00 2a
  6e30:  00 00 00 2b 00 00 00 2c 00 00 00 2d 00 00 00 2e
  6e40:  00 00 00 2f 00 00 00 30 00 00 00 31 00 00 00 32
  6e50:  00 00 00 33 00 00 00 34 00 00 00 35 00 00 00 36
  6e60:  00 00 00 37 00 00 00 38 00 00 00 39 00 00 00 3a
  6e70:  00 00 00 3b 00 00 00 3c 00 00 00 3d 00 00 00 3e
  6e80:  00 00 00 3f 00 00 00 40 00 00 00 41 00 00 00 42
  6e90:  00 00 00 00 00 00 00 43 00 00 00 44 00 00 00 45
  6ea0:  00 00 00 46 00 00 00 47 00 00 00 48 00 00 00 49
  6eb0:  00 00 00 4a 00 00 00 4b 00 00 00 4c 00 00 00 4d
  6ec0:  00 00 00 4e 00 00 00 4f 00 00 00 50 00 00 00 51
  6ed0:  00 00 00 52 00 00 00 53 00 00 00 01 00 00 00 54
  6ee0:  00 00 00 55 00 00 00 02 00 00 00 02 00 00 00 55
  6ef0:  00 00 00 55 00 00 00 02 00 00 00 56 00 00 00 02
  6f00:  00 00 00 02 00 00 00 01 41 53 43 49 49 20 74 65
  6f10:  78 74 00 64 69 72 65 63 74 6f 72 79 00 00 52 50
  6f20:  4d 20 76 33 2e 30 20 62 69 6e 20 69 33 38 36 2f
  6f30:  78 38 36 5f 36 34 20 63 75 64 61 2d 31 32 2d 34
  6f40:  2d 31 32 2e 34 2e 31 2d 31 00 52 50 4d 20 76 33
  6f50:  2e 30 20 62 69 6e 20 69 33 38 36 2f 78 38 36 5f
  6f60:  36 34 20 63 75 64 61 2d 31 32 2e 34 2e 31 2d 31
  6f70:  00 52 50 4d 20 76 33 2e 30 20 62 69 6e 20 69 33
  6f80:  38 36 2f 78 38 36 5f 36 34 20 63 75 64 61 2d 63
  6f90:  63 63 6c 2d 31 32 2d 34 2d 31 32 2e 34 2e 31 32
  6fa0:  37 2d 31 00 52 50 4d 20 76 33 2e 30 20 62 69 6e
  6fb0:  20 69 33 38 36 2f 78 38 36 5f 36 34 20 63 75 64
  6fc0:  61 2d 63 6f 6d 6d 61 6e 64 2d 6c 69 6e 65 2d 74
  6fd0:  6f 6f 6c 73 2d 31 32 2d 34 2d 31 32 2e 34 2e 31
  6fe0:  2d 31 00 52 50 4d 20 76 33 2e 30 20 62 69 6e 20
  6ff0:  69 33 38 36 2f 78 38 36 5f 36 34 20 63 75 64 61
  7000:  2d 63 6f 6d 70 61 74 2d 31 32 2d 34 2d 31 3a 35
  7010:  35 30 2e 35 34 2e 31 35 2d 31 00 52 50 4d 20 76
  7020:  33 2e 30 20 62 69 6e 20 69 33 38 36 2f 78 38 36
  7030:  5f 36 34 20 63 75 64 61 2d 63 6f 6d 70 69 6c 65
  7040:  72 2d 31 32 2d 34 2d 31 32 2e 34 2e 31 2d 31 00
  7050:  52 50 4d 20 76 33 2e 30 20 62 69 6e 20 69 33 38
  7060:  36 2f 78 38 36 5f 36 34 20 63 75 64 61 2d 63 72
  7070:  74 2d 31 32 2d 34 2d 31 32 2e 34 2e 31 33 31 2d
  7080:  31 00 52 50 4d 20 76 33 2e 30 20 62 69 6e 20 69
  7090:  33 38 36 2f 78 38 36 5f 36 34 20 63 75 64 61 2d
  70a0:  63 75 64 61 72 74 2d 31 32 2d 34 2d 31 32 2e 34
  70b0:  2e 31 32 37 2d 31 00 52 50 4d 20 76 33 2e 30 20
  70c0:  62 69 6e 20 69 33 38 36 2f 78 38 36 5f 36 34 20
  70d0:  63 75 64 61 2d 63 75 64 61 72 74 2d 64 65 76 65
  70e0:  6c 2d 31 32 2d 34 2d 31 32 2e 34 2e 31 32 37 2d
  70f0:  31 00 52 50 4d 20 76 33 2e 30 20 62 69 6e 20 69
  7100:  33 38 36 2f 78 38 36 5f 36 34 20 63 75 64 61 2d
  7110:  63 75 6f 62 6a 64 75 6d 70 2d 31 32 2d 34 2d 31
  7120:  32 2e 34 2e 31 32 37 2d 31 00 52 50 4d 20 76 33
  7130:  2e 30 20 62 69 6e 20 69 33 38 36 2f 78 38 36 5f
  7140:  36 34 20 63 75 64 61 2d 63 75 70 74 69 2d 31 32
  7150:  2d 34 2d 31 32 2e 34 2e 31 32 37 2d 31 00 52 50
  7160:  4d 20 76 33 2e 30 20 62 69 6e 20 69 33 38 36 2f
  7170:  78 38 36 5f 36 34 20 63 75 64 61 2d 63 75 78 78
  7180:  66 69 6c 74 2d 31 32 2d 34 2d 31 32 2e 34 2e 31
  7190:  32 37 2d 31 00 52 50 4d 20 76 33 2e 30 20 62 69
  71a0:  6e 20 69 33 38 36 2f 78 38 36 5f 36 34 20 63 75
  71b0:  64 61 2d 64 6f 63 75 6d 65 6e 74 61 74 69 6f 6e
  71c0:  2d 31 32 2d 34 2d 31 32 2e 34 2e 31 32 37 2d 31
  71d0:  00 52 50 4d 20 76 33 2e 30 20 62 69 6e 20 69 33
  71e0:  38 36 2f 78 38 36 5f 36 34 20 63 75 64 61 2d 64
  71f0:  72 69 76 65 72 2d 64 65 76 65 6c 2d 31 32 2d 34
  7200:  2d 31 32 2e 34 2e 31 32 37 2d 31 00 52 50 4d 20
  7210:  76 33 2e 30 20 62 69 6e 20 69 33 38 36 2f 78 38
  7220:  36 5f 36 34 20 63 75 64 61 2d 64 72 69 76 65 72
  7230:  73 2d 35 35 30 2e 35 34 2e 31 35 2d 31 00 52 50
  7240:  4d 20 76 33 2e 30 20 62 69 6e 20 69 33 38 36 2f
  7250:  78 38 36 5f 36 34 20 63 75 64 61 2d 67 64 62 2d
  7260:  31 32 2d 34 2d 31 32 2e 34 2e 31 32 37 2d 31 00
  7270:  52 50 4d 20 76 33 2e 30 20 62 69 6e 20 69 33 38
  7280:  36 2f 78 38 36 5f 36 34 20 63 75 64 61 2d 67 64
  7290:  62 2d 73 72 63 2d 31 32 2d 34 2d 31 32 2e 34 2e
  72a0:  31 32 37 2d 31 00 52 50 4d 20 76 33 2e 30 20 62
  72b0:  69 6e 20 69 33 38 36 2f 78 38 36 5f 36 34 20 63
  72c0:  75 64 61 2d 6c 69 62 72 61 72 69 65 73 2d 31 32
  72d0:  2d 34 2d 31 32 2e 34 2e 31 2d 31 00 52 50 4d 20
  72e0:  76 33 2e 30 20 62 69 6e 20 69 33 38 36 2f 78 38
  72f0:  36 5f 36 34 20 63 75 64 61 2d 6c 69 62 72 61 72
  7300:  69 65 73 2d 64 65 76 65 6c 2d 31 32 2d 34 2d 31
  7310:  32 2e 34 2e 31 2d 31 00 52 50 4d 20 76 33 2e 30
  7320:  20 62 69 6e 20 69 33 38 36 2f 78 38 36 5f 36 34
  7330:  20 63 75 64 61 2d 6d 69 6e 69 6d 61 6c 2d 62 75
  7340:  69 6c 64 2d 31 32 2d 34 2d 31 32 2e 34 2e 31 2d
  7350:  31 00 52 50 4d 20 76 33 2e 30 20 62 69 6e 20 69
  7360:  33 38 36 2f 78 38 36 5f 36 34 20 63 75 64 61 2d
  7370:  6e 73 69 67 68 74 2d 31 32 2d 34 2d 31 32 2e 34
  7380:  2e 31 32 37 2d 31 00 52 50 4d 20 76 33 2e 30 20
  7390:  62 69 6e 20 69 33 38 36 2f 78 38 36 5f 36 34 20
  73a0:  63 75 64 61 2d 6e 73 69 67 68 74 2d 63 6f 6d 70
  73b0:  75 74 65 2d 31 32 2d 34 2d 31 32 2e 34 2e 31 2d
  73c0:  31 00 52 50 4d 20 76 33 2e 30 20 62 69 6e 20 69
  73d0:  33 38 36 2f 78 38 36 5f 36 34 20 63 75 64 61 2d
  73e0:  6e 73 69 67 68 74 2d 73 79 73 74 65 6d 73 2d 31
  73f0:  32 2d 34 2d 31 32 2e 34 2e 31 2d 31 00 52 50 4d
  7400:  20 76 33 2e 30 20 62 69 6e 20 69 33 38 36 2f 78
  7410:  38 36 5f 36 34 20 63 75 64 61 2d 6e 76 63 63 2d
  7420:  31 32 2d 34 2d 31 32 2e 34 2e 31 33 31 2d 31 00
  7430:  52 50 4d 20 76 33 2e 30 20 62 69 6e 20 69 33 38
  7440:  36 2f 78 38 36 5f 36 34 20 63 75 64 61 2d 6e 76
  7450:  64 69 73 61 73 6d 2d 31 32 2d 34 2d 31 32 2e 34
  7460:  2e 31 32 37 2d 31 00 52 50 4d 20 76 33 2e 30 20
  7470:  62 69 6e 20 69 33 38 36 2f 78 38 36 5f 36 34 20
  7480:  63 75 64 61 2d 6e 76 6d 6c 2d 64 65 76 65 6c 2d
  7490:  31 32 2d 34 2d 31 32 2e 34 2e 31 32 37 2d 31 00
  74a0:  52 50 4d 20 76 33 2e 30 20 62 69 6e 20 69 33 38
  74b0:  36 2f 78 38 36 5f 36 34 20 63 75 64 61 2d 6e 76
  74c0:  70 72 6f 66 2d 31 32 2d 34 2d 31 32 2e 34 2e 31
  74d0:  32 37 2d 31 00 52 50 4d 20 76 33 2e 30 20 62 69
  74e0:  6e 20 69 33 38 36 2f 78 38 36 5f 36 34 20 63 75
  74f0:  64 61 2d 6e 76 70 72 75 6e 65 2d 31 32 2d 34 2d
  7500:  31 32 2e 34 2e 31 32 37 2d 31 00 52 50 4d 20 76
  7510:  33 2e 30 20 62 69 6e 20 69 33 38 36 2f 78 38 36
  7520:  5f 36 34 20 63 75 64 61 2d 6e 76 72 74 63 2d 31
  7530:  32 2d 34 2d 31 32 2e 34 2e 31 32 37 2d 31 00 52
  7540:  50 4d 20 76 33 2e 30 20 62 69 6e 20 69 33 38 36
  7550:  2f 78 38 36 5f 36 34 20 63 75 64 61 2d 6e 76 72
  7560:  74 63 2d 64 65 76 65 6c 2d 31 32 2d 34 2d 31 32
  7570:  2e 34 2e 31 32 37 2d 31 00 52 50 4d 20 76 33 2e
  7580:  30 20 62 69 6e 20 69 33 38 36 2f 78 38 36 5f 36
  7590:  34 20 63 75 64 61 2d 6e 76 74 78 2d 31 32 2d 34
  75a0:  2d 31 32 2e 34 2e 31 32 37 2d 31 00 52 50 4d 20
  75b0:  76 33 2e 30 20 62 69 6e 20 69 33 38 36 2f 78 38
  75c0:  36 5f 36 34 20 63 75 64 61 2d 6e 76 76 6d 2d 31
  75d0:  32 2d 34 2d 31 32 2e 34 2e 31 33 31 2d 31 00 52
  75e0:  50 4d 20 76 33 2e 30 20 62 69 6e 20 69 33 38 36
  75f0:  2f 78 38 36 5f 36 34 20 63 75 64 61 2d 6e 76 76
  7600:  70 2d 31 32 2d 34 2d 31 32 2e 34 2e 31 32 37 2d
  7610:  31 00 52 50 4d 20 76 33 2e 30 20 62 69 6e 20 69
  7620:  33 38 36 2f 78 38 36 5f 36 34 20 63 75 64 61 2d
  7630:  70 72 6f 66 69 6c 65 72 2d 61 70 69 2d 31 32 2d
  7640:  34 2d 31 32 2e 34 2e 31 32 37 2d 31 00 52 50 4d
  7650:  20 76 33 2e 30 20 62 69 6e 20 69 33 38 36 2f 78
  7660:  38 36 5f 36 34 20 63 75 64 61 2d 72 75 6e 74 69
  7670:  6d 65 2d 31 32 2d 34 2d 31 32 2e 34 2e 31 2d 31
  7680:  00 52 50 4d 20 76 33 2e 30 20 62 69 6e 20 69 33
  7690:  38 36 2f 78 38 36 5f 36 34 20 63 75 64 61 2d 73
  76a0:  61 6e 69 74 69 7a 65 72 2d 31 32 2d 34 2d 31 32
  76b0:  2e 34 2e 31 32 37 2d 31 00 52 50 4d 20 76 33 2e
  76c0:  30 20 62 69 6e 20 69 33 38 36 2f 78 38 36 5f 36
  76d0:  34 20 63 75 64 61 2d 74 6f 6f 6c 6b 69 74 2d 31
  76e0:  32 2d 31 32 2e 34 2e 31 2d 31 00 52 50 4d 20 76
  76f0:  33 2e 30 20 62 69 6e 20 69 33 38 36 2f 78 38 36
  7700:  5f 36 34 20 63 75 64 61 2d 74 6f 6f 6c 6b 69 74
  7710:  2d 31 32 2d 34 2d 31 32 2e 34 2e 31 2d 31 00 52
  7720:  50 4d 20 76 33 2e 30 20 62 69 6e 20 69 33 38 36
  7730:  2f 78 38 36 5f 36 34 20 63 75 64 61 2d 74 6f 6f
  7740:  6c 6b 69 74 2d 31 32 2d 34 2d 63 6f 6e 66 69 67
  7750:  2d 63 6f 6d 6d 6f 6e 2d 31 32 2e 34 2e 31 32 37
  7760:  2d 31 00 52 50 4d 20 76 33 2e 30 20 62 69 6e 20
  7770:  69 33 38 36 2f 78 38 36 5f 36 34 20 63 75 64 61
  7780:  2d 74 6f 6f 6c 6b 69 74 2d 31 32 2d 63 6f 6e 66
  7790:  69 67 2d 63 6f 6d 6d 6f 6e 2d 31 32 2e 34 2e 31
  77a0:  32 37 2d 31 00 52 50 4d 20 76 33 2e 30 20 62 69
  77b0:  6e 20 69 33 38 36 2f 78 38 36 5f 36 34 20 63 75
  77c0:  64 61 2d 74 6f 6f 6c 6b 69 74 2d 31 32 2e 34 2e
  77d0:  31 2d 31 00 52 50 4d 20 76 33 2e 30 20 62 69 6e
  77e0:  20 69 33 38 36 2f 78 38 36 5f 36 34 20 63 75 64
  77f0:  61 2d 74 6f 6f 6c 6b 69 74 2d 63 6f 6e 66 69 67
  7800:  2d 63 6f 6d 6d 6f 6e 2d 31 32 2e 34 2e 31 32 37
  7810:  2d 31 00 52 50 4d 20 76 33 2e 30 20 62 69 6e 20
  7820:  69 33 38 36 2f 78 38 36 5f 36 34 20 63 75 64 61
  7830:  2d 74 6f 6f 6c 73 2d 31 32 2d 34 2d 31 32 2e 34
  7840:  2e 31 2d 31 00 52 50 4d 20 76 33 2e 30 20 62 69
  7850:  6e 20 69 33 38 36 2f 78 38 36 5f 36 34 20 63 75
  7860:  64 61 2d 76 69 73 75 61 6c 2d 74 6f 6f 6c 73 2d
  7870:  31 32 2d 34 2d 31 32 2e 34 2e 31 2d 31 00 52 50
  7880:  4d 20 76 33 2e 30 20 62 69 6e 20 69 33 38 36 2f
  7890:  78 38 36 5f 36 34 20 64 6e 66 2d 70 6c 75 67 69
  78a0:  6e 2d 6e 76 69 64 69 61 2d 32 2e 30 2d 31 2e 65
  78b0:  6c 38 00 52 50 4d 20 76 33 2e 30 20 62 69 6e 20
  78c0:  69 33 38 36 2f 78 38 36 5f 36 34 20 6b 6d 6f 64
  78d0:  2d 6e 76 69 64 69 61 2d 6c 61 74 65 73 74 2d 64
  78e0:  6b 6d 73 2d 33 3a 35 35 30 2e 35 34 2e 31 35 2d
  78f0:  31 2e 65 6c 38 00 52 50 4d 20 76 33 2e 30 20 62
  7900:  69 6e 20 69 33 38 36 2f 78 38 36 5f 36 34 20 6c
  7910:  69 62 63 75 62 6c 61 73 2d 31 32 2d 34 2d 31 32
  7920:  2e 34 2e 35 2e 38 2d 31 00 52 50 4d 20 76 33 2e
  7930:  30 20 62 69 6e 20 69 33 38 36 2f 78 38 36 5f 36
  7940:  34 20 6c 69 62 63 75 62 6c 61 73 2d 64 65 76 65
  7950:  6c 2d 31 32 2d 34 2d 31 32 2e 34 2e 35 2e 38 2d
  7960:  31 00 52 50 4d 20 76 33 2e 30 20 62 69 6e 20 69
  7970:  33 38 36 2f 78 38 36 5f 36 34 20 6c 69 62 63 75
  7980:  66 66 74 2d 31 32 2d 34 2d 31 31 2e 32 2e 31 2e
  7990:  33 2d 31 00 52 50 4d 20 76 33 2e 30 20 62 69 6e
  79a0:  20 69 33 38 36 2f 78 38 36 5f 36 34 20 6c 69 62
  79b0:  63 75 66 66 74 2d 64 65 76 65 6c 2d 31 32 2d 34
  79c0:  2d 31 31 2e 32 2e 31 2e 33 2d 31 00 52 50 4d 20
  79d0:  76 33 2e 30 20 62 69 6e 20 69 33 38 36 2f 78 38
  79e0:  36 5f 36 34 20 6c 69 62 63 75 72 61 6e 64 2d 31
  79f0:  32 2d 34 2d 31 30 2e 33 2e 35 2e 31 34 37 2d 31
  7a00:  00 52 50 4d 20 76 33 2e 30 20 62 69 6e 20 69 33
  7a10:  38 36 2f 78 38 36 5f 36 34 20 6c 69 62 63 75 72
  7a20:  61 6e 64 2d 64 65 76 65 6c 2d 31 32 2d 34 2d 31
  7a30:  30 2e 33 2e 35 2e 31 34 37 2d 31 00 52 50 4d 20
  7a40:  76 33 2e 30 20 62 69 6e 20 69 33 38 36 2f 78 38
  7a50:  36 5f 36 34 20 6c 69 62 63 75 73 6f 6c 76 65 72
  7a60:  2d 31 32 2d 34 2d 31 31 2e 36 2e 31 2e 39 2d 31
  7a70:  00 52 50 4d 20 76 33 2e 30 20 62 69 6e 20 69 33
  7a80:  38 36 2f 78 38 36 5f 36 34 20 6c 69 62 63 75 73
  7a90:  6f 6c 76 65 72 2d 64 65 76 65 6c 2d 31 32 2d 34
  7aa0:  2d 31 31 2e 36 2e 31 2e 39 2d 31 00 52 50 4d 20
  7ab0:  76 33 2e 30 20 62 69 6e 20 69 33 38 36 2f 78 38
  7ac0:  36 5f 36 34 20 6c 69 62 63 75 73 70 61 72 73 65
  7ad0:  2d 31 32 2d 34 2d 31 32 2e 33 2e 31 2e 31 37 30
  7ae0:  2d 31 00 52 50 4d 20 76 33 2e 30 20 62 69 6e 20
  7af0:  69 33 38 36 2f 78 38 36 5f 36 34 20 6c 69 62 63
  7b00:  75 73 70 61 72 73 65 2d 64 65 76 65 6c 2d 31 32
  7b10:  2d 34 2d 31 32 2e 33 2e 31 2e 31 37 30 2d 31 00
  7b20:  52 50 4d 20 76 33 2e 30 20 62 69 6e 20 69 33 38
  7b30:  36 2f 78 38 36 5f 36 34 20 6c 69 62 6e 70 70 2d
  7b40:  31 32 2d 34 2d 31 32 2e 32 2e 35 2e 33 30 2d 31
  7b50:  00 52 50 4d 20 76 33 2e 30 20 62 69 6e 20 69 33
  7b60:  38 36 2f 78 38 36 5f 36 34 20 6c 69 62 6e 70 70
  7b70:  2d 64 65 76 65 6c 2d 31 32 2d 34 2d 31 32 2e 32
  7b80:  2e 35 2e 33 30 2d 31 00 52 50 4d 20 76 33 2e 30
  7b90:  20 62 69 6e 20 69 33 38 36 2f 78 38 36 5f 36 34
  7ba0:  20 6c 69 62 6e 76 66 61 74 62 69 6e 2d 31 32 2d
  7bb0:  34 2d 31 32 2e 34 2e 31 32 37 2d 31 00 52 50 4d
  7bc0:  20 76 33 2e 30 20 62 69 6e 20 69 33 38 36 2f 78
  7bd0:  38 36 5f 36 34 20 6c 69 62 6e 76 66 61 74 62 69
  7be0:  6e 2d 64 65 76 65 6c 2d 31 32 2d 34 2d 31 32 2e
  7bf0:  34 2e 31 32 37 2d 31 00 52 50 4d 20 76 33 2e 30
  7c00:  20 62 69 6e 20 69 33 38 36 2f 78 38 36 5f 36 34
  7c10:  20 6c 69 62 6e 76 6a 69 74 6c 69 6e 6b 2d 31 32
  7c20:  2d 34 2d 31 32 2e 34 2e 31 32 37 2d 31 00 52 50
  7c30:  4d 20 76 33 2e 30 20 62 69 6e 20 69 33 38 36 2f
  7c40:  78 38 36 5f 36 34 20 6c 69 62 6e 76 6a 69 74 6c
  7c50:  69 6e 6b 2d 64 65 76 65 6c 2d 31 32 2d 34 2d 31
  7c60:  32 2e 34 2e 31 32 37 2d 31 00 52 50 4d 20 76 33
  7c70:  2e 30 20 62 69 6e 20 69 33 38 36 2f 78 38 36 5f
  7c80:  36 34 20 6c 69 62 6e 76 6a 70 65 67 2d 31 32 2d
  7c90:  34 2d 31 32 2e 33 2e 31 2e 31 31 37 2d 31 00 52
  7ca0:  50 4d 20 76 33 2e 30 20 62 69 6e 20 69 33 38 36
  7cb0:  2f 78 38 36 5f 36 34 20 6c 69 62 6e 76 6a 70 65
  7cc0:  67 2d 64 65 76 65 6c 2d 31 32 2d 34 2d 31 32 2e
  7cd0:  33 2e 31 2e 31 31 37 2d 31 00 52 50 4d 20 76 33
  7ce0:  2e 30 20 62 69 6e 20 69 33 38 36 2f 78 38 36 5f
  7cf0:  36 34 20 6e 73 69 67 68 74 2d 63 6f 6d 70 75 74
  7d00:  65 2d 32 30 32 34 2e 31 2e 31 2d 32 30 32 34 2e
  7d10:  31 2e 31 2e 34 2d 31 00 52 50 4d 20 76 33 2e 30
  7d20:  20 62 69 6e 20 69 33 38 36 2f 78 38 36 5f 36 34
  7d30:  20 6e 73 69 67 68 74 2d 73 79 73 74 65 6d 73 2d
  7d40:  63 6c 69 2d 32 30 32 33 2e 34 2e 34 2d 32 30 32
  7d50:  33 2e 34 2e 34 2e 35 34 5f 32 33 34 34 33 33 36
  7d60:  38 31 31 39 30 76 30 2d 30 00 52 50 4d 20 76 33
  7d70:  2e 30 20 62 69 6e 20 69 33 38 36 2f 78 38 36 5f
  7d80:  36 34 20 6e 76 69 64 69 61 2d 64 72 69 76 65 72
  7d90:  2d 33 3a 35 35 30 2e 35 34 2e 31 35 2d 31 2e 65
  7da0:  6c 38 00 52 50 4d 20 76 33 2e 30 20 62 69 6e 20
  7db0:  69 33 38 36 2f 78 38 36 5f 36 34 20 6e 76 69 64
  7dc0:  69 61 2d 64 72 69 76 65 72 2d 4e 56 4d 4c 2d 33
  7dd0:  3a 35 35 30 2e 35 34 2e 31 35 2d 31 2e 65 6c 38
  7de0:  00 52 50 4d 20 76 33 2e 30 20 62 69 6e 20 69 33
  7df0:  38 36 2f 78 38 36 5f 36 34 20 6e 76 69 64 69 61
  7e00:  2d 64 72 69 76 65 72 2d 4e 76 46 42 43 4f 70 65
  7e10:  6e 47 4c 2d 33 3a 35 35 30 2e 35 34 2e 31 35 2d
  7e20:  31 2e 65 6c 38 00 52 50 4d 20 76 33 2e 30 20 62
  7e30:  69 6e 20 69 33 38 36 2f 78 38 36 5f 36 34 20 6e
  7e40:  76 69 64 69 61 2d 64 72 69 76 65 72 2d 63 75 64
  7e50:  61 2d 33 3a 35 35 30 2e 35 34 2e 31 35 2d 31 2e
  7e60:  65 6c 38 00 52 50 4d 20 76 33 2e 30 20 62 69 6e
  7e70:  20 69 33 38 36 2f 78 38 36 5f 36 34 20 6e 76 69
  7e80:  64 69 61 2d 64 72 69 76 65 72 2d 63 75 64 61 2d
  7e90:  6c 69 62 73 2d 33 3a 35 35 30 2e 35 34 2e 31 35
  7ea0:  2d 31 2e 65 6c 38 00 52 50 4d 20 76 33 2e 30 20
  7eb0:  62 69 6e 20 69 33 38 36 2f 78 38 36 5f 36 34 20
  7ec0:  6e 76 69 64 69 61 2d 64 72 69 76 65 72 2d 64 65
  7ed0:  76 65 6c 2d 33 3a 35 35 30 2e 35 34 2e 31 35 2d
  7ee0:  31 2e 65 6c 38 00 52 50 4d 20 76 33 2e 30 20 62
  7ef0:  69 6e 20 69 33 38 36 2f 78 38 36 5f 36 34 20 6e
  7f00:  76 69 64 69 61 2d 64 72 69 76 65 72 2d 6c 69 62
  7f10:  73 2d 33 3a 35 35 30 2e 35 34 2e 31 35 2d 31 2e
  7f20:  65 6c 38 00 52 50 4d 20 76 33 2e 30 20 62 69 6e
  7f30:  20 69 33 38 36 2f 78 38 36 5f 36 34 20 6e 76 69
  7f40:  64 69 61 2d 6b 6d 6f 64 2d 63 6f 6d 6d 6f 6e 2d
  7f50:  33 3a 35 35 30 2e 35 34 2e 31 35 2d 31 2e 65 6c
  7f60:  38 00 52 50 4d 20 76 33 2e 30 20 62 69 6e 20 69
  7f70:  33 38 36 2f 78 38 36 5f 36 34 20 6e 76 69 64 69
  7f80:  61 2d 6b 6d 6f 64 2d 68 65 61 64 65 72 73 2d 33
  7f90:  3a 35 35 30 2e 35 34 2e 31 35 2d 31 2e 65 6c 38
  7fa0:  00 52 50 4d 20 76 33 2e 30 20 62 69 6e 20 69 33
  7fb0:  38 36 2f 78 38 36 5f 36 34 20 6e 76 69 64 69 61
  7fc0:  2d 6c 69 62 58 4e 56 43 74 72 6c 2d 33 3a 35 35
  7fd0:  30 2e 35 34 2e 31 35 2d 31 2e 65 6c 38 00 52 50
  7fe0:  4d 20 76 33 2e 30 20 62 69 6e 20 69 33 38 36 2f
  7ff0:  78 38 36 5f 36 34 20 6e 76 69 64 69 61 2d 6c 69
  8000:  62 58 4e 56 43 74 72 6c 2d 64 65 76 65 6c 2d 33
  8010:  3a 35 35 30 2e 35 34 2e 31 35 2d 31 2e 65 6c 38
  8020:  00 52 50 4d 20 76 33 2e 30 20 62 69 6e 20 69 33
  8030:  38 36 2f 78 38 36 5f 36 34 20 6e 76 69 64 69 61
  8040:  2d 6d 6f 64 70 72 6f 62 65 2d 33 3a 35 35 30 2e
  8050:  35 34 2e 31 35 2d 31 2e 65 6c 38 00 52 50 4d 20
  8060:  76 33 2e 30 20 62 69 6e 20 69 33 38 36 2f 78 38
  8070:  36 5f 36 34 20 6e 76 69 64 69 61 2d 70 65 72 73
  8080:  69 73 74 65 6e 63 65 64 2d 33 3a 35 35 30 2e 35
  8090:  34 2e 31 35 2d 31 2e 65 6c 38 00 52 50 4d 20 76
  80a0:  33 2e 30 20 62 69 6e 20 69 33 38 36 2f 78 38 36
  80b0:  5f 36 34 20 6e 76 69 64 69 61 2d 73 65 74 74 69
  80c0:  6e 67 73 2d 33 3a 35 35 30 2e 35 34 2e 31 35 2d
  80d0:  31 2e 65 6c 38 00 52 50 4d 20 76 33 2e 30 20 62
  80e0:  69 6e 20 69 33 38 36 2f 78 38 36 5f 36 34 20 6e
  80f0:  76 69 64 69 61 2d 78 63 6f 6e 66 69 67 2d 33 3a
  8100:  35 35 30 2e 35 34 2e 31 35 2d 31 2e 65 6c 38 00
  8110:  41 53 43 49 49 20 74 65 78 74 20 28 67 7a 69 70
  8120:  20 63 6f 6d 70 72 65 73 73 65 64 20 64 61 74 61
  8130:  2c 20 66 72 6f 6d 20 55 6e 69 78 29 00 58 4d 4c
  8140:  20 31 2e 30 20 64 6f 63 75 6d 65 6e 74 2c 20 41
  8150:  53 43 49 49 20 74 65 78 74 20 28 67 7a 69 70 20
  8160:  63 6f 6d 70 72 65 73 73 65 64 20 64 61 74 61 2c
  8170:  20 66 72 6f 6d 20 55 6e 69 78 29 00 58 4d 4c 20
  8180:  31 2e 30 20 64 6f 63 75 6d 65 6e 74 2c 20 41 53
  8190:  43 49 49 20 74 65 78 74 00 98 75 a6 01 76 ea 83
  81a0:  91 60 7f a1 86 08 68 a2 21 00 00 00 00 00 00 0a
  81b0:  75 74 66 2d 38 00 37 34 63 31 61 62 63 64 39 36
  81c0:  65 37 38 31 32 36 38 33 36 62 63 33 30 66 64 62
  81d0:  62 36 30 34 31 39 35 37 34 65 66 63 36 65 64 66
  81e0:  32 34 33 61 36 62 66 34 35 30 39 38 63 32 35 30
  81f0:  36 34 37 63 38 63 00 00 00 00 00 08 39 63 34 61
  8200:  35 32 39 38 65 64 36 39 32 32 64 64 39 63 31 39
  8210:  64 37 32 32 39 30 37 33 36 35 39 62 38 38 38 39
  8220:  62 31 63 65 31 63 63 36 62 33 66 31 62 30 61 37
  8230:  30 39 64 65 31 39 38 62 63 31 34 62 00 00 00 00
  8240:  3f 00 00 00 07 ff ff fc a0 00 00 00 10 1f 8b 08

                 this is the end maybe ? 0x824d ??

  8240:                                      10 1f 8b 08
  8250:  00 00 00 00 00 02 03 ec 9d 07 80 1e 55 bd f6 67
  8260:  fb ee 9b 4d 36 15 02 04 d8 24 10 09 4b 76 a7 17
  8270:  20 c2 f6 9e 6d d9 8a 94 a9 db 4b b6 ef 82 08 08
  8280:  22 72 69 82 48 91 5e 14 44 29 d2 41 51 04 29 52
  8290:  a5 4a 17 90 7a 91 de db f7 3b fb be 11 12 b9 0a
  82a0:  f7 7a ef e7 77 bf 1d 1d de 77 de 99 39 73 ce bf
  82b0:  3c cf f3 3f 67 60 65 4b b6 64 45 8e 6f 33 9f b6
  82c0:  e2 ea f2 17 6f 8a 69 ca 46 20 7b 5a fc d0 0b e5
  82d0:  2f b5 a9 c1 c6 6f f9 05 e1 a8 5f 30 35 d6 9f 3f
  82e0:  1c 0e 0d 8e e4 07 05 fe 58 e0 ae 19 ee 0a fb ec
  82f0:  35 8a ba 46 5f d3 37 e8 bb 7d 33 67 25 69 af 2f
  8300:  3c b9 77 6c c0 ed 0f d7 7e e1 b9 98 e7 8e 84 63
  8310:  c3 7d 6b a3 ee be 70 d7 82 82 82 71 77 38 f1 08
  8320:  5a fc db cb c3 01 d7 eb 0b 83 b5 4a ac 73 a8 d3
  8330:  ef 0a fd de f8 d7 de 70 ea 4b 36 51 50 52 a6 cb
  8340:  65 ba 61 e5 0f 8d 79 b1 41 6f 64 b0 2f 1c 0d 47
  8350:  d6 ca 31 49 92 3f 6f 5b 55 fc 43 57 c2 e0 cb d9
  8360:  f6 cb 6e aa f2 99 6d ff 7e 4f 37 eb 8f f6 e5 7c
  8370:  ad 45 33 47 a6 e5 7f c9 fe 84 5f b6 3f 9b 58 4e
  8380:  5a 23 b6 a2 d2 f2 ca 75 b9 f5 e5 f5 b9 f5 cd 45
  8390:  35 95 c5 b9 d5 a5 ed b9 45 35 75 c5 d5 33 a7 63
  83a0:  b1 fe 86 ca 75 45 e5 ed 65 72 89 5c 54 5a 58 12
  83b0:  f8 15 4e ab da 68 0d 4e 8d 6d 68 2a 50 7b fd 89
  83c0:  1a bb 79 aa a5 d1 ab 0e 1a d5 e9 92 91 d6 96 4e
  83d0:  7f bc b1 ad 7b c3 40 ff d0 48 df 90 37 15 2b 2b
  83e0:  a8 da d0 a7 74 b4 18 5a 69 a1 59 dd ad 57 f7 0e
  83f0:  94 0f b8 a1 db d8 da 3e 32 5c a9 56 18 7d 0d 43
  8400:  e5 8d dd 13 35 b5 f5 65 86 39 d4 bb be 79 7d e8
  8410:  55 75 97 85 75 dd bd 63 e1 60 69 ac a6 af b6 59
  8420:  ae 29 18 2c cf 6b 9c b6 26 36 74 e4 d9 55 35 53
  8430:  45 ad ca a0 32 e4 29 9d 1b 26 06 ba c2 d2 fa 9a
  8440:  86 bc 60 d4 b5 ca ec 8a 1e 7b a4 7f 6c 43 83 5b
  8450:  e1 36 e5 d5 97 15 f4 85 31 37 2a ef ec 1b 2e ed
  8460:  6d 1b de 50 59 db 13 55 46 c5 83 1d 45 9a e5 8f
  8470:  cb 25 e3 15 e5 d3 d5 2d bd 9d ca d4 78 99 d2 12
  8480:  f9 8d d3 25 75 ad 93 c1 60 59 61 5d 7d 7d 81 3b
  8490:  50 a4 4c ab 35 b1 29 b9 4a 19 e8 18 1b 72 9b 7a
  84a0:  b5 c6 62 ab 78 a8 b7 ba a5 b9 d3 6c ee 98 6a 1f
  84b0:  75 ab 87 06 fb 7a 8a eb ad ae f2 e6 c9 a9 56 7b
  84c0:  d8 5f a7 07 e3 35 46 50 a1 97 b5 8e 5a 43 de fa
  84d0:  81 e9 d8 54 7b ad 36 d1 3c d2 59 ac 4f 4f d7 54
  84e0:  56 4e 14 8f f7 96 0c 16 b7 d7 8f 0f 5a d1 c8 ba
  84f0:  a6 75 fe 48 75 59 67 4b 10 0c 96 76 56 d6 d7 e6
  8500:  0d 4d 75 f4 8e 06 dd ed c6 e8 60 5d e9 ba 75 a1
  8510:  12 6b ae b5 07 7b fb dc f1 fe e2 81 32 73 3a 68
  8520:  b3 da 06 2a 87 db fb ca 7a cb 1a 5b 37 8c b6 0c
  8530:  34 3b 9d 9d 25 1b 3a 8a 06 3b 7a 4b cd 9a 89 26
  8540:  cb 6d 1e 9a 1c 0f 1a 5b 1b d4 d2 c1 0d 93 35 b1
  8550:  ba d1 51 7b 68 d4 0d 4b 9b fa 35 67 a4 7b b2 bd
  8560:  a6 6b a0 71 b4 6d b0 7e 5d 5e c7 70 47 6d 91 96
  8570:  57 be ae ab 6d a4 db 72 1a 2b d5 7e b9 a9 39 c8
  8580:  6b 2f 9b 18 9c 72 47 06 8b ca cd c1 e9 d8 70 41
  8590:  6d cd 86 ce 60 fd 60 51 61 7b c7 70 45 55 43 64
  85a0:  b6 b7 b4 05 7a 67 5b 85 39 dd b8 ae a3 a3 61 ca
  85b0:  b3 b5 d6 e2 91 1e b9 b3 a2 a9 7a a4 27 ea 6f 37
  85c0:  8a 6a 8d 96 86 e9 aa bc e6 b2 e6 58 55 4f 50 de
  85d0:  5d 68 57 f5 ea f5 6a 55 ed 44 f1 44 30 a6 06 b5
  85e0:  79 f6 44 4f 55 73 5e 6f 5b 5e d3 78 77 63 d0 d0
  85f0:  a4 15 8c 4e 34 6a eb 5d b9 75 64 ac ad 30 58 d7
  8600:  5e 5f e6 16 36 57 b7 4f c5 c2 a6 5a b7 67 9d d6
  8610:  ab 8e ac 6b ec 6c 0d 8a fd ea 3a ab b2 c7 ee ab
  8620:  eb da 30 9e 67 8c 96 74 34 b8 c5 76 53 d1 fa ba
  8630:  91 f2 b0 b5 a2 a9 a1 b2 ca a9 1b 52 bc 89 ea 89
  8640:  c2 c6 c2 86 c2 a2 d8 68 71 50 e3 b6 35 8e b6 b7
  8650:  8e f6 f9 74 a5 5d 75 46 fd 8a 16 b9 a3 c5 19 f2
  8660:  06 d6 c9 ed ad 93 23 1d 6d 55 85 de 40 c7 50 47
  8670:  79 5f 57 4d ff ba 71 6f bd 59 55 d8 57 59 5a 3a
  8680:  51 5a 19 2b 2c 99 68 ad 6c 68 aa 5f 6f b9 d5 7e
  8690:  61 79 dd 64 60 4e b5 1a 6a 41 a9 31 d4 a1 91 20
  86a0:  2d 13 cd c5 1d 9d 6d 0d f5 0d 95 5e cd 44 73 4d
  86b0:  71 43 67 45 61 67 6d 77 61 67 69 79 59 c3 60 55
  86c0:  ac b8 70 a4 b8 a8 a8 bd b8 70 a2 b4 b8 a2 d3 2f
  86d0:  2e d3 0b 0b 8b 3b 7b 1b c6 27 eb dc d6 c0 29 74
  86e0:  ca a2 0d 9d 0d 05 79 b5 13 cd ad 41 63 5e 7d 91
  86f0:  eb 4d 2b 4d e5 7e cf 94 52 d6 5c 30 b4 21 e6 f7
  8700:  8c a9 a3 be da 30 6d b7 4e 75 bb 9d ce fa 8a b0
  8710:  6b 20 1c 1d ee f4 ca aa 46 a7 ea 8a 5a 06 da a2
  8720:  8a e1 91 4a b7 be a9 d4 6a ee 1b 56 95 92 2e b3
  8730:  a9 a7 b4 d0 89 7a cb ab 83 81 d8 60 bb d7 5d dd
  8740:  50 d8 df df 50 2f 87 13 ee 74 e5 74 61 5d 49 c5
  8750:  d4 06 b5 a1 bb be 54 ee 2b ad ee 6a 1f 95 e5 86
  8760:  76 b3 a5 ce ee ad 1d 1c 53 8c fa 20 9c 5a df db
  8770:  57 a7 34 35 0e a8 7d b1 16 af b2 ae 69 b2 b5 be
  8780:  a4 ba b9 c9 6b ab ef 1e 1c 98 e8 cc ab 97 8b 0b
  8790:  07 c3 a1 2a a3 a3 a2 79 a2 a9 a3 c1 1b d7 8a 15
  87a0:  73 c4 52 8d a8 76 a8 dc ed ea f2 1b 5a ba cb 36
  87b0:  14 56 04 23 b1 de b6 ce c8 18 1a ec 6e 1c 9f e8
  87c0:  e8 eb 1e 6a 2c a8 d1 2a b5 6e 3d 1c 1d f3 a2 a2
  87d0:  ae a6 d6 ca f6 26 a3 73 b4 47 f5 fb a3 de 3c 63
  87e0:  5d 49 ef ba d6 c2 bc 8e 75 d3 46 73 83 aa d9 66
  87f0:  65 ac a2 56 c9 6b 68 ae 2a ac 75 c2 e2 b2 29 4f
  8800:  ed 2c 5c 67 0e 17 37 06 d5 66 4f b7 31 6d 99 85
  8810:  45 95 3d d3 fd b5 ce 7a ab 69 7c 70 aa c5 a8 33
  8820:  ca 15 a5 ad b3 35 54 2b dd 1e b9 b6 32 d6 df 3f
  8830:  d4 b2 2e 5a 27 47 15 1d 7a d5 60 47 9e 6a 55 b7
  8840:  94 15 74 77 87 15 9d 35 aa df d8 af 4e 8f b6 4c
  8850:  95 97 3b c3 b2 dd 3b e9 54 d5 0e 4e 55 28 d3 43
  8860:  8d 79 d1 d0 78 a7 57 57 37 1a 73 07 b5 36 b7 ac
  8870:  4e 0e d7 35 f6 75 15 f8 6a 7b d7 94 2d af 9f 9a
  8880:  1c 6b ee 0c bc e9 bc ee a1 96 e9 f2 fe ba 6e d5
  8890:  2b ed 33 0a fb f4 4a 7f a2 77 ba b9 79 bc bc be
  88a0:  60 70 a4 a9 a7 79 28 d6 58 1f b6 7a 4a eb 58 59
  88b0:  ff 3a dd 92 f3 3a dc 92 f1 bc 70 b0 b2 6e 34 ec
  88c0:  18 ae 1e 99 1a 1c 19 a9 9a 34 f5 91 de b6 c9 a1
  88d0:  be 1a 59 eb cc 2b 99 34 eb 0b d4 f2 ba b0 2c 6f
  88e0:  cc 6c 33 62 79 7d e5 93 1d 86 3b 5d e5 57 d6 1b
  88f0:  53 85 5d a3 25 4d 0d fa 80 b5 a1 b0 66 a2 ae 79
  8900:  6c 83 b3 61 aa 72 a0 ab 2a ec 70 9a 8c 92 ea de
  8910:  f6 9e ba a8 6a c0 99 1e 29 b6 9b 7b 6b 1b 7b 27
  8920:  a6 63 9d 5e 61 5b 4d 67 5f cf 54 5b 5f f1 74 6d
  8930:  d4 54 d4 d9 d7 5d 1d 4d 94 af db d0 d3 dd 3b d5
  8940:  ef 37 d5 17 1b ba d6 a6 f6 16 54 15 4f 4e 56 94
  8950:  e9 25 4a 5b fb f8 d4 74 d1 e4 54 5f 75 f3 44 10
  8960:  2b 69 19 b7 3a 81 e2 9e 29 bd 5e 5f 9f 67 af 2b
  8970:  6a 5e 1b 5b db 59 1b 15 c6 66 98 a3 74 5d c9 df
  8980:  a1 95 4d 78 51 ff 72 bc e8 58 33 47 ae fe 25 f9
  8990:  5a f5 be 34 2f d6 cc 48 a0 fe c0 90 d8 bc 20 0c
  89a0:  55 6e f6 3d 4d b1 0c d3 52 55 d5 51 14 27 0a 02
  89b0:  27 72 43 d3 cf cd dd 44 80 f8 86 e6 ca 61 a0 a9
  89c0:  91 e2 aa 9e 65 2a 5a 60 ab 76 e4 45 aa 63 d3 50
  89d0:  94 9b 2b 9e 19 b8 a3 6e 81 f8 d2 1f e4 4f f6 a3
  89e0:  9a 3c c3 d3 0d 3f 72 54 57 55 0c ee 97 03 4d b3
  89f0:  c4 93 b0 8c eb b8 5f 78 57 be 3b e2 c7 fe 71 f7
  8a00:  be e8 4e e4 55 cc 97 35 2f 32 14 c7 09 54 3d 88
  8a10:  1c 4d 93 9d 20 08 0d 3f d4 75 57 8b 5c fb 73 77
  8a20:  da b6 6e e9 9a 12 38 aa 1f d8 41 64 9a ba 61 07
  8a30:  8a e7 1a 8c 49 f7 30 ad 6e 3b 8a 1e 39 91 1a 05
  8a40:  be 67 9a b6 cc 79 dd f2 34 df d7 42 db d6 d6 08
  8a50:  29 d7 d7 3d 32 3a 92 3f b2 a1 af 7b 34 cc f7 a6
  8a60:  d5 58 68 60 1e 5b d6 75 c7 b1 0c 3c ae 5b 81 ee
  8a70:  04 9e a9 79 9a eb 6a 7e f8 b9 0e d0 21 c5 d2 1c
  8a80:  17 c3 f0 45 96 0d dd 0e 1d 5f d1 42 53 b6 1c c3
  8a90:  33 34 cf b5 6d ba a5 45 5a a4 47 be 13 58 9e 65
  8aa0:  7b 56 e8 19 aa 1b 18 8a b9 66 68 b8 bb df 1d 9e
  8ab0:  fa fc e3 15 c7 0b 2c 5f 57 75 2f b2 1d d5 0c 03
  8ac0:  db b1 14 db 76 bd d0 72 ed c0 b0 3e f7 f8 d0 f7
  8ad0:  6c d7 b2 d4 30 f4 55 4b 53 0d d5 d7 14 dd 54 4c
  8ae0:  5d f7 03 3f 74 22 ac e6 29 76 e4 6b 91 09 28 d1
  8af0:  31 53 55 42 4f d5 dd c0 f7 09 04 65 cd e0 68 57
  8b00:  38 fc f9 87 ab ae 1b 98 ae 62 f9 86 12 d2 57 df
  8b10:  36 5c 35 74 15 3b f4 3c c2 24 50 3e f7 70 cd 67
  8b20:  cc 8a ca 95 56 60 d9 84 56 a0 cb a6 1c f9 aa 61
  8b30:  32 42 cb 56 e8 ae e9 99 81 65 90 12 81 1e f8 41
  8b40:  a8 63 c8 c8 b0 74 55 73 0d ef 73 c6 17 ae ef 9c
  8b50:  8e 05 ae aa 59 9a 1d 1a ba e2 18 81 66 5b ba ac
  8b60:  ab 81 1e ca 5a a0 e1 7d ef 73 0f f7 4c dd b5 74
  8b70:  53 56 1d cf 8f 14 db 10 dd 34 2d 57 0f b1 71 44
  8b80:  78 59 91 a7 6a aa e6 f3 43 e0 ea 8e 1f da 56 64
  8b90:  1a a1 15 b8 9e 66 1a 8a 9e 18 79 e2 c1 84 9c 2e
  8ba0:  3b 2a ee 53 1d 4c 44 aa 58 8a 66 30 3e 47 c6 17
  8bb0:  e1 e7 3d 1e b8 be 23 ba 17 8a b0 94 dd 88 fc f1
  8bc0:  6d 52 4b 53 14 dd 8e 6c 83 c4 92 f1 99 11 fa 96
  8bd0:  e2 6a 84 60 68 61 7f 3f b0 1c 5f f3 8c c8 fe ab
  8be0:  c7 13 8f 9e 95 b7 b3 f2 76 56 de ce ca db 59 79
  8bf0:  3b 2b 6f ff a7 e5 ed a6 f3 3e c6 97 d4 b7 f1 79
  8c00:  1f 4d d7 bf a4 be 8d be ba be cd ef 1c ea 14 1a
  8c10:  77 33 72 6c aa 2c 5f 57 b8 be b9 b1 34 de fd 96
  8c20:  70 78 84 c8 df 35 b7 7c 60 ac be 3c 77 5c cd 97
  8c30:  f3 55 35 77 a7 f2 75 cd 05 35 dd 03 63 93 ab 63
  8c40:  b1 ee 86 4a bf a8 b0 b0 a8 b8 b3 b0 bc a8 a1 aa
  8c50:  bf 28 28 76 0b 0b 07 ab 4a ab a6 1b 86 aa ea 9b
  8c60:  6b 1a dc 32 bb b9 b6 be a0 d1 2b 6f 1a e8 1f 99
  8c70:  aa 29 19 1f 2a 2f 5c b7 ae bb 62 7a 42 9b b4 62
  8c80:  6d 05 53 15 d5 d3 a5 2d 1d e3 51 e8 87 53 65 e6
  8c90:  86 e9 e2 91 c2 8e 81 c2 d2 b6 51 a3 c4 ea aa 33
  8ca0:  2d 67 38 6f b4 6b ac bd a9 66 5c ad 74 fa 27 4b
  8cb0:  47 9d bc 2a ab 76 62 60 fd 68 75 4f 73 ac d9 eb
  8cc0:  9c b4 74 dd 90 b5 f6 82 d2 50 6d a8 eb 9f 1e ac
  8cd0:  36 3d ad ba a9 a4 65 6c 62 60 64 74 aa d6 2a d1
  8ce0:  0b cd 01 77 b2 a2 62 c2 88 f2 5c 68 bd b2 b7 a2
  8cf0:  bd 6d a4 54 e9 cc 2b 8a f9 1d 6a 57 99 d3 68 0e
  8d00:  56 97 6a 45 72 47 55 d5 64 79 ff 54 71 5b 57 a1
  8d10:  de dd 2d 17 f4 47 4e 85 39 d0 d6 d5 55 d7 dc 65
  8d20:  37 7a 41 75 33 4a b9 a5 b4 77 a8 73 68 aa 60 43
  8d30:  53 4f 8d 11 1b 9a 1e b3 1b ca 46 4a cb a7 a7 8b
  8d40:  0b ca 27 ab bd 92 02 b3 bb a4 b1 a8 d6 69 d3 c6
  8d50:  f3 46 8b ea 02 a3 bf cf eb d4 0b 47 ab 46 c2 61
  8d60:  ad c9 1a 1e ae 1e 1e 68 32 74 23 6a 2a 6b 1c ab
  8d70:  8e 0d b5 75 3a e3 0d cd d5 ca 86 aa 96 f5 83 15
  8d80:  d5 ed e3 46 4b 5d db 48 58 37 d0 ef d4 f5 15 b9
  8d90:  2a 5c b4 ae 6d 72 c0 08 5b 8b d6 95 38 66 41 5e
  8da0:  45 e7 ba 16 6f 48 ed 5b 5f 30 15 0e ad 8b 0d f9
  8db0:  ad 4d e5 5e 6b 7d 4f 9e a3 8f 9b 66 50 a5 55 96
  8dc0:  55 04 e5 a3 23 b2 d3 53 d8 d6 3a d1 39 d1 d3 a3
  8dd0:  4c b6 2a ea 64 55 63 45 77 b1 1c 38 23 85 4a 6f
  8de0:  5b ed 78 a5 5a d5 b1 61 7d 5d cc 6d 18 ac 6d b1
  8df0:  8a 9c 8e a9 3c 35 54 4b d4 f6 da b0 a7 71 c3 60
  8e00:  a1 66 ae 2b ed ea ae 59 df d0 d3 a2 0d 16 77 0d
  8e10:  78 c3 e5 25 13 4d 8e db d5 37 d4 d4 1c f5 4e f6
  8e20:  16 6c a8 1a b0 db 9d d8 d4 70 85 52 3e d4 d2 59
  8e30:  17 ac ef ed 69 d2 ab bb 46 9a 7b 3a 3a 5a e4 ba
  8e40:  09 6f b2 b0 b6 b4 bf 41 ee 2c d0 3b dd 92 ca 91
  8e50:  fa b1 f1 82 8e 2a bd de ad ed 6c a9 9e 6e 2e ae
  8e60:  2a 1f 6e 19 68 8a a9 fe 70 ef 90 52 56 df 56 5d
  8e70:  dd 52 35 32 dc 33 38 30 60 4f 29 15 ed bd 05 e3
  8e80:  dd 0d fa 7a ab d1 70 cb 26 ca dc a6 a2 0d 1b 2a
  8e90:  e4 92 ce ce b0 a6 39 af 48 2e 6e b2 9b 5d bf a7
  8ea0:  5b ef 8c b5 57 54 9a ce c8 70 53 61 79 d7 54 4b
  8eb0:  71 79 a1 3a a8 d7 b9 9a 67 0f a8 dd 86 11 16 54
  8ec0:  d6 37 5b ad 03 15 03 25 9d 56 bb 3c 6e 14 79 fe
  8ed0:  58 d4 d3 5f dd 55 e0 96 ae af 5d df 16 f6 c6 06
  8ee0:  a2 fa c2 c6 b0 a2 37 50 3a fb 1a e5 b2 0d b2 bb
  8ef0:  3e 2f b6 b6 48 76 bb 36 cd f5 cd b2 64 93 1c 37
  8f00:  bf 5c 8e 1b 33 b5 ab 62 bb c6 97 cb f1 cf 9a fb
  8f10:  87 39 3e 73 6a e6 58 51 f3 f5 7c 65 8d 92 3f 34
  8f20:  e4 9b 7a 5f 98 3f 3c d4 4f ce bf f2 d3 bf 3c 9a
  8f30:  22 92 3f e9 6f 2f 95 be ea 96 24 a5 6d fe d3 d1
  8f40:  3f 7b 21 29 f1 35 53 92 e6 9f cb e7 d7 d9 33 f8
  8f50:  7e 02 9f f3 b9 29 3b 7e 2c b6 64 93 e3 b9 7c 49
  8f60:  8f 7f a7 45 29 69 41 e2 78 df f8 71 ca 0b 7c a6
  8f70:  72 7c 66 e2 f8 df e3 f7 27 9f 1b 6f 2f e5 d5 c4
  8f80:  f9 cb 13 e7 5f 4b 9c bf 5a 92 e6 3e 76 44 b2 96
  8f90:  2a 25 c5 a4 6d b7 58 9e 7a 4c dd 95 df 1b 4a 3a
  8fa0:  fa e6 27 2e db eb b4 1b 16 9d d2 fe e4 9e 6f b5
  8fb0:  a6 25 47 69 f7 34 49 b1 ac f9 1b 7f 91 8f 9c 2f
  8fc0:  fd 51 9b fb 83 e3 42 e3 d3 4b 3f 5d 79 57 ea 91
  8fd0:  93 47 76 be 77 cc f1 97 5f 76 e4 13 55 5b df 19
  8fe0:  ee fb c2 65 1b 36 9c b7 ed b5 57 9d f6 d4 91 37
  8ff0:  7d 70 c5 ae 3d 77 2a 97 0f 7c 78 cd 31 cb c6 e6
  9000:  4f ee 35 7f ef bd de 6a 54 8f b9 bb a9 74 ec ed
  9010:  c7 bf b9 e8 fe ab ae ce 7a 6a d1 7d 87 bc 5f da
  9020:  f4 f0 a2 63 df 4c cf 7b be 6a e5 21 0f fe 6a f1
  9030:  e5 df 4f cd 5a f8 2d eb e4 6f db 05 c5 97 a4 ff
  9040:  e0 d2 0b 9e 9f dc ce 98 df fb c8 fe 7b ff e4 1b
  9050:  45 af 5d b2 e1 7b 67 7c 64 1d 3f ff a0 fb be d5
  9060:  ba d7 a5 3f 39 79 de 8f ce 78 a4 7f f5 49 a9 45
  9070:  75 87 d6 3c 3c f7 e9 ef 1d fa 8d f9 f5 67 f7 dc
  9080:  f7 ce a9 57 b5 2c ba a5 e4 8f 8f d5 65 bf 5c d8
  9090:  5b b9 6c de 9f 16 bc 3e d1 b7 4d fe 39 37 66 1d
  90a0:  7d 53 e5 55 db 3e f8 f3 9e a6 1d 6e af 28 df ab
  90b0:  f8 8e ed ee 39 73 f7 b7 ae 3e f5 1d ff cc ea ae
  90c0:  af ab d2 c3 19 b7 2d b9 4c fb cb 31 ef 9c 52 f8
  90d0:  9d 3f 2d 73 8e 4a 7b 4e 95 86 7e 7c ce c8 53 cb
  90e0:  0f fb d9 a9 cf ae 2a fd de 4e 69 cf ad ba 5f be
  90f0:  ff b4 79 67 55 fc f8 84 15 cf a7 4c dd 91 f7 c4
  9100:  83 fb f8 2b ef db 10 fe f8 a3 7d 5e 9c 77 e7 86
  9110:  9a ba b3 0a a6 bb 5f 5f fe e8 b5 7b 5e b5 f8 f7
  9120:  e1 a7 bb ec fd f6 c1 37 44 77 fd e8 fc bb 0e 0c
  9130:  1e c9 bb b9 b9 2b 63 ce 8a 93 57 9d b7 e3 de cf
  9140:  3c f1 71 db f8 ab 4f a4 dd ba ec c9 8f 8e b9 f1
  9150:  5c e5 69 57 6b fa c1 61 bf 56 cf f8 e5 b5 ef 8d
  9160:  ec 70 f1 03 47 dd ad dc 7e c8 92 13 57 3e 7c c3
  9170:  07 ed 77 5c fb 49 ef c7 37 df b1 61 87 8a 5d 52
  9180:  d3 d3 4e 7a 6f eb 1d f7 3a e9 47 cf 7e fc d2 a5
  9190:  37 df d8 f4 ec c7 87 4c 57 2d 3e e7 99 fe 0d 2f
  91a0:  3e dc 7a e7 bb 52 fe de bb e9 f7 1c fc b3 85 5b
  91b0:  2d 9c bb e5 51 8f 3d f1 ce bd 7b 9c b3 a8 f5 97
  91c0:  0d dd 85 f7 e5 58 df bc 4b be fe 77 cd b5 05 d1
  91d0:  ef 4f b8 a2 af f2 a6 f3 63 4d 6f bc 74 c9 4e df
  91e0:  d1 77 ab db 6e 87 5b 6f 7b ba e3 c1 ee 87 be 7e
  91f0:  d3 d4 c4 ed f6 2f 1e f9 d5 e8 f8 96 bb 4c 9f da
  9200:  7a d4 bc 65 53 8b bf f5 f4 6b 17 ed 92 73 49 da
  9210:  c3 51 40 8a 3a 4e 00 b1 04 4a 18 88 22 33 12 33
  9220:  1e 16 c5 bd e1 06 81 6b ab 5a 60 e8 ae e4 85 be
  9230:  16 06 8e ec 9a 7e c0 87 ad 86 81 af a8 91 e7 aa
  9240:  32 b5 b2 69 5b a1 63 3b 5a 64 e8 54 d3 a1 6c f9
  9250:  96 ed 9b 5e 64 50 23 cb ae a5 29 be 08 d5 b9 7f
  9260:  5c 61 9c b4 df 19 d7 2e fe ee e4 7e c1 bb f7 ed
  9270:  91 cf 8f 07 48 b3 db ec 36 bb cd 6e b3 db ec 36
  9280:  bb cd 6e b3 db ec 36 bb cd 6e b3 db ff 86 6d 66
  9290:  4e e4 d3 4f 3f 3d 28 3e 87 b1 c9 bc c9 4a 49 4a
  92a0:  3d 8d cf 3d e2 f3 18 a9 47 25 ae 09 e2 73 2a 89
  92b0:  99 97 f8 bc 48 ba 98 44 49 1c bf 98 38 ce 4e 1c
  92c0:  bf 94 38 5e f4 b9 79 93 2c f6 25 89 e3 57 12 c7
  92d0:  bb 24 8e ff 12 9f 47 91 9e 4d 1c bf 9a b8 ff 85
  92e0:  c4 f1 eb 89 f3 ef 25 8e df 49 9c ff 28 71 fc 5e
  92f0:  bc bd a4 9c c4 f1 47 f1 f3 49 db 24 8e 3f 4e 1c
  9300:  af 49 1c 7f 92 38 d6 e2 c7 a9 8b 13 c7 bb 25 8e
  9310:  b7 8c 8f 37 a9 25 3e c6 d4 a5 f1 e7 27 8d f2 99
  9320:  c6 d7 ad 12 e7 bf 9b 38 de 3a 71 fc 61 e2 78 a7
  9330:  c4 3c d2 f6 89 f6 ca 12 c7 3b 25 8e db 12 f3 46
  9340:  7b 26 da 6f 8f df 9f 5c 91 38 f6 12 d7 77 24 ae
  9350:  0f e2 c7 29 37 25 8e c3 c4 f1 6d 89 e3 28 71 7c
  9360:  57 e2 b8 2f 71 7c 4f e2 78 3a ee cf 19 3f e1 cf
  9370:  45 c7 c7 9f 9f 92 b0 df a2 df c5 af 4f 4d f8 77
  9380:  d1 b3 f1 fe a4 a6 27 8e ff 1c bf 3e b5 22 71 fc
  9390:  62 e2 7c 8d 38 2e 96 fe 3a 9f 27 c5 e7 f3 24 45
  93a0:  2a 6e 2e 29 cc 15 47 b9 fd e1 a8 bb 66 c8 f5 7b
  93b0:  dd ce 50 aa fd dc 41 ae 3f 38 30 ea 76 0f 74 0f
  93c0:  74 e6 ba 7d 7d b9 a3 5d 61 ae 3b ee 76 f7 89 17
  93d0:  74 73 13 17 8d e4 0e 87 1b c6 ba 87 c3 20 37 1a
  93e0:  1c ce 1d 70 47 bb c7 c3 5c d1 7a 2c 08 c7 c3 be
  93f0:  c1 a1 fe 70 60 34 3f b7 38 de d6 c8 4c 2b a3 83
  9400:  83 7d bd dd a3 bb e4 8e b8 fd 43 7d e1 c8 2e b9
  9410:  c1 30 b7 0d e7 ba 03 41 6e 30 e8 8f 89 7b 68 69
  9420:  70 20 3f b7 66 d0 ef 0d 83 98 3b 3a d3 68 ee fa
  9430:  f8 ad b9 e3 f1 25 88 99 21 e4 4b 52 94 76 77 9f
  9440:  6c 04 a6 a7 84 8a e7 a9 f2 c6 64 5a d7 52 59 52
  9450:  59 98 5b 3f 3c 38 34 dc cd d8 86 a7 a4 e6 81 91
  9460:  a1 d0 ef 8e ba c3 40 ea 1a 1d 1d da b5 a0 60 60
  9470:  bc 3b e8 76 f3 fd c1 7e a9 4f 2c 5f 48 89 89 51
  9480:  e9 0b e6 4c 47 86 fd 99 f9 d2 cf 6c fa d7 6f 3b
  9490:  71 db 1a 53 5f 1d 7f b4 c8 b5 6c 9c 11 db b8 c7
  94a0:  e7 66 c7 06 46 bb fb c3 cf dd 99 30 46 fc 17 5a
  94b0:  ee eb f6 76 2a 1e ec 1f 1a 0e 47 46 c2 a0 ac bb
  94c0:  2f 5c e7 f6 87 23 ab 37 9e 13 bf 94 74 63 f9 d1
  94d0:  cf 7e ab 77 a7 fa 06 dd 99 8b 47 2a dc f1 b0 7e
  94e0:  38 8c ba 27 57 ff d5 dd f1 0f 2d 5f ce 67 24 92
  94f0:  9e 6f e6 cb 33 9f f1 7f 2a 66 be 92 af 49 9f b7
  9500:  5f ae 62 29 8a 69 98 b6 a2 26 e6 6b a5 cc bf ce
  9510:  05 ff f5 cb 9a 3a 35 77 4d d4 37 3a b8 d6 1d 1b
  9520:  1d e4 6b e4 8e ae e1 70 cd a0 d7 13 fa a3 23 fc
  9530:  12 4e fa e1 90 f0 24 07 9d fc 7f 38 f4 07 87 83
  9540:  35 9d be bf 66 64 a2 7b d4 ef 22 82 d6 0c 75 0f
  9550:  85 b9 6b 5a 45 90 ad 69 0d 87 87 07 87 d7 12 4c
  9560:  fd 34 36 12 fa 63 c3 dd a3 53 fc 3e b4 cb 9a 92
  9570:  7d cb ea 1a d7 57 96 b5 ef db 54 d7 dc 58 5c ba
  9580:  56 dd f8 7b 79 4d 65 51 71 5b db be 85 4d 4d a5
  9590:  5c 51 b7 ae 29 77 8d 70 f3 c8 da 82 b1 91 e1 02
  95a0:  6c 54 80 a9 0a 08 d3 2e 77 34 f1 b1 a6 cb 1d 0e
  95b0:  c2 81 30 58 e3 fb 0a 5d 1d 19 25 a4 d7 0c 0d 0f
  95c0:  8e d2 f7 c1 e1 35 23 a3 c3 83 84 fe 3f 6e c7 1d
  95d0:  18 18 f4 ba 07 66 9a c9 5d d3 6f ea fc c3 1f 1a
  95e0:  5b 3b 34 38 11 0e 3b 1c 8c 8e 0d 84 7f 3d 8a dc
  95f0:  91 a9 01 bf 8b b6 07 c7 46 d6 8c 0d 4c 74 0f 04
  9600:  6b 46 45 4e 8d fc b5 13 7e 9f 3b d2 b5 b1 2b 18
  9610:  4f f2 87 ba 07 a5 ce e9 ee 21 c9 d9 18 9c 6b 12
  9620:  4f 9f 89 d8 35 9d 03 63 d2 da f6 82 c7 5f 8b 4e
  9630:  b9 29 ff de 0b db 9f af df f9 17 f1 38 8c 8d 8d
  9640:  46 6b 6c c9 8d 34 27 54 7c c5 71 23 dd b2 dd 30
  9650:  b2 5c 59 f3 42 c7 0e 23 d7 09 1c cf 75 55 f1 56
  9660:  9a 13 39 5a a8 d9 ba 1a 98 81 e5 29 ba ab e8 a6
  9670:  e1 ea 86 13 9f b7 57 b5 40 d6 55 d5 d3 a3 d0 e5
  9680:  72 cb 52 42 db 52 2d 9d a0 d1 2c d9 72 64 4f f3
  9690:  c5 2a 86 1d ba 91 a7 9b 8a aa 69 a1 ad ca 9e ad
  96a0:  7b 86 e5 aa 02 17 e3 e4 f5 e9 a7 1f 0b f0 9b bf
  96b0:  fd 91 71 de 4a 4e d1 66 d6 4b f4 dc 79 f3 7f 3a
  96c0:  6f db 1d 7e b3 74 79 e1 d1 a7 7f fd e7 85 df fb
  96d0:  de f7 b2 81 e1 07 5f fc 77 23 31 f3 b9 c9 ba 8a
  96e0:  f5 d5 d6 55 ec 2f b9 ae a2 79 5f 75 5d e5 0b 97
  96f0:  54 fe 76 4d e5 3f b9 9c f2 bf 77 4d 65 eb 93 73
  9700:  3e 1d 59 d6 db 58 54 f7 d1 55 27 5c 9f 7f 6d ef
  9710:  f7 2f 7e 73 3f b9 ab f8 ce 1f fd e9 b2 ac 0b df
  9720:  68 9b 6f 78 cf dd b2 f0 d5 47 aa 76 7b 34 fa c6
  9730:  41 4f 1e be f2 d0 f9 dd a7 38 c6 eb cf 0c c4 4e
  9740:  6f 3b ea d5 6f 5c 73 47 ef 47 bb a6 ae 7a f2 ed
  9750:  cc 5f 2e 49 7a 66 f1 0d eb 6f b0 3f ee 5c fe 8b
  9760:  45 cf 5e bc 43 ed 47 d7 bc bd d7 f3 a5 5d 45 d6
  9770:  33 eb 5f 92 4e f8 a3 aa 1c fe ee 79 6f d5 67 d6
  9780:  7c b8 e4 b2 ce 1f 2e fe c3 9f 73 9b 9f bd e8 d6
  9790:  43 56 da ee b6 af be f2 e7 c1 05 17 34 3a bf 6b
  97a0:  cd 34 da b2 4e 78 e3 fa b5 7b 87 27 15 be f8 dc
  97b0:  b2 86 d3 53 be ff 68 ef d3 db e7 26 5f f1 87 b3
  97c0:  9e fd cb 9c 33 d6 ee 74 cd ad f3 b2 96 3c 72 d3
  97d0:  09 39 4f 66 05 8d 6f 3f b5 62 0b 6d 61 d3 75 1d
  97e0:  d3 c5 93 6b f4 d2 c3 ea 1b fb bb 5e 2b 3b f7 c0
  97f0:  43 5f 6a 3a 74 8f cb 2e fd fa ad ff be 6c f2 99
  9800:  b7 de fb 7d e7 27 c7 ae fc 61 4e f8 f0 73 0b 7e
  9810:  b9 e6 c1 ed ee cc 7f a7 c9 2c 54 af e8 7a e0 83
  9820:  b6 ed 77 69 be b9 75 79 d3 e1 13 d5 e9 ed 0b 8f
  9830:  3b aa ab ee a9 4e ed 76 6b e7 3f 74 ea af 3f ff
  9840:  e4 09 5b ed 31 ba 32 ed 1a b5 78 51 72 5e cf cf
  9850:  6f 7a ae 6b 9b b6 4b fb d2 0a be 33 a8 54 bc bc
  9860:  f2 f5 fc b9 bd ab 5a df b8 e9 ac 81 a3 c6 cf f5
  9870:  3e bc ee 37 3f 7e f9 c2 b5 47 1c d5 90 96 7d e7
  9880:  11 dd a3 da 27 c7 66 1f 5f b6 e8 84 eb fa da b7
  9890:  78 f8 fa b6 77 7f 3d 5e ab 5c 7c d8 76 23 2f ef
  98a0:  9e 1d bb 6e a7 d5 6f ff b9 e3 e8 13 5f ba f7 8e
  98b0:  1d b6 b6 3f fc d3 ca f5 bf da e2 c6 e4 c1 b3 ee
  98c0:  6b 5c b3 ed ab 3b 67 55 fe 60 c9 bf 2f 3d ee e6
  98d0:  58 91 dd 34 7d d1 69 3b fe f6 a7 83 0f b7 3e 77
  98e0:  eb 1f b2 76 6f 5f 78 e7 8e 2f af 5c 5f f5 c7 17
  98f0:  8e 7e fd a9 23 bf 77 f3 c7 47 fc 3c e5 ec db 97
  9900:  8d 5f 7d f5 05 87 8f df 7d e0 e0 c8 8d 7b 9d 75
  9910:  d7 55 e5 07 bd 78 f9 3b c9 ff f6 56 d7 f7 9f 58
  9920:  bf 5b 4a ea 2b 3f 2d 79 f0 8a 8f 56 18 fb 26 1f
  9930:  5f 72 f6 d7 ee f9 f9 d1 7b dd ff dd 6b d6 14 14
  9940:  6d 5d d1 fc c8 b6 d9 5b a7 dd 94 24 87 81 58 4b
  9950:  09 0c 47 97 0d 55 0d 6d f1 c2 6b 60 c9 86 13 08
  9960:  50 b1 1d d9 d1 34 dd 03 c4 1c 3b 0a 42 45 0e ec
  9970:  40 73 1c 4d f1 55 c5 0a 1d cd b2 74 3d 30 74 d3
  9980:  95 55 3d 0c 7d 8b 5b 74 df 33 41 1d 5d b1 ac 48
  9990:  f5 64 2b 70 35 cb 17 5c 96 fe ca be bf 38 6d e0
  99a0:  84 a9 7d 97 36 af 5a 77 d3 d9 db 36 9d 34 bb a6
  99b0:  32 bb cd 6e b3 db ec 36 bb cd 6e b3 db ec 36 bb
  99c0:  cd 6e b3 db ec f6 ff c5 9a ca 2a 49 4a ad fd dc
  99d0:  9a ca da af b8 a6 92 b1 d9 9a ca bc cd d6 54 e6
  99e0:  6f b6 a6 b2 62 b3 35 95 cb 37 5b 53 b9 7a b3 35
  99f0:  95 5b 37 5b 53 b9 63 d3 35 15 e9 c9 4d d7 54 a4
  9a00:  97 37 5d 53 91 3e de 6c 4d 25 65 b3 35 95 39 9b
  9a10:  ad a9 2c df 6c 4d 45 4f ac 2d 6c 5c 53 29 49 1c
  9a20:  6f 5c 53 39 2d 71 bc 6d e2 fa eb 13 ed 6d 97 38
  9a30:  ff eb c4 f1 f6 89 e3 df 27 8e 13 6b 30 49 77 6c
  9a40:  ba 06 93 f4 c0 a6 6b 30 49 af 6d ba 06 93 f4 de
  9a50:  66 6b 30 b1 cd d6 60 46 37 5b 83 99 da 6c 0d e6
  9a60:  c0 cd d6 60 0e da 6c 0d e6 e4 cd d6 60 2e da 74
  9a70:  0d 26 e5 92 4d d7 60 52 ae dc 74 0d 26 e5 bd 4d
  9a80:  d7 60 e2 6b 38 f1 35 98 cd 96 5f fe b5 57 5e c4
  9a90:  9a 4a ef 7f df 9a ca 17 2c a7 cc fc 63 93 45 94
  9aa0:  bf 5d 3f f9 6f 5c 25 f9 e2 e5 91 f8 36 f3 ec 19
  9ab0:  b3 4a ff 68 c1 44 f9 6c 3e 76 76 cd e4 5f 7e cd
  9ac0:  64 ff 63 96 8e 95 ed 77 e5 43 c6 2d 0b 32 8a 9a
  9ad0:  af 72 fe c5 d7 4c ce fc 67 ac 99 d8 5f e9 bf 33
  9ae0:  a4 db e1 7f cf 9a c9 c6 ff 4a c2 9a de 70 6a 18
  9af0:  a8 db f8 ef 9e 9d 9c 3c 37 35 4a bb 67 6d d2 7c
  9b00:  e9 f1 a1 6f b5 fc 71 bb 17 6e 7f e9 fb 9f 76 2f
  9b10:  fb f5 0d 8b 6f 5b bf d7 ea fb c7 ef d8 6d 8b 96
  9b20:  8c 82 d2 c9 0b 4f ef e9 3b f1 c4 37 b6 7c a3 e7
  9b30:  87 2d cd cf 6f 90 5e f8 c9 d5 3b 57 fe ee b4 1f
  9b40:  9f 52 1a ed 72 d1 51 87 3f b7 7e f5 56 4b 2f d9
  9b50:  e5 b7 37 3f 7f 61 50 5b f2 44 df 49 87 4d be 70
  9b60:  ee 35 2f a5 e6 37 2d be e7 86 17 b6 79 76 e4 d5
  9b70:  d8 c9 1f de 58 7d eb 92 2b ce e9 d8 eb c1 d8 25
  9b80:  a7 6f 79 e8 ee 97 7f 7d fc c1 eb b6 fc cd 33 6f
  9b90:  dc f6 f3 0b d2 0f ef 2e 38 66 cb f7 f7 e9 7e fd
  9ba0:  cc 13 2f dd 61 9f 6b bf ab 5a b7 1e b0 f3 56 19
  9bb0:  07 3e 76 c3 9e af 2e eb bb bd a5 c2 b8 fd f5 b1
  9bc0:  e6 77 17 dc a1 9d 78 f3 23 69 d2 33 77 7f 7c c1
  9bd0:  6f 1e 5a 7b e4 ef 8b c6 4e 3b f5 82 ee d5 56 49
  9be0:  fe 8d e7 17 fd a0 71 de 09 9d ab d6 74 5d d8 75
  9bf0:  a2 7c cc 5f 16 9c 70 cb 8e d7 ff ec b7 93 e3 6f
  9c00:  bc 3f 7a 60 5a c7 13 2f f6 3b 6f de f6 6d eb 37
  9c10:  d5 b9 73 fe ed cd 5d 0e 91 63 ef a7 9c b9 2a e7
  9c20:  57 47 3f 79 c9 fd 47 0d df 78 d8 c1 ad 7b 9f 59
  9c30:  91 b9 fb dd 17 dc 76 f2 9a f1 55 ce 95 df 3e 54
  9c40:  7f e8 8a fa bb 77 fa 7e cb c5 27 ad be f9 65 ab
  9c50:  f5 95 a9 5b 7f 76 44 e9 b1 eb 5b 2e 7c a0 b3 e9
  9c60:  e1 dc 79 e7 17 9e 75 72 ea 0b d7 2f 7c e5 bc d5
  9c70:  bf 7b b7 a1 7d ee a1 67 5f 54 bd eb a3 07 9c ff
  9c80:  e0 e9 0b 56 5f f5 ce ad 97 ee 77 75 67 d9 03 2f
  9c90:  ec fe e4 c9 3f 3b 3e e9 c9 3f 1d 75 d8 fe 2b 5e
  9ca0:  bd bf e2 91 fe 85 0d 4f 9e b4 65 4c ed b9 3d 69
  9cb0:  9b 0b b5 8b df 9c 73 61 46 d3 99 f3 97 46 97 de
  9cc0:  56 f8 c9 49 cd 13 93 07 6f f8 e0 ce 45 ed 61 f6
  9cd0:  a9 6f 8e 1d 72 d9 da dc 6d 57 5c 74 d4 fb 27 3d
  9ce0:  bb c8 69 ce be ed fd c2 f5 ab ac b2 ef e6 64 1d
  9cf0:  ff ed 77 76 b8 23 f9 37 8f 5e 39 7a f7 f5 37 aa
  9d00:  eb 3f 28 fd a4 ea bd e3 c6 52 af fa e4 b1 05 8f
  9d10:  9b 97 77 fc fe 87 49 f7 b5 ed de 72 50 fd f9 ea
  9d20:  d4 ca ad ff ed f1 67 1f f9 6d c3 c1 9d 45 43 e7
  9d30:  5c b7 62 8f 1d 77 dd fa e2 0f 4f 2d 0e d3 0f 79
  9d40:  3d b7 69 d7 df 9c de 36 7a 6c ee 19 eb 7e dc f2
  9d50:  5a 9e b4 20 49 4a ba fc 6b d5 dd a3 fd 6e 2f 2c
  9d60:  b5 3b 74 32 34 36 1a ee 0b 9f 8d 02 7d e1 f0 9e
  9d70:  9f f1 cc d7 8f 48 6e 4c 5d 94 94 29 ed fe f7 16
  9d80:  9f d6 26 6f 53 90 36 27 2b 33 23 39 65 45 72 52
  9d90:  fa 92 58 56 e6 9c e4 d4 2d 92 53 92 92 b7 cb 48
  9da0:  de f2 a0 cf af 4d bd 74 70 ce 27 5a da 16 63 db
  9db0:  1f 93 76 fe 9b 0f 2c ff d1 31 6b 4a 9b 3e e8 19
  9dc0:  de ed ca 2b ee 3c f6 ee 9b 2f 3b e2 27 6b 6b 26
  9dd0:  ce 3a ed e5 de 83 2f ad bc 6a e5 c1 2d 63 4f 6e
  9de0:  77 5d 66 d7 5b 87 be 52 d9 fb 68 fd 9f 5e dc e9
  9df0:  a6 94 87 9e 5d fa e3 ce b3 be f3 f4 6a 69 d5 c9
  9e00:  29 6f ed 9f fe 8b 95 f2 bc ec 03 2e fc 63 e6 31
  9e10:  8b 2a 4b 76 de 62 cd 7d 25 4b 5f 6c ba fe d8 db
  9e20:  f3 1f 3a fe f1 fd 77 78 f6 84 57 1a cb be 79 5e
  9e30:  f3 65 f3 aa 97 1c 93 7d de c2 fe 91 a7 cf 3e 20
  9e40:  f7 bd 8f 93 93 0f bf e0 6b 27 96 37 a5 9e 5c 78
  9e50:  dd bb 73 f6 b9 e8 d5 81 7d d5 e3 4e f9 ce 96 f3
  9e60:  5b 96 f7 48 13 7d c7 4d 6e ff dc 29 2b ca 3e da
  9e70:  ea c4 9d 1b 3e fa e5 ad 4f e4 6f 77 e5 73 4f a6
  9e80:  2f 3e 71 f9 a1 d7 1c f2 f0 3b c3 9d cf 7e 78 7c
  9e90:  f1 b1 0f 1c f4 fe f1 23 7f 2e 31 9f bc eb bb cb
  9ea0:  ee 3c b0 b0 68 4f ed a1 43 b6 5c f5 ce 41 29 d3
  9eb0:  17 ed b0 77 de 4f 9e 7e fe eb 1f 48 0b 57 de e5
  9ec0:  af ad bb fc e2 73 76 9c da ed b8 2b 1e 98 dc 62
  9ed0:  7f 6f eb 63 8a 33 4f e9 69 36 de 1c 3d 60 7c 72
  9ee0:  d5 77 0e 7c f4 b2 1f 6c f9 de d9 93 93 73 fe 78
  9ef0:  53 f4 e8 6e cd b7 ba bf bc b8 6e 87 5b fe 50 73
  9f00:  ce f2 b7 ef 3a e1 c0 03 4f 7d aa ef 99 9f f5 1c
  9f10:  f5 50 57 d3 e5 93 f7 87 87 bf 6b 7a cb ae bf 77
  9f20:  f7 4b af a9 d8 76 70 8f b3 cf fb c6 ef 4e 7a e1
  9f30:  ca be ca a9 e4 7d 32 47 b2 b4 86 ea df ed f1 c1
  9f40:  2e 55 c6 ea 92 77 4f 1c 6c fe f9 16 fe e4 ab 75
  9f50:  27 77 ed f6 c9 f4 21 f3 ae 78 ae 77 e7 3b 7e 72
  9f60:  d9 8d 1b 5e 3e 72 87 7d b7 0e 0b 6a 9f 7a 6f f7
  9f70:  e9 3d 3e fe 8e f3 a7 03 af 3b ef fd 0f 1a 2e ed
  9f80:  3c f1 17 3b de 98 f3 7c ee f2 cb f5 63 9f 3e f0
  9f90:  25 e9 fa 79 8d 2f fd f2 a7 2b be 76 e8 0f 4f 7e
  9fa0:  3b bf 78 e7 b2 95 ce 1b 9d ef ee 96 fc 7a 65 76
  9fb0:  59 8d 76 f0 25 5b e6 67 f9 b7 4d 15 dd 71 cb 1f
  9fc0:  d2 b3 bc d5 1f a5 9b 3f 79 fa f8 d5 3f aa 78 ed
  9fd0:  9a 67 c6 de 39 fe 8d a2 5b 16 dc fc d4 da 56 ef
  9fe0:  a3 5f 64 2c 3b 6f 75 cd b6 73 f7 fa f0 db af 66
  9ff0:  1d 93 9f f3 a7 3d ae d7 97 6c 86 9d ce 97 5f 6f
  a000:  56 c2 d0 f0 cd 2f f9 ef f1 59 5f 0d 3b 7d df ef
  a010:  fb fc 8b 29 aa f5 0f d7 9e bf e8 96 ff cf d7 9e
  a020:  bf 35 30 5f 3a 77 e2 ea a3 de d8 d3 ce 51 ce 3f
  a030:  ee 89 53 96 7d 7c 72 e3 45 87 fe 66 59 b0 e7 4d
  a040:  c7 ef a7 ee 9e 7d ec 92 ad 8e 7a f3 a9 0f de b9
  a050:  60 78 c7 69 f7 ed 75 db 2e 1e db ee ac 6d be 75
  a060:  c0 f2 1b 9f 7d 3c f7 c0 6f 9d b6 c5 c2 8f 47 47
  a070:  aa 2f d9 f5 2f 4e dd d1 c7 5e 70 68 ea 0e 27 1d
  a080:  7e bf 79 da dd 0d e7 34 3c bc 6d 5e fb e1 8f 39
  a090:  75 bb dd 34 f7 d5 27 9e fa f9 e1 19 b7 be b2 6f
  a0a0:  ff c4 5d dd 67 dc 53 b7 a8 a9 fe dc 33 ef cf 99
  a0b0:  13 5d 7a 64 f8 da 95 df b8 cb 7d f5 a8 fb b3 77
  a0c0:  59 9f 75 c0 91 05 7f bc f3 f0 d6 53 ef bf f1 a3
  a0d0:  d6 45 f5 39 ff 7e fc 56 f7 ee b7 e1 d3 6b 77 fd
  a0e0:  ed 60 d5 8d a7 0e 3c f0 f8 19 df f8 dd 37 9f fa
  a0f0:  7e da 2f 7f 95 56 f0 8e 3d bf 64 f9 b9 ef 0d 2c
  a100:  38 ed cc ef f9 db 8f a9 fb 04 17 be f8 f4 2e e1
  a110:  9e 17 7c b2 e1 27 53 0f 6f bd ff e0 7e bf 96 9c
  a120:  c7 ae dc e5 ad f2 9a e9 81 a1 15 df 7f e8 9d 83
  a130:  7f 30 af e3 84 1f 87 3b 0f ec f3 eb c7 4e 8a 65
  a140:  9d ff ab c6 6b 1a 1e 3e b9 ed a3 77 b3 0e 78 a7
  a150:  e7 e4 9a 0f 1f ba e4 a1 5d af fe f6 0f 8e 5b fc
  a160:  6a 8e 3e ef a3 ac df be f5 fa 79 ef e4 ee 7d e1
  a170:  1b f5 37 b6 a7 de f2 d3 9c 77 5f 9b 68 cc fd e8
  a180:  95 d4 8a ea bd ce ae 78 21 35 ab 66 dd 75 6f 3e
  a190:  fb d3 ef fe f6 93 a4 c3 4a e5 e5 87 e5 df bb 60
  a1a0:  ef 25 ef 6f bf 6c ec c6 c7 2f eb ea bb 61 e1 c3
  a1b0:  1d 03 1f ee 6d 7e d2 bc f6 f2 3f 7f 6f df b7 a7
  a1c0:  af b8 e5 85 c7 ee 1b 3f e2 e9 da a4 27 c3 ef 7f
  a1d0:  f3 87 17 dd f6 62 c9 45 f3 8f 96 e6 be 70 53 47
  a1e0:  d2 05 8f 0e bc b4 eb 53 66 df 56 e7 6d 5b 7d ef
  a1f0:  aa ba ab 3f 3d e6 9a 21 27 7d 64 de d7 ba 9e 78
  a200:  2c f6 c9 89 d7 7e 98 a7 96 d7 1c ab 9c 7f 6f db
  a210:  1b d7 0c 3f 75 d7 09 ab 1f 58 79 e9 5d 17 1f d0
  a220:  bf d3 b6 6f df fd ce e4 61 8f a8 57 a7 1e bc e2
  a230:  b2 5b d7 af f8 51 f3 f9 fb ee 79 83 71 5b ed 33
  a240:  0f 34 de 75 d5 d6 75 f7 3e f9 fa d4 16 8b da 5e
  a250:  dd 2b 5a f3 ef 5b fe e2 ed 6f 5f 1b 9e ba f3 4e
  a260:  47 ff e0 a2 92 c6 0b fd 93 7f 96 bd f4 bd 1f bd
  a270:  74 a7 7e ef 71 bf d0 4d c7 57 f4 19 85 16 5a 68
  a280:  39 45 09 4d dd f4 c3 c8 08 c9 71 d3 73 2d d3 32
  a290:  75 dd 90 50 41 a1 ab 20 f6 10 6e 24 77 14 aa ae
  a2a0:  8f fe 0f 4d 5f 76 0c cf d2 22 cd 50 5c d9 d2 65
  a2b0:  3b d4 2d 0d 88 20 fb e5 40 8e 54 c7 d1 6c 47 27
  a2c0:  e4 b7 bb 3f ff ad 91 fe c3 fd b4 ad ef df fb 57
  a2d0:  2b 8e 3c af fc 16 4f 7a 71 a4 62 76 7a 66 76 9b
  a2e0:  dd 66 b7 d9 6d 76 9b dd 66 b7 d9 6d 76 9b dd 66
  a2f0:  b7 d9 ed 7f fd da b3 23 a5 5e d7 f0 d7 b5 e7 d4
  a300:  eb 0a bf e2 da f3 82 cd d6 9e b7 de 6c ed 79 d9
  a310:  66 6b cf ab 36 5b 7b 96 37 5b 7b d6 37 5b 7b 2e
  a320:  d9 6c ed b9 62 b3 b5 e7 bd 36 5b 7b ee dc 6c ed
  a330:  79 6a d3 b5 67 e9 5b 89 b5 d6 d4 44 fb df e5 e7
  a340:  f2 c4 bf c7 96 22 49 5b 9d 9b 38 ce 8a 1f af 52
  a350:  13 c7 b1 f8 f5 ea af 13 c7 73 e2 f6 a9 7e 2c 71
  a360:  9c 3d 73 9c 52 7c 4e e2 78 ee cc f5 29 55 b9 89
  a370:  e3 9c f8 79 7f f7 c4 f1 fc f8 f1 21 67 24 8e e3
  a380:  6b e1 29 67 27 ec 9b ba 24 7e ff d9 3b 24 ce c7
  a390:  d7 c6 53 ae db 33 b1 d6 1d 5f 1b 4f b9 ee bb f1
  a3a0:  7e 26 d6 c6 53 ae 3b 21 71 bc 75 e2 f8 99 c4 71
  a3b0:  7c ad 3b e5 ba f7 13 ed db f1 fb af 4f 4d 1c 3b
  a3c0:  f1 eb af cf 4c 1c ef 9a 38 5e b8 c9 da 78 ca f5
  a3d0:  4a e2 b8 3c 71 7f 4d a2 7f 15 f1 e3 07 ba 12 c7
  a3e0:  95 f1 fb ff 72 68 e2 38 be 96 9e f2 d6 1d 89 fe
  a3f0:  c7 d7 d2 53 de 7a 2c 71 fc 8d c4 f9 b7 12 d7 ef
  a400:  3d 73 3e 75 de fc c4 f1 3e f1 e3 6e d1 4f ef af
  a410:  6b ef a9 87 1d bd c9 da 7b ea 77 de db 64 ed 3d
  a420:  f5 3b 1f 6f b2 f6 9e 7a 78 f2 26 6b ef a9 87 6f
  a430:  1c ff e8 cc f3 53 0f df e8 af b1 f8 f1 99 1b fd
  a440:  35 1e 7f fe 35 62 1c d9 7f 5d ab 4f bd f6 8c 4d
  a450:  d6 ea 53 af bd 64 93 b5 fa d4 6b 2f df 64 ad 3e
  a460:  f5 da 6b 37 59 ab 4f bd f6 a3 4d d6 ea 53 af 93
  a470:  3e 5b ab ff 6c be 54 da 38 5f ba 71 dd be b8 b8
  a480:  b8 e6 73 df c2 b7 6e fe 99 a6 84 b6 e7 c9 6e 18
  a490:  39 f1 75 f2 67 7b 27 ff 8b eb e4 1b 37 f1 5e c5
  a4a0:  56 5f 0c 2d 5f a3 ef 77 1d 23 49 47 9e 45 ea f1
  a4b0:  7d 18 fb ad 7e 53 92 42 30 a7 ca 20 5d b1 fb 3e
  a4c0:  ec a7 bc 4d ae 90 83 95 83 92 54 4a 4c af be 41
  a4d0:  92 f6 27 d6 06 be 27 49 05 8f 4a 52 13 f1 d8 f6
  a4e0:  88 24 9d be 34 de ee 7d 1f 48 d2 c3 19 92 f4 07
  a4f0:  f2 bf e8 7a 49 7a 8d e7 6f 58 27 49 d7 dd 22 25
  a500:  0d e0 8f a5 a5 3c e3 6a 49 aa d1 a5 a4 b3 6f 03
  a510:  46 ee 93 a4 2b f9 ac bb 38 7e ff 5c ee 5b fe 0b
  a520:  49 da 09 ff ae e0 39 3b dd 2f 49 a3 e0 5f e3 9e
  a530:  f1 f3 59 3b 4b d2 c2 15 f1 ef d9 f8 30 75 5f 49
  a540:  ca 01 03 e7 90 ff 99 ae 24 a5 fd 80 61 0f d0 ee
  a550:  2d dc ff a4 24 c5 ee e2 dc 41 f1 eb 3b 7d 49 da
  a560:  fe 30 29 69 11 d7 ac 3c 5b 92 ce a3 6f c3 86 94
  a570:  dc bd 46 92 ae 67 2c e5 27 49 49 55 77 4a 49 2b
  a580:  b6 90 a4 6b 2f 96 92 3e 3a 52 92 ce 20 be 76 2a
  a590:  8f df 6f 3f 21 49 07 81 6f 6f 82 89 07 77 48 49
  a5a0:  4f d4 49 d2 af 1b e9 1b d8 55 f7 1c 9f f4 bd b5
  a5b0:  47 4a 9a 73 0f f0 d6 21 49 c7 81 41 65 3f 93 a4
  a5c0:  6f fc 34 7e ff 36 e4 c0 a1 e0 5e d3 81 92 64 90
  a5d0:  d7 c7 6e 23 49 fe 83 92 94 c7 7d ae 1d bf 66 29
  a5e0:  3e 59 81 8d 16 91 67 b9 8b 13 4b ca 73 e3 9f 2b
  a5f0:  18 fb f6 df e4 77 8b 31 fe 16 88 3e 04 f7 be 21
  a600:  49 3b 5f 85 4d ee c6 6e 5f 8b 5f 57 4e 4e 15 9c
  a610:  c7 39 ec 9a b7 56 92 b6 38 4d 92 e6 e1 a3 52 fa
  a620:  2a c2 7f e9 4d d8 8c 3e 6c 45 0e af 7a 80 ef e4
  a630:  7e f3 15 92 b4 84 7e 2e 24 7f 77 f9 8e 24 ed 47
  a640:  7b 0b c0 8c 5f 1e c5 bd 6f 7d 16 37 bb fe 9c fb
  a650:  b9 67 3f 70 d1 22 97 f7 c6 17 7b f0 bc c2 6b f0
  a660:  2b 1c b0 d5 2e 92 d4 4b 3c 9d c4 b3 d6 3d 9c 98
  a670:  bf c7 86 fb 80 83 c9 8c 2b ff 79 ec 48 0c 25 c3
  a680:  57 fb 11 5f 87 70 4f 32 f6 4a 6e 48 5c 7b 1c 3b
  a690:  58 9d b2 2e 3e 57 9f 4c 5f 93 57 c7 7f 9b d9 6f
  a6a0:  4a 5c 73 32 fb 69 89 63 b1 5f 1f bf bf 1d bc a9
  a6b0:  ec 27 85 ff c8 6f d8 2f f9 eb 9b c6 7d da 76 d8
  a6c0:  13 1f 96 80 8b 77 33 fe cc d7 80 81 84 7f 16 1d
  a6d0:  c0 73 05 af 7c 8a 2d 83 c4 f5 d8 69 57 fc 96 49
  a6e0:  8c 64 e2 93 0c 62 29 fd 46 e2 f0 54 62 15 ff e6
  a6f0:  7c 9f ef fb f3 3b b8 9d 91 15 8f b7 34 38 66 1e
  a700:  f8 1d fb 3d d7 fe 2e 7e 7d 3a f9 91 79 33 e7 68
  a710:  2b 9d f1 2c 37 b9 37 45 4a 5a 07 0e a7 7d 14 7f
  a720:  d6 4e 0f 71 0d f8 fb 24 58 9f 41 fb f3 c4 3b 65
  a730:  c4 e2 1c c6 99 f2 a7 f8 35 4f 4c 90 6b e4 f5 12
  a740:  f0 2c 0b 4e 4c c7 6f db 9f 22 49 3b 3c 93 88 95
  a750:  1b a5 a4 3d 37 48 d2 d5 c7 c7 b1 71 ab 28 b1 cc
  a760:  72 3e fb 4f a0 69 72 7b 1e b9 9e 4d 8e 65 91 33
  a770:  59 c4 5b 8c 98 dc 02 bc 3d 85 fc a8 c3 af e9 e4
  a780:  79 f5 45 f4 8b f1 65 60 93 a5 c4 51 8c 71 37 2c
  a790:  e7 ba 5e da 21 6e 33 7e 43 ff bb 69 87 31 66 60
  a7a0:  b3 cc 3c 3e b1 e9 8a 9b e3 71 23 36 c1 bd d9 e0
  a7b0:  44 ca e3 7c c7 0f 29 60 69 2a c7 d9 5c 9f 81 7d
  a7c0:  53 9e 91 92 8e 5e 90 c8 6b 8d 71 70 2e 26 70 88
  a7d0:  9c e8 05 0b d3 7f cc f5 df e6 5a 72 35 1d 1c 4f
  a7e0:  7b 8a f3 05 8c 1d 9f 65 ce e3 fb 11 8c 85 38 cf
  a7f0:  21 7f 96 70 ed d6 8c 29 8d 3e 7d 13 ed 92 c5 78
  a800:  97 0a bf e1 db 6c 30 3a 8b 18 9e 93 4f 3b e0 4c
  a810:  3a 7d c9 e0 f7 ad e0 ca 39 c4 ed 32 ec 98 85 5d
  a820:  33 e0 8c ec 7f c3 df 5f 8b 6b 8e 1b 7f 9e 78 cd
  a830:  ef 74 7c 03 17 cf 15 58 52 8d 1d b0 61 8c f6 77
  a840:  02 7b 56 d3 af 66 be 7b 8c 75 29 98 d3 84 bd b7
  a850:  24 b7 fb c8 55 19 6d b4 2f ed 2e 9c 4e f8 06 be
  a860:  59 0d df e6 91 c3 69 db 83 8f c4 f7 56 60 48 06
  a870:  79 9c 8c 6e 48 c6 4e 6d 4f 73 1d 98 bb 33 cf 38
  a880:  00 4d d0 76 84 94 74 cc b1 89 fb f1 cd 5c fc b2
  a890:  1d fd db 82 f1 e4 30 96 34 6c 9e 41 6c c5 b6 49
  a8a0:  68 2d 61 77 ec 90 7a 21 bf c3 d9 99 8b f8 e4 39
  a8b0:  a9 b7 d2 0f 70 31 73 3f ee a1 8f 99 c4 75 16 be
  a8c0:  db 81 31 cf 27 ce 32 c8 97 cc 3b 19 f6 1f d8 b1
  a8d0:  67 ac 99 7b 76 8b db 25 8d f8 ce c2 af e9 a7 8b
  a8e0:  7f 07 8e 6b c9 eb 34 ce a5 11 d7 69 f8 27 8d e7
  a8f0:  66 0e 71 0f e3 9c 83 dd d2 c1 8f 34 6c 97 0a b6
  a900:  67 ee 1a cf 99 0c 30 32 1d df 6e c5 6f 5b 91 bb
  a910:  e9 c4 75 1a 71 9e 3e c2 e7 30 e3 a2 7f 99 c4 f9
  a920:  9c 16 ae 85 1f d2 e1 9c 0c 48 35 f3 60 3e c1 87
  a930:  1c c6 91 09 ee 64 f1 7b 26 31 9b 89 2f d3 d0 aa
  a940:  69 2f 33 2e 9e b5 a4 98 df 60 be 2c fa 91 0e e6
  a950:  65 d2 4e 36 1a 32 8b 5c 4c 23 9f d3 e1 b6 4c e2
  a960:  25 0b 1d 1b 2b e2 13 7f 65 d0 87 b9 e0 45 1a f6
  a970:  ca 20 0e b3 c1 e0 18 39 92 4e 7f b3 c0 b0 74 f2
  a980:  2a b3 89 b6 c1 9b 4c fa 9e 05 d6 66 d3 6e 16 f1
  a990:  99 45 fe 65 12 0b 99 60 60 8c 98 c9 22 ff 33 f1
  a9a0:  5d 3a 18 97 f1 ad f8 6b 67 e9 68 86 34 fa 9c 41
  a9b0:  4e 67 fc 28 fe 5e 63 c6 05 7c d2 fe 5c b0 24 e7
  a9c0:  32 be e3 8f 54 da 49 03 e3 b3 89 af 4c fa 95 99
  a9d0:  1d c7 af 54 e2 2a 1d 1f 66 f0 8c 8c de f8 f8 33
  a9e0:  3e 88 f7 35 1d fc 48 83 13 d3 e1 b0 0c 78 29 15
  a9f0:  0e 4c 2d 48 f8 ff f1 b8 2e 9d 87 7f 63 60 66 1a
  aa00:  76 58 8a de 4a 27 47 d3 89 bb 0c f6 4c 70 63 6b
  aa10:  e2 31 03 2c 3a 82 9c 49 c3 0e a9 eb 13 fd c7 47
  aa20:  69 bf e2 18 3c ca 78 5f 4a 59 45 bf 6b 18 63 e5
  aa30:  f3 52 d2 c9 c4 c7 6e f4 67 0c 8c 38 90 f3 c9 c4
  aa40:  60 0a 7c 94 21 30 6a 7d 7c c9 36 9d fc 2b bf 4d
  aa50:  4a fa b4 96 3e 10 67 c9 9d 71 5b a4 32 f6 08 9e
  aa60:  6c c0 e7 bd 60 df 42 da 48 c1 c6 8b e9 e7 76 17
  aa70:  c6 6b 0f 91 ef a9 77 c5 75 f6 42 7c 9b fd 21 78
  aa80:  22 f2 04 bb cf 81 53 53 e0 8d 4c 6a 96 34 c1 35
  aa90:  60 48 06 3c fc 73 f2 67 31 7c b5 d3 ef e2 cf 12
  aaa0:  6d 88 6d 1e 5a 30 06 ef a5 13 97 3b 11 53 69 f8
  aab0:  7d 07 78 26 8d 98 2a 23 e6 72 88 95 34 7c 9e c1
  aac0:  77 93 fc a9 27 8e 32 d0 1b 19 60 fd eb 62 4c 60
  aad0:  c3 16 e0 50 26 63 cc e0 99 a9 f8 22 ad 36 a1 3d
  aae0:  88 f9 93 88 15 17 ec ce f8 44 4a 2a c7 7e 19 f8
  aaf0:  e0 2d f4 f0 03 70 5c e9 b7 a5 a4 5c f4 49 b6 c0
  ab00:  27 6a b0 4a f2 a2 13 7c cb 15 3e 60 2c d7 a3 0b
  ab10:  0e c4 c6 73 d1 38 c7 88 f8 bc 50 4a 5a 7b 96 94
  ab20:  bc 2f 7e 4f b9 41 4a 2a c5 4e b7 91 a7 b1 2d a4
  ab30:  e4 21 6c 97 7f 3b 3c 0b a6 3b c4 79 13 d8 f7 24
  ab40:  38 70 30 79 d1 bf 41 4a 19 86 6b bf 5e 26 a5 0c
  ab50:  a0 09 22 fc 67 e0 ab 3f c1 81 29 b4 b5 3b d7 85
  ab60:  c4 c2 21 f5 d8 00 5c 4e a1 dd 74 ec bd 9c 18 8e
  ab70:  a1 a9 73 56 b2 d3 8f 5d d7 4a c9 07 d8 71 0e 3c
  ab80:  02 2c cd 7b fd 33 ce cc d8 25 fe b9 03 5a 71 25
  ab90:  bc 5c ff 43 b4 cc 8f d0 f8 c4 60 32 d8 d0 8a 7d
  aba0:  92 05 2f 62 a3 a5 0b 13 3c 7e 77 c2 07 e4 5b 96
  abb0:  c0 6f 7c bf 45 4b a2 bd 7d e2 9f 29 09 5b 26 3d
  abc0:  16 f7 79 e6 bd f1 e3 39 e0 d9 d6 b7 27 f8 17 1b
  abd0:  2e 44 af 65 61 57 1b bb a6 60 83 9d c0 9d 47 39
  abe0:  7f 08 b9 32 07 fb af 71 a5 a4 03 96 4b 49 f3 89
  abf0:  97 35 8e 94 bc 90 eb de ab 90 92 ae 64 3c 17 60
  ac00:  df 15 82 87 e1 b0 e4 d3 13 5a e3 97 71 ed 90 52
  ac10:  f6 39 5d 71 7a 5c 43 a4 b4 c4 df 09 10 df 93 ef
  ac20:  ff 4c 5f 2c 06 ef 92 2b 3f b3 c9 62 e2 a3 f6 dc
  ac30:  b8 c4 9e c9 39 62 79 cd 2d 71 ee 2b 48 bc b7 30
  ac40:  9f e7 67 c3 a1 f9 8c 61 15 36 5a 86 bd e7 d6 49
  ac50:  49 35 09 fd 3a 0e f6 b7 62 97 15 cf 27 6c 45 fe
  ac60:  66 d1 4e 1a 3a 76 d9 3d f1 df 4c 70 51 05 57 32
  ac70:  e0 9a 5d c8 d3 54 9e 31 97 38 4e 05 3b 16 92 d3
  ac80:  a9 d8 6e 2e 76 48 17 f8 c0 b9 4c ce cd 27 7e e7
  ac90:  70 7d 0c bf c7 a8 6b e6 10 7f 35 c4 7c 7a e2 3d
  aca0:  dc ed b2 e3 9c b4 2f b8 60 63 8b 6d c1 83 85 f8
  acb0:  6e cb c3 18 17 7a 66 4b 72 66 0b da cc e5 7c 06
  acc0:  76 c9 24 ef b6 11 3c 06 07 2c 24 1f 17 62 bb a5
  acd0:  e4 7e ce 3d 33 e3 91 32 12 da 4b d4 ea 2b c8 db
  ace0:  4c a1 5f c4 7b 1d e4 e8 16 c4 47 da c2 38 fe 66
  acf0:  c0 7b e9 56 bc ef 33 3a 08 5b a5 0b 7c 82 77 56
  ad00:  7f 27 8e 37 db 12 9f 7b 82 89 d9 8c 67 11 b9 1a
  ad10:  03 e3 72 c8 95 4c e2 23 9b b8 4f dd 3f be c7 44
  ad20:  6e d1 c7 34 fa 90 76 12 6d ef 16 c7 dd 0c 62 37
  ad30:  8d 5a 25 1b 2e 58 88 1d 97 a0 e1 e7 c2 41 db 93
  ad40:  e3 59 d8 66 2b 78 64 0e 36 cf c1 16 d9 e0 ee a2
  ad50:  63 e2 7d 5f 40 ee cc 47 a3 66 1f 17 d7 31 73 ef
  ad60:  4f f8 95 3c 5f 4d cc 67 81 59 b9 70 b7 c6 bd f3
  ad70:  18 67 0e b6 df 9e fa 22 95 b8 4a 87 17 96 d1 6e
  ad80:  36 79 98 09 76 e6 5c 1b d7 24 d9 d8 d6 6c 8d 73
  ad90:  f6 9c 4b b1 19 bc 9d 4e 5f 76 a0 ff e9 c4 58 8e
  ada0:  e0 e5 c4 5b 96 d9 60 f8 3c c6 9c 86 df 16 80 b1
  adb0:  bb f3 ac 1d e9 cf 36 60 ed 4f 3e 8c 5f 23 f4 fe
  adc0:  7c f2 20 23 8d be 90 6f ab b0 c1 6e 02 f7 f1 c1
  add0:  0a 7c b5 82 be 64 e3 9b 06 30 72 4b 74 7c 8c 7c
  ade0:  4a 87 db e6 61 a3 73 c9 f7 6c 38 cb 42 6f ce 65
  adf0:  7c 0b c5 7f e3 e7 ac f8 7c 4b 56 4f dc c7 4b d8
  ae00:  17 a3 ad b2 b1 cd 8e d4 5f 31 30 63 11 3a 26 9b
  ae10:  9a 37 1b 5f 66 a2 6b e6 cc 8f e3 a6 d8 ea d0 9c
  ae20:  f3 f2 e3 f8 98 86 dd d2 0e 07 a3 78 66 5a 69 22
  ae30:  77 69 27 83 58 5a 08 d7 ed 42 1c 66 e0 c3 79 f8
  ae40:  6a 2e f9 e1 30 be 94 a7 e2 d7 a5 d3 ff 7d e1 8c
  ae50:  93 b9 7e 3e 76 4b 07 27 33 68 33 13 9d 36 07 3b
  ae60:  2f 8d c5 eb bb 2d 18 ef 52 b4 d0 10 bf 55 a2 59
  ae70:  63 68 a4 9d d2 e3 e3 97 39 de 1f 0e d9 0e bf 17
  ae80:  10 ff ab c1 dd 87 c9 b3 25 e7 50 8b c1 4b cb b1
  ae90:  47 25 75 92 3c 2f fe cc e5 f0 52 6e 42 33 a7 a1
  aea0:  05 53 d1 35 59 7d f4 15 cd 9c 86 6d 32 c0 8c 34
  aeb0:  f6 54 c1 b7 55 3c 9f 7e c7 78 f6 7c 74 78 06 63
  aec0:  fc 1a b8 33 8f 38 4f 43 1f 2c 80 eb 33 eb 12 fe
  aed0:  bf 27 7e 7d ce 43 71 6d 2a 78 55 e8 b9 79 d4 58
  aee0:  b1 33 d9 b1 f1 42 c6 12 a3 af 0b fe 02 9e a2 0b
  aef0:  16 c3 59 b9 b4 b9 23 7d 69 79 8f 36 e0 c4 6d 39
  af00:  88 d1 ce b6 e8 82 2d 89 e7 7c c6 bc 18 cc 5b 0e
  af10:  06 24 83 d7 ab 89 c7 dd 89 c3 53 f1 e5 2e 89 da
  af20:  7b 25 e7 d2 e1 ea 92 c1 78 7d 97 95 93 d0 6a f8
  af30:  6c 3b b0 25 5b 68 42 ec db 48 3e 2e 06 c3 e7 12
  af40:  73 19 77 c7 ff 5b 53 68 eb a4 6f a1 37 b2 6e 92
  af50:  92 04 bf e6 1c 19 6f 33 27 91 db 8b f9 5c 8c 5d
  af60:  e7 c2 49 8b 45 9d 4d 1e 64 80 3d 5b 13 9f 0b 04
  af70:  bf e3 8b a5 f8 75 1b ce 6d 43 cc 6c 05 de e4 a2
  af80:  af 96 13 8f ab a8 47 b6 43 3f ad c2 bf 2b 88 f7
  af90:  55 f0 c9 2a fc b1 03 ba fc 78 fa f0 03 b8 f7 50
  afa0:  62 70 f9 63 52 d2 6e e8 a8 66 74 6f c1 2e 52 f2
  afb0:  a3 c4 f9 d6 e0 c1 ab e0 e6 36 b5 9b d6 71 a9 e2
  afc0:  df 8f c0 37 a9 c5 f1 39 4c f1 3e 57 ca 7d f1 3d
  afd0:  0b 4d 94 f2 61 e2 58 9c 7b e3 b3 73 29 6f 6d f6
  afe0:  89 0d d3 0b e3 da 43 1c a7 ef 96 38 f7 87 f8 5c
  aff0:  a7 98 9f 9c f9 bc ef b3 f6 52 33 3e 3b 4e 4d 4e
  b000:  3c e3 97 89 df c0 8d 94 eb 3e 77 fd c6 3d d1 d6
  b010:  3c b8 64 09 78 3b 8f 31 67 3e 18 b7 ef dc bd e3
  b020:  63 5a 92 e0 cc 7c fc 94 7d 7a 62 0a 98 fc 5c 58
  b030:  4e ee a3 3d 16 12 23 db 60 8f 1d a8 d3 32 e1 54
  b040:  9d 31 8b 29 02 f4 82 34 97 df b7 e6 ba e1 75 f1
  b050:  fb 9e e3 da 05 e0 c5 12 38 a8 8f df e7 11 a7 f9
  b060:  68 fd 1c 70 23 1b 3c 8d 91 b7 73 89 93 ea 77 f9
  b070:  24 56 97 91 9b 39 e4 d7 e1 9c 5f 40 ec cd 85 33
  b080:  62 f8 27 8d 98 cd 3c 34 ce 29 33 b5 d0 dc b8 de
  b090:  ce f8 45 7c 5c 69 62 2e 81 bc 48 c7 ef 47 a2 25
  b0a0:  17 e2 cf 5c 6a a2 6c fa bd 25 dc 77 d2 24 b9 03
  b0b0:  e6 9c 82 ff 2e e7 fa 45 68 ff 6d e1 81 9c 6b e2
  b0c0:  f3 00 95 60 c0 fc 23 67 da 4a ca c1 6f fb d1 cf
  b0d0:  1c ea c4 b9 15 71 5b 66 11 67 06 39 95 fd 72 7c
  b0e0:  ee 6d 01 71 34 9f 6b 06 e8 f7 41 8c ad 10 8d b3
  b0f0:  2c 33 5e d7 a4 83 d5 39 e0 ed 7c 70 63 21 d8 35
  b100:  f7 a6 cf e2 45 d4 0b 19 37 27 f0 06 5c 48 c7 4e
  b110:  e9 dc 9f be 32 71 bc 4f 42 fb d5 26 78 64 ef c4
  b120:  fe cd c4 6f 62 3f 22 ae c3 67 3e 4f 4a 5c 2f 3e
  b130:  e1 d2 0c 62 2c e3 1b f1 7a 79 e6 b7 81 c4 b5 f7
  b140:  27 3e a7 13 3b 7c 96 71 65 e2 bb 68 e7 99 44 db
  b150:  57 c6 8f 45 9d 21 ee cf 4c 8a 9f cb dc 3e be 6f
  b160:  6c 4b e8 fe 05 d8 7f d5 a9 8c 11 9e 99 7b 48 42
  b170:  53 81 45 73 a8 ab 53 3f 8a e7 f4 36 c4 ef ae e4
  b180:  6a 06 3c 3b 87 5c cc e4 73 09 dc 92 fe 7e bc c6
  b190:  49 03 eb b2 aa e3 ba 3c 93 e7 cc 25 d7 56 61 8b
  b1a0:  cc 25 f1 fa 7e 61 82 17 b2 45 7e c3 13 19 f0 d6
  b1b0:  7c 31 87 81 e6 9e 23 34 38 d7 66 21 7e b2 c9 97
  b1c0:  79 60 f0 12 30 2b 03 ec 8c d1 b7 2d c0 bb 95 68
  b1d0:  d0 b4 1f c5 71 3c 06 1f 64 83 09 cb 88 f5 79 70
  b1e0:  e1 22 b4 c0 3c 34 dd 96 60 75 06 6d c4 56 26 74
  b1f0:  1f bc b2 00 4e 9d 0b 36 2d 60 9c 4b b8 7e 15 6d
  b200:  c7 88 8b b9 d8 76 51 57 1c ff 17 13 53 19 f4 7b
  b210:  0e 39 b2 16 cd df 4e 1e 65 e0 f7 ad d1 12 8b c1
  b220:  fb 6d 89 93 74 e2 35 c6 3d 69 a2 f6 27 5f d3 0e
  b230:  8a 6b 83 6c 6a 83 9c a3 b8 66 e7 44 6d f5 97 78
  b240:  1d 3c ef 86 38 57 6d f3 5a dc 87 8b d0 5d d9 d4
  b250:  48 8b e0 a5 b9 f8 62 c9 6f 13 f3 93 7b 24 e2 49
  b260:  d4 11 e4 79 ce 55 f1 3a 75 91 a8 d9 e6 c5 fd 27
  b270:  f0 54 ec 19 3c 7b 2e f7 a5 d0 56 06 31 9b 25 30
  b280:  05 0c 9f 4f 4d 9a 22 6a 09 fc 90 42 9e e6 a0 91
  b290:  d3 04 86 08 9d 0a e6 c7 e0 ab f9 43 f1 6b 72 6f
  b2a0:  8f 63 51 06 35 5d 36 76 5a 78 4c fc 3a b1 0b fc
  b2b0:  9e ff 7e e2 98 6b 97 52 17 66 82 c3 5b 13 03 99
  b2c0:  f0 f5 ae d8 38 03 7b 2c 16 fa 91 18 28 07 7f 53
  b2d0:  ee 8e 5f 3b 83 53 77 26 3e c9 cb 8c 6f 27 70 8a
  b2e0:  1a 73 2e f8 33 0f cc 88 91 cf 15 e7 7f ae 0e 10
  b2f0:  f5 03 be 8b 9d 1a 9f 23 5b 20 e6 b6 88 8f 74 62
  b300:  25 05 9b a7 91 d3 59 8b e3 df b3 e1 84 d8 59 33
  b310:  73 3c 52 fa 01 f1 9a 36 5b 60 a0 d0 f0 2f c7 d7
  b320:  95 52 de 4e 7c 62 a7 14 11 97 e3 f1 7b c5 79 a1
  b330:  0d b3 d1 84 39 e7 c7 c7 3f 87 eb d2 c3 78 9b 19
  b340:  c4 58 26 76 4a 87 07 b3 b1 d5 1c fc 3b b7 2d c1
  b350:  01 2f c6 9f 39 83 e1 af 25 9e 05 56 64 c0 29 2b
  b360:  cf 48 9c 7f 39 31 ee 3f 27 78 82 f3 29 9f c6 f7
  b370:  2c fa 19 83 0b 32 b1 61 0c 9d ba 18 5c 9d 27 e6
  b380:  16 78 66 ce ef e2 cf d9 32 f3 6f 6d 22 c6 32 63
  b390:  93 c7 e3 35 f6 dc 7b 13 ed b3 67 ed f3 39 5b 88
  b3a0:  7a 93 ba 34 fb e0 7f 60 0b f4 76 16 fe db f1 9c
  b3b0:  cf d9 03 ed 9c d3 1c b7 87 a8 21 e7 a1 d7 33 88
  b3c0:  13 9b b1 2d c0 16 73 b6 dc d4 0e 99 70 d3 b2 91
  b3d0:  f8 9a dc 26 b6 c0 a6 b9 2f 7c 09 5b 2c de cc 16
  b3e0:  42 bf 89 dc c7 cf 39 c4 f5 5c 31 5f 00 97 2c 42
  b3f0:  db 1d 8b d6 58 0e 9f ec 4e ce 6c e3 c7 6d b3 33
  b400:  39 b2 62 39 cf 13 73 d1 8c 3d 9b b6 55 31 07 4f
  b410:  0c ce 45 8f a7 a3 89 55 f2 6e 35 39 7d 1f fb 9c
  b420:  fd e3 ff dd c9 cc 6f c6 63 7b 9b a7 36 e5 7c f1
  b430:  2e f7 bc fd 12 b5 06 78 b6 90 fc 4e 49 d4 a6 a9
  b440:  e0 4d 4c cc 25 ef 16 3f 2e c4 67 cb 45 9e 81 8f
  b450:  a3 61 fc 7a b1 bd b3 a6 f0 95 b3 3e 3d eb d3 c2
  b460:  57 36 fe ef e0 73 bf ec ff fe d1 b5 9b 9f 8f 1f
  b470:  ff 47 77 7d d5 d6 fe f1 f9 cf 7e 11 df be e8 fe
  b480:  af 36 da ff f8 ea 2f 3e f3 55 7a fc b7 b6 df b4
  b490:  f7 5f fd 7f 7f cf 1e 5f f4 fc ff cc 33 fe f3 63
  b4a0:  ff 67 3c e3 bf 1e 3f ff dc 5e fe bf f7 bf 7f 85
  b4b0:  f1 7f b5 3e fc df e8 71 3c 33 ff e3 38 ff 5b 9c
  b4c0:  d9 f8 cb df 47 bc ff 6c 4f fe 3e 3a fc e3 2b fe
  b4d0:  39 d6 fd ef f5 c4 7f 15 9b fe 31 fa fd b3 e2 f5
  b4e0:  9f 8b 2b ff ec 88 f9 67 f8 ef 3f 8e fe af 1e bd
  b4f0:  ff 73 f9 fb 59 af ff de 33 ff 35 22 7e a3 5d fe
  b500:  67 ad f3 ff da 13 fe 59 71 f8 5f 43 de ff fb 7c
  b510:  f9 af a5 5a be 9c 36 db 3c c2 ff 96 a5 e2 df 67
  b520:  5f 72 9d dd 66 b7 d9 6d 76 9b dd 66 b7 d9 6d 76
  b530:  9b dd 66 b7 d9 ed ff ce 26 fe 7d 94 2f d8 2f 98
  b540:  dd 67 f7 d9 7d 76 9f dd 67 f7 d9 7d 76 9f dd 67
  b550:  f7 d9 7d 76 9f dd 67 f7 d9 7d 76 9f dd 67 f7 d9
  b560:  7d 76 9f dd 67 f7 d9 7d 76 ff 5f b6 ff 2c 7c eb
  b570:  57 4f 6f 5c 23 f1 5d 59 0f 15 c3 09 d5 30 08 4d
  b580:  55 96 15 3f 8c 22 cf 57 0c 53 73 0c cb b3 22 c3
  b590:  55 55 27 b2 2d cf 55 54 c5 b4 75 c3 74 d5 40 8e
  b5a0:  1c cf f4 65 53 33 0d d3 53 82 28 08 1c 2b 8c e4
  b5b0:  40 75 15 45 37 55 c5 0e 0d 4d 8d 22 25 54 02 d5
  b5c0:  b2 34 25 b0 02 4d 91 43 3b 94 75 df 74 0c 37 88
  b5d0:  7c cf 0a ec c0 94 22 cb d3 ad d0 36 4d c3 0a 0c
  b5e0:  db 52 54 4f 0f 2c dd 50 02 37 0c 03 d7 76 c2 c8
  b5f0:  b5 d5 50 e7 7f 5a a4 46 a6 af 1a b2 69 b8 36 37
  b600:  84 b2 ab 87 b2 ec b9 86 1c 6a 86 ca e5 81 ea 28
  b610:  66 14 e8 7e 20 7a ea 9a 51 64 a8 96 16 58 4e a8
  b620:  f9 41 c4 e8 6c c7 95 39 36 34 59 d7 3d 53 8d f4
  b630:  40 95 a2 c0 8a 54 c5 97 55 57 f7 0d 5b c7 04 4e
  b640:  24 6b 16 06 50 0c 5d 75 0d c5 d2 8c 48 97 0d 37
  b650:  d4 6d 4b a7 5f ba 67 18 46 20 3b 32 0d 85 86 85
  b660:  85 64 53 0d 7c dd 94 03 8f 0e f2 a1 6b a1 12 62
  b670:  35 4f f6 35 47 0d 6c 4f 35 bd 90 7b c5 df 3e 0a
  b680:  7d b6 48 b1 74 f1 df d0 d7 4c 2f 92 6c 45 b6 5d
  b690:  27 08 3c 1e 69 29 dc 64 6b 18 92 fb 34 53 d6 8d
  b6a0:  40 73 23 cf 95 f9 54 75 43 75 c5 7f 5d cd 31 64
  b6b0:  ac ae d9 81 ae 7a 96 f8 13 f0 56 a4 6b be aa aa
  b6c0:  a6 1e a9 b2 aa d9 be 81 c3 02 d7 f7 0c 5f 0b 02
  b6d0:  d7 c4 bb 91 6f 73 9b aa 79 ae a5 78 78 d3 77 5d
  b6e0:  39 30 d9 2d 4f 72 0c dc a4 3b 16 87 18 d5 74 3c
  b6f0:  4d 31 0d 4f d6 6c 27 f0 a3 d0 0a 7c 19 b3 68 9e
  b700:  82 0b 74 59 f5 43 03 1b fa 86 ac 68 7a a4 04 74
  b710:  c4 13 7f a8 de 12 27 22 1b 9f 6b 8a 6d 07 34 ec
  b720:  5a b6 65 38 be 23 db aa 6a cb 8a e1 9a 46 48 fb
  b730:  4e 64 ba 21 4e 0e f1 06 4e 34 02 4f 92 43 c7 96
  b740:  d5 c8 36 23 95 51 ea 36 21 83 3b 75 62 d1 0a 65
  b750:  45 8d 88 48 d3 b4 5c 9f 58 e1 b9 aa e1 a9 9a 2b
  b760:  fe b0 94 23 3b 0c dc 96 2d 9f 61 f9 96 6c e9 7a
  b770:  68 46 3e e1 e5 fa 8a ab 39 ae c2 2d 81 8b e7 34
  b780:  cf 76 5d 82 82 dd 92 43 0f 87 c8 ba 13 7a 2e e6
  b790:  b1 ad 50 0a 55 39 d4 4d c3 76 3d 85 07 69 8e e3
  b7a0:  44 8e e2 a9 aa 65 06 a1 4b 62 58 ba 8f bb 0c 25
  b7b0:  c4 7e 66 e0 5a 61 a8 85 a1 6b fb ba 11 12 18 8e
  b7c0:  2c ab 96 4a b6 98 a6 ee 90 36 5a a8 7b 74 d5 d1
  b7d0:  ed 50 b1 0c c3 f7 02 25 d4 75 d7 f5 5d 93 1f 23
  b7e0:  4d 0d 42 7c a4 da a1 ab ca 7a 14 45 ae 25 f9 5a
  b7f0:  e8 ba 51 84 23 03 6c 48 53 ba e3 19 36 9d f6 3c
  b800:  2d 8c 54 f1 97 b3 30 7b a0 68 51 a8 fa 8e 1f 38
  b810:  36 d1 8e d7 35 3b 72 0d cd f3 74 4e 6b b2 85 41
  b820:  55 3f 32 1d 11 51 46 a0 6a 0a 0f b5 35 5d 71 88
  b830:  6f 99 14 08 74 4b 57 0d 43 f5 14 47 26 e3 54 dd
  b840:  c5 96 96 e1 7a 12 c1 a5 13 a4 a1 eb 28 91 11 99
  b850:  0a 8f 26 a3 15 22 88 00 88 6c 99 60 0b f9 c1 08
  b860:  6d 59 0e 42 db 72 1c 02 d2 b7 88 f6 c8 00 11 2c
  b870:  4d 03 0c 22 82 d6 54 2d c5 d4 5c 8c ac 04 8e ee
  b880:  46 81 0f 96 04 a1 83 85 3d 59 c1 57 b6 6d a8 86
  b890:  2f bb 81 6a ba ae ed aa 84 7f 64 e9 92 6d 06 81
  b8a0:  19 06 40 11 f9 6c 68 a1 e5 91 37 8e 36 13 52 8e
  b8b0:  1b 02 47 6e 64 6a 01 26 e5 fe 10 d3 63 3d 4d 53
  b8c0:  14 ec 6f aa 4e 40 9c 01 38 5e 18 44 72 68 5a 01
  b8d0:  83 b5 43 5b 31 7d 2c a1 03 45 8e a1 38 aa af e9
  b8e0:  7a e0 69 b2 17 84 3a 77 c8 a6 4f 2a 39 b2 65 91
  b8f0:  9a 86 44 1e ab b2 a5 02 40 1a 09 a7 3a a6 45 26
  b900:  10 4c 01 69 ae ab 02 6f 5c 5f 76 42 df d6 35 d9
  b910:  77 22 2c 43 34 7a 44 17 09 4e 46 d8 c0 21 19 a8
  b920:  f8 36 b9 1b 9a a6 6c 9b b2 67 7b a1 12 11 d9 40
  b930:  91 43 78 91 a0 be 17 fa 80 8f 4e a8 fb d8 43 f6
  b940:  fc c8 77 2c 07 13 48 36 51 ed d0 0e 5d 24 07 2c
  b950:  27 b2 7c c7 c6 cf a1 61 38 04 82 c0 62 fc af d8
  b960:  e0 11 91 a0 92 7f 98 4f 97 31 30 e9 e1 12 ab a4
  b970:  09 69 8a c3 1c d7 0e bd d0 76 f0 bb 27 eb 60 59
  b980:  18 a8 22 6c e4 20 52 74 47 23 19 80 e8 90 26 34
  b990:  df 0c 01 65 4b 17 39 21 31 6a 53 f5 8c 30 30 79
  b9a0:  02 48 69 45 21 6e c6 b8 22 a1 dc c8 72 7c 97 ec
  b9b0:  74 0d 47 a5 73 3a f8 e3 a8 c4 7c 44 0c 08 02 f1
  b9c0:  31 98 e1 e3 17 5d b5 48 09 02 2f 90 5d d7 03 89
  b9d0:  74 01 0a a1 70 39 09 e4 0b 84 27 68 84 bb 2d 87
  b9e0:  d4 80 39 4c c6 e6 1b a1 a4 a9 1a 21 8a 51 54 3d
  b9f0:  22 99 15 f1 37 86 0c df d0 0c db 66 64 b6 03 00
  ba00:  11 21 36 00 6a 86 a6 af fb 84 85 8a 7b 1c dd 0b
  ba10:  74 43 10 0e cf 70 ac 28 b0 31 a9 4f 1c db 86 1d
  ba20:  ea 91 4e 24 6a 3e be 20 59 15 d3 a3 63 a2 c7 2e
  ba30:  c6 95 0d dd d6 4c 3f 14 c0 63 82 9a 12 70 80 f1
  ba40:  c3 50 c6 69 96 ce 43 e1 24 0b 4f fa 8a 65 c9 9a
  ba50:  a1 87 96 e6 e9 90 5d 28 7b 72 40 c4 93 24 80 3a
  ba60:  01 15 61 1a 97 28 01 23 08 56 01 1c 40 9a ed 38
  ba70:  9a 6f 29 9a 09 ed e0 6d 37 a2 37 04 b7 1b 38 e0
  ba80:  82 af f9 0e e0 ab 39 64 8c c6 0d 58 5d b7 a5 80
  ba90:  9f 35 c5 83 0c 65 01 40 a4 ab 03 5b 01 97 0e c9
  baa0:  eb 43 a0 b4 1f 89 1c 06 6a 3c 53 b3 15 d5 75 81
  bab0:  b9 c0 57 88 7f 07 8e 26 c8 64 c3 8a f0 7a 20 d2
  bac0:  14 0a c1 1a 36 6c 20 87 2a 5d 03 29 48 87 00 64
  bad0:  d6 7d 47 77 7c 10 d1 09 64 3b b2 20 74 dd f2 6d
  bae0:  29 34 9d c8 05 5f 35 87 40 f5 2c 1b 38 c3 a8 9a
  baf0:  ad 81 ee 5e e4 45 8e 65 c3 86 3e 16 d2 34 c0 48
  bb00:  21 d2 23 0d 10 f1 08 08 10 14 fb 44 f0 96 a9 40
  bb10:  81 70 04 a9 6b 80 5e 16 23 84 c6 43 10 1a 79 60
  bb20:  6b f0 bd 25 7b 3a cc e1 81 8c 01 49 0b f7 2a 04
  bb30:  92 01 19 69 e2 4f 0b 02 27 8a af d3 be ad 06 84
  bb40:  9c cd 49 dd d6 5d 7c 42 a0 ea aa 69 7a 68 12 20
  bb50:  55 d1 03 64 05 16 51 14 4b 35 74 f0 5c b7 48 1b
  bb60:  48 8e 4e 82 92 8a ad 78 2e a8 0d b1 19 9a 6d a3
  bb70:  59 00 17 60 db f3 fc 80 48 72 bd 30 32 0d 28 00
  bb80:  f8 b0 81 55 df 56 25 fa 2d 63 73 1d 08 24 c0 a1
  bb90:  4e 05 36 56 3c 45 0d 2d 5a 03 70 7d cd 54 08 00
  bba0:  3d f4 2c d0 c5 f4 70 09 e4 1f 22 8d 88 65 59 b7
  bbb0:  a0 53 fc a1 0b e0 52 61 42 d3 25 d6 4d 41 7a 82
  bbc0:  83 51 14 34 a7 da 3c 34 b2 e1 24 9a 83 dd 19 09
  bbd0:  52 c1 d2 60 34 4d 72 7d 30 c6 02 60 b0 9d 2f f2
  bbe0:  ca 31 75 70 c9 09 43 6c e4 5a 58 d3 85 a5 01 9f
  bbf0:  50 25 41 1c 3b 22 83 15 5f 90 22 41 69 ab 4a 20
  bc00:  a0 dd b7 80 3a 48 4c c6 4e 9a 6a 8a 44 43 da 70
  bc10:  27 2a 4e 06 82 23 20 91 8b 7c 50 35 22 f0 bc 50
  bc20:  f6 15 58 1e c6 0f a5 88 c0 b4 0c 4f 73 7d 15 04
  bc30:  96 cd c0 76 80 b6 c0 80 6b 5d fe 01 45 da 22 ba
  bc40:  0c 1f 76 84 63 7c a1 3d f0 2e a8 85 e2 70 2d 83
  bc50:  27 98 e4 4a a0 33 54 12 2d 44 4f 99 c4 90 19 d9
  bc60:  3e ac e0 63 a5 c0 43 30 d9 50 1b 80 64 00 34 4a
  bc70:  14 d0 a6 09 8a 10 ba be 24 c9 36 92 04 30 b7 85
  bc80:  0b 51 6e 08 32 12 0f fb 46 30 9a 8b 52 80 8e 10
  bc90:  02 96 e9 e9 be 10 a3 2a 12 36 b4 09 78 d7 d5 11
  bca0:  68 74 02 7b 70 29 80 e0 7b aa a2 bb 22 5e 02 47
  bcb0:  d3 b1 ba 21 5a 21 96 04 8a 00 2d d0 28 c8 68 a0
  bcc0:  5d d1 28 48 1f 8b 98 44 14 9a a6 49 08 46 4e 08
  bcd0:  00 12 3d 91 e1 f9 c4 0f 72 82 ec 72 85 28 02 73
  bce0:  c8 67 12 d8 87 5d 80 4f dd c2 94 0a 44 c2 83 03
  bcf0:  10 4f 55 43 5f 80 06 b1 80 d0 d3 c1 53 6c 42 d8
  bd00:  ab 48 58 ac e9 06 1e d9 47 ca 78 46 80 9b 03 93
  bd10:  5c 81 87 31 0c 6e 71 0d 89 6b c8 49 a8 02 a1 0d
  bd20:  6a 30 00 14 99 e9 10 0e 80 9e 81 78 41 78 82 66
  bd30:  81 10 cc e2 cf 35 21 41 dd 10 6e 45 e2 c9 38 57
  bd40:  18 1c a7 19 24 39 a6 d1 10 ca be 16 a1 64 7c 0b
  bd50:  62 12 e8 60 11 39 8e e7 13 e0 c8 0c 48 03 6c 60
  bd60:  ac 5a e0 52 05 04 d8 54 32 1d 1f 03 b8 70 22 f8
  bd70:  e3 b8 1a fd 74 3d db 97 91 0e 50 9f 41 94 63 5e
  bd80:  a0 4f 86 a8 ad 00 ed 88 9a 8e 7c d5 25 56 7d 1d
  bd90:  d6 41 ea 98 74 08 e4 e7 1a d7 41 77 99 1e a6 88
  bda0:  48 20 53 c1 d2 b0 0b 19 15 68 88 07 80 13 dd a0
  bdb0:  88 8c f3 7c ba e1 7b a6 62 4a 18 d1 43 ac 41 06
  bdc0:  1a 71 45 f6 84 24 b4 6f 87 88 79 3c 2e 94 a0 06
  bdd0:  cf ca 0c 5c 41 18 0b b5 48 02 23 44 d0 0f 30 2f
  bde0:  bd 82 34 0d 45 68 39 c0 4f 31 a1 3d be 02 79 c8
  bdf0:  1b 78 dd 40 13 82 b9 28 5e dd f7 85 c6 86 dc 14
  be00:  04 1a 63 c7 c4 e2 0f 56 49 40 0b 8c 81 18 47 14
  be10:  82 15 e4 02 11 06 21 60 7b 70 0e af 21 19 d1 89
  be20:  96 43 7c 01 39 60 87 66 a1 95 02 4b 85 d4 51 29
  be30:  2e 2c 6b 06 06 c3 81 ae 1d 84 94 1c 82 ac 3e ea
  be40:  cb 08 04 9c 13 f6 2a 9c 02 8a 40 e4 74 08 38 82
  be50:  10 64 db 93 51 5b aa e1 4a b2 27 14 bb 82 16 d1
  be60:  23 43 43 4b 03 35 b6 50 c1 32 0e 72 b0 15 45 11
  be70:  58 09 7f 6a 3e f0 8f 4f 75 13 28 d7 00 29 f0 00
  be80:  dd 28 7b 26 8a 25 74 30 27 60 aa a0 93 2d 5d 88
  be90:  69 cf d6 bc 80 0e e1 2a 9e 85 81 90 e9 88 61 02
  bea0:  54 21 b3 09 4b 2b 34 3d 2f 90 3c 78 53 06 66 18
  beb0:  00 72 1f a5 19 06 c0 1e 1a 98 22 09 fa b5 09 44
  bec0:  e0 c3 c1 03 ae ab 91 c8 94 26 88 05 d3 50 14 15
  bed0:  f6 a3 8b a8 78 07 ad c3 00 09 5d 60 1c 70 54 c0
  bee0:  0d 82 17 cf 09 0e 81 8f 0d 3b 00 ea 64 4a 31 9b
  bef0:  12 71 e6 0f 0a 9a 81 68 1e 20 40 8f cb 24 1d 9c
  bf00:  12 81 dd e4 1b 02 05 9a 33 15 12 c1 b4 65 cc 8c
  bf10:  2c 84 2e 51 1c 44 3a 4e 09 50 4f 84 7f a0 98 82
  bf20:  66 45 e7 f0 08 9d c4 1b e4 11 c5 0b f1 ed 22 a1
  bf30:  48 45 5d 16 e0 0a ee 9b 81 0e 48 2b e0 a0 08 26
  bf40:  54 ac a2 06 33 c2 1c 36 02 8a d1 8f 91 a8 14 b9
  bf50:  2a 0a 5c 15 df 99 08 32 0a 32 5a e6 f9 e4 b2 42
  bf60:  b3 3a 25 44 24 e2 4b d7 40 1f 6f 26 77 34 0d 41
  bf70:  ab 1a 21 3d 32 66 54 2a c5 b6 2c fe 06 9a ef a3
  bf80:  83 2c e2 50 15 65 9a 4c ae 0b 06 52 79 8e 86 90
  bf90:  40 3e 30 78 5c ad 44 a6 a4 7a 78 c2 54 01 73 0f
  bfa0:  f1 c7 c8 7d 22 d5 07 a7 7c 14 0d 65 34 01 18 ba
  bfb0:  9a ac 89 0a d6 44 09 d8 54 9c 14 1a a8 3f 15 d5
  bfc0:  41 04 18 c0 a8 a8 a8 21 46 6e 8b a0 73 02 0c 4b
  bfd0:  d1 53 6a 05 92 d4 07 e2 02 2d d2 2c 84 2c c1 61
  bfe0:  28 3c 4f a3 52 93 05 96 f8 12 80 11 29 88 61 8a
  bff0:  27 33 a4 63 01 1c 0a ba ba b2 37 d3 23 15 a5 ed
  c000:  98 30 1a 41 42 51 ea 8a 4a 90 30 40 ea 29 91 10
  c010:  32 2e aa 5a 13 f1 e8 ca 64 95 6f a0 cb 35 90 15
  c020:  db 50 41 6b 50 33 a8 cf 95 40 a5 26 f0 50 d4 f2
  c030:  70 58 40 65 22 50 4a 0f 91 44 a2 ec 00 06 4c 51
  c040:  e5 a1 d9 3c 18 42 35 48 91 90 80 f4 90 d6 28 7d
  c050:  0d 66 33 c3 99 12 26 90 35 38 52 95 21 4d 5d e4
  c060:  16 48 a5 c0 16 1a 92 09 85 2a 72 16 a8 55 6d 08
  c070:  8b 88 03 fa 65 51 fa 0a 3c 08 20 21 1d ee 97 3d
  c080:  30 89 ba 44 47 f8 59 a1 e3 49 14 58 c4 25 63 f7
  c090:  70 12 d1 03 96 58 70 39 fa 07 0e 81 c1 6c 03 06
  c0a0:  27 92 a9 ea 90 29 88 2f 80 55 14 2c 84 0b a9 41
  c0b0:  41 ea 08 c0 02 6e 75 e4 14 08 8a 0c 41 df 82 32
  c0c0:  0a 89 e3 11 39 0a 48 68 30 16 28 53 c6 35 14 21
  c0d0:  14 47 18 83 ea 04 ba 09 24 c3 b2 c5 5f 55 66 c4
  c0e0:  06 28 09 bb e9 d0 13 a5 91 86 fa a5 ab 80 2f e6
  c0f0:  8f c0 67 7a 4d 26 08 12 a7 26 37 c1 7d b0 82 52
  c100:  87 62 50 54 52 c0 1c 76 71 b1 1a 42 11 f9 8d a4
  c110:  43 48 0a 59 42 e9 c6 40 20 5d e4 95 6f 52 59 08
  c120:  6d 19 c8 1e 49 61 84 96 21 a1 89 42 10 0c 38 f5
  c130:  04 a5 9b 8e 48 6d cd 24 c2 4c cb 46 08 ab 26 b6
  c140:  0a 5c e4 81 0e ef b9 8c 1a c5 e4 20 0c 49 6b 52
  c150:  d6 0a 00 72 0d bc 25 3a 04 e8 f2 30 4c 02 4e 47
  c160:  a2 04 b4 20 51 ca 34 6a 09 1d 17 5b 88 4a 14 2a
  c170:  60 a2 5a 16 aa 9b f2 89 2e 49 c4 a6 2f 64 35 cf
  c180:  07 22 09 64 19 b4 42 68 09 90 13 24 e5 81 26 ba
  c190:  c3 98 65 df a4 ae 0e a0 62 05 80 34 28 da a0 61
  c1a0:  f0 20 10 a6 52 91 d1 68 3a 4b c0 09 45 29 92 0b
  c1b0:  f5 6f f8 08 7a 08 48 c1 c1 30 ad ed 88 50 46 44
  c1c0:  44 0c d0 13 7f dd da f2 6c 4b 72 10 98 61 28 84
  c1d0:  bf 6b ba 38 de c1 3b 48 0d 1f e1 29 44 15 98 81
  c1e0:  48 36 5d ea 3e 6c 49 1e 10 c0 24 25 7d d6 a8 6e
  c1f0:  22 5d b0 ad 8d 46 f0 4d 2a 63 9d 67 fa aa 83 ba
  c200:  86 69 a8 4c 4d 8f 8a 9d a2 cb b1 10 d7 9a 50 c1
  c210:  68 16 b0 93 da 43 8b 22 3f 92 0d 6a 23 2a 6c 5f
  c220:  5c 6e d9 81 61 a3 c7 89 12 7c 48 61 41 7f 49 74
  c230:  9e 44 6a 41 74 80 b2 25 84 1a 55 1f b0 ae 85 42
  c240:  02 8b c9 18 0f bb 20 56 6d a8 0d be 9a a9 63 01
  c250:  82 48 41 c6 c0 0e 88 28 90 92 6a 9a 9a 2d f4 84
  c260:  f8 9e d1 c6 d4 28 80 1d 42 3d 80 0e 75 dd 21 3c
  c270:  a8 91 1d 54 bb 89 cd 45 59 a4 03 57 b0 7c c4 45
  c280:  81 8d 02 a1 36 f6 e5 48 37 5d d2 07 76 b4 c1 4b
  c290:  02 d5 f6 3d 85 e1 52 42 40 7a b6 48 77 d5 a5 16
  c2a0:  b4 f9 d5 a3 4a 25 0d a8 49 45 cc 21 37 e4 99 2a
  c2b0:  c2 44 67 e0 20 32 01 5e f5 48 07 2c 80 88 07 fb
  c2c0:  19 bf 25 10 43 01 0d 01 7f 57 54 70 94 a1 d0 83
  c2d0:  43 5d 62 51 d1 78 14 76 16 95 81 e6 98 38 0a be
  c2e0:  03 53 50 43 96 1f 00 b5 28 5b 74 37 68 8d bd 74
  c2f0:  51 e2 1a d0 90 a7 53 ac 21 9b 11 0d 22 a0 41 5f
  c300:  46 80 53 bc 10 52 8a 34 c2 85 1c 01 0a 15 0d f5
  c310:  a7 71 8a b6 11 b2 8c 80 44 30 14 4a 0a 59 04 b4
  c320:  2e 6a 43 18 df d3 b0 80 af 46 c4 8f 0d 94 5b d4
  c330:  68 42 24 c0 96 2a 66 b3 02 a2 4b d4 7e 9e a5 da
  c340:  a6 a8 60 30 31 09 12 8a 09 1c 4a 13 59 a0 26 55
  c350:  cc cc 28 4d c8 cf 22 84 c5 e4 aa 24 21 b1 28 38
  c360:  c1 01 31 b3 e9 88 b9 3f 9c e2 52 01 85 ae cd 63
  c370:  04 cb f3 a3 98 23 8a 08 46 d0 1f f7 2b 3e 8e 54
  c380:  20 61 3a 4d 51 49 62 10 20 94 3d 94 c4 3c c5 71
  c390:  5d ca 5d 31 c5 ab 93 63 40 3b f5 28 05 3c 7a 4a
  c3a0:  d0 0d 6d 83 32 3a 71 03 17 38 51 28 b9 8c 0f bf
  c3b0:  a0 99 91 93 c0 38 06 c6 94 3c cd a5 ca 14 53 9c
  c3c0:  b8 56 d3 45 f9 88 f8 11 73 6e 24 4c 28 e6 b3 0c
  c3d0:  9a 34 19 ad a6 a0 1f f1 90 2b 0a 26 8f 80 c7 05
  c3e0:  24 a9 05 ad 81 34 a8 54 a1 40 08 4d 77 46 c6 86
  c3f0:  3a c5 b8 26 8a 19 d7 14 45 88 2b 49 0e 39 8d c0
  c400:  d2 3c 8b 47 22 69 a1 1a f1 17 d7 2d 1d 2d 89 64
  c410:  14 da 3c b4 7c 51 d3 87 54 9a 36 a8 03 e2 23 4e
  c420:  b1 67 20 e6 3a e0 7f 13 ea 03 d7 a8 65 64 34 a7
  c430:  0e 4e 05 62 62 50 c8 4e 1c 49 9e 92 66 ae 8e 87
  c440:  29 b5 09 3f 8a 36 cb d1 22 31 2b 01 dd 48 0a 15
  c450:  28 7a 12 92 a0 98 13 f4 81 01 c8 41 fc 26 ca 4a
  c460:  2a d0 48 46 a8 f8 62 c6 c5 86 29 d0 20 18 92 32
  c470:  50 a7 ee 13 61 e2 51 05 2a d4 6f 3e d1 ee ea c2
  c480:  12 a8 7f ea 7c 07 1a 15 0c ae ba c2 09 91 49 ca
  c490:  2a 90 0d b5 28 b8 e1 78 58 5d a5 10 53 7d c9 c0
  c4a0:  99 56 a8 51 67 43 92 74 1c b2 11 88 8f 00 82 a8
  c4b0:  23 ea 3c 47 16 13 0f 94 8b 91 06 0c 78 1a 9d 37
  c4c0:  01 6f 15 b4 34 0c a2 95 2a 4d 0e a8 5e e1 2b cb
  c4d0:  52 7d 0a 59 aa 19 17 31 67 81 ef 18 8b 62 45 4c
  c4e0:  ac ca 01 55 13 99 49 50 39 d0 a7 63 29 33 20 62
  c4f0:  49 9a 2c 04 54 00 16 a3 46 89 45 45 a8 13 92 58
  c500:  cc 67 fa d4 e8 3a 22 4f cc 34 42 bd 20 a1 47 10
  c510:  58 08 36 53 30 2f 09 00 09 22 33 05 f1 8b 92 51
  c520:  26 6d 50 c5 96 a8 59 c1 15 b0 08 2b 82 b4 8e 4a
  c530:  8e 40 5e 86 40 37 82 83 66 a0 3c 21 01 1d 45 72
  c540:  35 55 17 92 96 a2 90 1a 46 a8 ad 40 0b d5 48 cc
  c550:  c3 78 24 9f 42 45 ac 88 29 35 2a 07 31 17 0e 53
  c560:  7b 26 e4 ea 85 46 60 62 78 a1 51 85 92 17 a4 20
  c570:  e2 9a 18 d0 35 37 30 11 a4 22 19 a8 07 48 27 51
  c580:  57 9b b2 46 61 68 1a 82 c9 2c f8 90 0c 13 21 66
  c590:  48 a8 1c 4f 17 45 80 a2 86 e8 6f d9 b7 03 e0 99
  c5a0:  c7 12 d0 91 e9 cf 2c 72 10 fe a1 65 ea b0 3a ea
  c5b0:  91 ca 8c 7a 87 52 0d 7a a2 9f fe cc 9a 8b 22 66
  c5c0:  4d 2c 31 41 29 07 90 1a cf 95 41 20 cf 16 33 e4
  c5d0:  d0 16 0c 8a 78 40 f5 88 58 d1 2c 80 08 f3 99 84
  c5e0:  4f 14 49 62 49 c0 84 f0 29 14 d0 4a 14 35 0a 25
  c5f0:  20 2a c8 72 6c 4b cc 32 a1 8f c5 7a 81 37 53 8c
  c600:  e8 62 a6 c4 d3 f8 41 a6 a4 22 39 41 4d 7c 63 8b
  c610:  dc 26 d6 3c 33 34 e0 1d 90 8d bc 46 6b 51 ba 13
  c620:  b2 88 27 5c 00 bc fa ee cc 6c 27 41 10 51 3e 1a
  c630:  3e 6a ca 93 25 d3 e4 0a c5 14 1a d8 8e e8 00 62
  c640:  80 30 0e 66 e4 76 20 66 20 91 9c be 8e ee 10 05
  c650:  15 61 22 83 41 80 bd ab 50 40 05 d4 c8 62 d6 94
  c660:  3c 05 7f 15 59 45 d2 aa 51 c8 00 90 bf a0 87 29
  c670:  1b e0 89 a8 9d 5d 2a 2c 4a 76 41 a0 a1 48 47 d7
  c680:  d3 35 a8 c9 24 0d 11 12 9a c8 58 72 40 c3 90 b6
  c690:  06 fe 20 99 2c 4b e0 00 60 4a ad 1b 2a 4a 88 dc
  c6a0:  15 33 7d f0 81 16 41 5f c4 33 61 e0 88 29 42 0a
  c6b0:  38 ac 01 47 29 94 a9 86 2a 0c 44 70 61 65 c5 27
  c6c0:  2a 11 35 0e d2 05 c9 03 d3 89 29 12 4f 4c fc 84
  c6d0:  48 f1 c0 42 d1 86 a6 24 2b 22 92 6c 68 44 56 0c
  c6e0:  dd d7 10 00 a1 82 39 f0 b5 2c 8b 49 4f 0a 49 9f
  c6f0:  88 21 ca 7d 11 fc e2 12 8c 4e 7e 8a 69 5a e0 4a
  c700:  76 67 16 d2 40 40 cf 06 8f 88 2c 59 a3 41 34 2c
  c710:  84 61 90 ff d4 ce 40 36 d6 b5 4d 8d 04 d5 c8 37
  c720:  30 c7 c0 49 62 ce 4b cc 17 eb 70 84 2a e6 a0 04
  c730:  1c 81 ee 18 c1 72 75 b1 3a 65 c2 9c 08 61 ea 46
  c740:  45 cc 0e 7a 42 86 7a 02 94 34 d1 11 5c 6e a3 52
  c750:  14 b4 3b 75 b9 11 41 11 94 6c d1 cc e4 ab 58 f7
  c760:  21 e8 49 05 8b 07 05 c2 86 ba 25 c0 02 2d 11 90
  c770:  80 8e f8 b3 d0 32 f1 0f 16 c3 8a 00 14 c9 19 ca
  c780:  8e a1 22 3d 4c 0b 94 8e 74 95 40 0d c5 c4 8b 8a
  c790:  d4 d2 34 fc 4d 3e 33 70 8b db 0d 9b 9c 30 11 a4
  c7a0:  88 4c f2 0b 55 87 30 33 a8 fb 3c 98 d2 53 c4 fc
  c7b0:  76 a0 87 2e 75 75 84 de 13 e0 03 c4 12 51 60 29
  c7c0:  dc 86 f6 21 80 35 8e 03 c7 91 e0 45 98 da a6 b0
  c7d0:  c3 8b 06 a2 91 18 01 d3 89 48 28 10 fb ba 8e 01
  c7e0:  20 a2 3a 11 aa a1 a9 c0 5d 3e 85 1c 65 13 1a 48
  c7f0:  a6 6a 35 64 87 a4 8a 84 7c 04 f5 61 06 31 0e 06
  c800:  a5 ca 08 37 5f d5 55 85 cd 52 14 72 c7 07 8c 65
  c810:  1b 36 06 45 09 02 8f a4 52 75 89 88 f3 7d 05 3d
  c820:  2b 26 7d 34 24 a8 49 ee 68 62 3e 3c a0 3c 45 90
  c830:  87 a1 58 74 02 e8 c1 07 c2 04 21 21 ca 76 85 ea
  c840:  d4 37 c4 aa 0a 4e 36 d0 a8 c0 1e 60 ab db 40 93
  c850:  e6 8a 24 24 9e 29 63 49 71 ea 33 c2 d0 82 ab b1
  c860:  00 91 45 2a b9 58 88 f0 15 d3 27 12 e5 3b b9 12
  c870:  88 75 12 a2 57 2c 6c 88 ec 20 cb 4d da 44 11 22
  c880:  34 d0 20 ba 8d f0 41 7b 6b 36 34 e7 52 97 a0 1d
  c890:  a1 64 d7 94 15 8f b3 86 23 66 b4 4c 8d 44 42 6d
  c8a0:  e2 1e d7 12 2b 3a 94 2f 32 79 87 30 c5 3c aa 49
  c8b0:  a1 4e 14 01 1a 04 b4 8d d0 31 0c b8 55 f2 1c 81
  c8c0:  b5 00 89 23 8a 2d 05 f1 8f b0 c1 d0 54 a4 d8 42
  c8d0:  04 82 3a 53 5c 60 23 74 05 3c ed 46 28 2d 4b d4
  c8e0:  b8 d4 91 fc 82 8b 19 b6 2a 34 a3 03 7f 98 08 44
  c8f0:  1b 25 46 3d 48 a1 10 99 62 e2 c5 a2 70 71 5d 25
  c900:  20 4f 6d db d6 88 3d d9 64 48 62 f1 49 95 c4 34
  c910:  19 25 1b 05 00 c5 af 2e 66 b1 a9 ed 84 ad 68 9a
  c920:  b8 42 9b 44 b4 48 b5 4a 4d 1b 28 a0 a3 1d 21 7c
  c930:  c5 2a b4 8e 87 15 4e 23 e1 f0 a9 b8 90 1a 5d 23
  c940:  63 b9 8f 1a 54 18 40 5c 48 c3 d4 9d d4 86 a0 2a
  c950:  cc 0f 29 41 77 b0 15 c2 40 83 df 24 85 72 21 a4
  c960:  76 88 70 2b 4d 6a 62 c1 50 75 c4 6c 32 65 ae 0f
  c970:  4d 01 5f 3a c1 48 ee 40 b0 86 2e 58 56 13 2b b3
  c980:  ba 98 06 42 eb 00 77 42 eb 12 a5 0e 52 0a e9 1b
  c990:  82 72 64 13 88 63 a8 a6 ad 00 b5 98 d2 0c 80 11
  c9a0:  00 41 2c 64 30 7a 62 40 cc 9e ba 5e 20 51 59 06
  c9b0:  58 8f cc 81 0d f0 82 2b 26 a4 1d a1 c9 c5 ca 15
  c9c0:  d9 8e 74 33 b1 73 e8 d9 be f0 71 28 54 12 d5 ae
  c9d0:  98 88 41 58 a0 5c 5c ce 22 a2 3d 43 14 ef ae 10
  c9e0:  0c 4a 14 51 d5 b8 00 27 e7 02 31 e5 65 32 72 c2
  c9f0:  1e b0 41 7a c8 20 77 a4 03 b7 62 72 46 12 93 18
  ca00:  00 a9 29 aa 31 91 7b 3c 55 17 6b 52 48 06 19 00
  ca10:  21 7e c4 1c aa 3d 33 bb 68 bb ba 50 9b 14 cb 62
  ca20:  7c a6 27 8a 76 e8 89 0c 82 af e1 84 d0 75 03 51
  ca30:  f0 a2 89 40 6c a4 8a 21 66 9f 10 58 a0 98 aa ce
  ca40:  04 06 0a 1f c5 a8 0a 79 e7 05 f8 5e 93 20 79 31
  ca50:  c5 46 3d 43 45 4b 55 eb 05 32 9a c3 47 87 c8 98
  ca60:  86 fc 94 35 f1 97 ed 65 9d 22 4d cc 01 69 a2 71
  ca70:  aa 55 47 17 73 93 be 42 b2 5a 10 39 6e 81 bc 41
  ca80:  71 f0 12 fd 20 4a 46 df d7 e1 09 4e 00 9d b4 1d
  ca90:  81 a1 ec 16 20 8c 58 c1 6b 34 2a a6 ea 54 47 2c
  caa0:  ed 0a 78 b3 5c f4 06 7c 01 62 10 be 1a 83 33 ec
  cab0:  10 2d 1e ba 54 f4 60 a7 a8 6b 80 0c 4b a6 c7 38
  cac0:  28 54 5c 08 89 5a 8e 6a c0 a0 2c c3 1d 91 83 0c
  cad0:  a7 0e 9c 99 a1 81 aa 61 83 80 9a d5 82 e0 90 f0
  cae0:  ba 4a 1a e2 66 d0 0e 69 4c de 9b 78 43 95 66 26
  caf0:  30 67 d6 7c 91 a1 b0 a2 a3 98 62 0e 84 7a 4d 13
  cb00:  25 0a 19 49 90 3b f8 06 95 ed 12 79 2a 95 00 46
  cb10:  21 3e 85 6e a1 b0 14 3a 76 e6 45 0e 80 c8 57 74
  cb20:  38 1f dd 12 51 d5 99 02 d4 01 69 84 31 08 67 05
  cb30:  04 16 85 34 0d a3 68 a0 78 05 07 a2 36 24 99 28
  cb40:  b6 e9 b7 27 db 8c 20 42 64 a2 96 0d 45 23 66 6c
  cb50:  a8 00 45 a1 5a 8c 34 12 6b c0 0a cc 83 52 33 65
  cb60:  51 00 f2 58 88 4a 0b f5 50 cc 47 c9 32 22 84 ca
  cb70:  1b e1 8a a6 15 45 a6 4a fe 0a 69 40 ac d9 62 6a
  cb80:  c8 14 53 3d 68 60 c5 05 94 e0 0f 60 95 31 86 92
  cb90:  46 a5 8b 37 0c 59 51 89 6d ce 6a 16 e5 20 a5 73
  cba0:  18 7a 86 45 4d 6c 23 47 c4 62 1f e8 11 68 78 4a
  cbb0:  11 8b 87 64 01 70 07 fd 86 7a 14 ca b4 26 04 2c
  cbc0:  79 6c 8a 2c 25 27 84 fc c1 fe 38 10 79 66 c9 2a
  cbd0:  f1 89 64 d3 7c 5a 40 0d 81 06 8c 9f 08 e6 81 92
  cbe0:  1f 52 89 8a 09 28 c4 2c 35 83 47 a2 e2 25 2a 3e
  cbf0:  aa 07 dc 46 89 8a 2b d1 d6 56 04 ed 82 d1 9a 17
  cc00:  06 01 25 0c c4 41 11 87 60 56 71 0b 7a 5d 41 29
  cc10:  92 75 94 81 c2 0c 32 d9 84 c4 20 24 4d aa 6b f4
  cc20:  92 8b 35 48 02 ea 77 c6 e1 6a c4 93 83 59 43 c5
  cc30:  93 88 42 cc ef 68 8e 21 6a 3b 12 cd 07 69 5d 57
  cc40:  17 73 66 7e 18 91 49 62 0a cd 14 2b 13 81 58 11
  cc50:  41 29 91 a6 42 e9 62 81 40 e8 9f 99 55 0f 44 17
  cc60:  15 96 09 39 73 40 c9 8d 99 c4 fb 3f 14 85 81 47
  cc70:  4c 11 29 62 a6 1a 1b 19 82 91 c1 2c d5 14 c8 44
  cc80:  31 2e 09 ed 63 86 62 1a 11 2c 86 ed 48 32 b4 b3
  cc90:  c0 65 d8 82 8a d4 47 72 91 25 64 86 0c 22 f9 2a
  cca0:  be c5 76 68 2b c1 4d d8 9b 4a c2 25 7d 7d 51 94
  ccb0:  05 62 b6 03 11 06 3d 93 c3 46 20 5c 19 79 81 98
  ccc0:  32 86 86 04 c9 0a 7d 48 95 61 6b 0a 85 9d a6 52
  ccd0:  c9 4b aa 58 d3 a3 be 70 10 1e 10 a2 49 ed af c2
  cce0:  81 ba 98 c4 d1 01 50 57 90 0a 25 10 20 64 0a 56
  ccf0:  24 8e 34 44 aa 3a b3 ba 2b 56 94 42 60 1f 92 05
  cd00:  c0 81 30 86 62 db 42 ea 50 88 13 35 32 c5 92 67
  cd10:  52 ca 93 a7 90 2c b5 1f d9 67 d0 12 95 1c 1f 50
  cd20:  bb 2e a1 75 7c 80 37 14 73 2d 2e 7a 13 9d 85 0e
  cd30:  13 6f a6 e8 b6 c7 60 c4 ba 35 f5 bc 26 66 7b 3c
  cd40:  07 1b 8a b5 5a 01 71 42 11 c3 ec 91 69 5b 33 33
  cd50:  56 e2 75 09 5b 4c 2e 42 af 88 02 53 e3 61 32 a6
  cd60:  74 c4 3a 01 55 1a b8 0a be 01 fa 28 72 5c cc 98
  cd70:  28 45 23 4f d2 5d 41 25 98 55 76 5c 41 d8 c8 0e
  cd80:  0a 56 93 26 a8 9c b1 9d 6a a3 77 e1 0e f1 14 6a
  cd90:  36 62 05 54 45 95 06 94 4a a4 80 69 c8 54 f6 96
  cda0:  58 47 b3 45 3c 82 6b 38 87 a0 11 93 bb be 1c 50
  cdb0:  9a b9 86 98 79 35 c4 a2 36 99 21 a8 22 10 8b ce
  cdc0:  ae 47 e7 0d 5f b2 35 53 b6 b0 9c 43 d4 e9 1e 3a
  cdd0:  8b b2 8c ca d6 a6 ab c0 98 1f 51 40 59 86 22 56
  cde0:  85 23 e4 86 90 c1 30 96 2f b8 c0 d5 c4 42 1d ce
  cdf0:  24 e7 61 69 1c 01 5d d1 b8 a0 1e 0a 8f 40 76 90
  ce00:  48 64 0d cc 8e 5a a6 34 e4 3a 59 84 31 2a 54 ac
  ce10:  c9 46 b6 78 cd 4c 12 0b ee c8 6b 31 f7 ee 71 0d
  ce20:  25 8e 26 90 17 53 52 85 89 c9 0e 6a 7f 19 ed 65
  ce30:  c1 1e ba 78 8f 47 d3 c5 22 b4 ae 09 78 12 af 4e
  ce40:  e1 59 5b f1 d0 5f ba 25 d6 66 20 5b 53 71 c4 eb
  ce50:  44 9e ea e8 be 27 de cd b2 f0 18 18 4c b2 52 7e
  ce60:  46 74 c3 86 d3 a0 22 aa 67 53 82 0d 21 3a e2 5e
  ce70:  17 c8 e4 2a 91 6e 0b 1a f6 81 04 4b ac a6 a3 aa
  ce80:  d0 e0 b8 13 10 c4 13 e2 ad 9c 90 ba c8 37 04 d1
  ce90:  d9 22 38 0d 31 01 a7 8a 15 60 85 ca 0a fd 88 f8
  cea0:  8a 84 3d 51 70 a8 47 c5 61 04 62 cd d5 14 6f 1a
  ceb0:  81 3a 2e ea 55 a1 ec 25 95 89 6c 09 08 20 0c 44
  cec0:  6e 8b b2 d8 57 c5 d4 18 ea 0b 45 88 39 88 0e 4f
  ced0:  2c 49 a3 15 40 13 9f d2 37 0a 3c c7 11 0b 6c 54
  cee0:  fd 88 60 f1 be 94 19 42 4b 91 05 5a 60 3c 34 00
  cef0:  f1 6c c1 e7 42 1e 60 5b f1 e6 15 99 6a 8b 77 6d
  cf00:  74 55 68 5f 22 18 de b5 5d 39 02 32 1c 29 a0 67
  cf10:  c8 4e aa 4c 93 c7 40 fa 24 bc a7 8b 99 40 b1 08
  cf20:  6e 39 28 be 88 73 10 1c e9 6a d3 0e 1c 42 26 51
  cf30:  01 39 a2 0e 43 fc c0 0d 54 86 48 31 b1 24 e7 fb
  cf40:  68 69 47 d4 0d f4 87 ba d2 14 82 57 13 ef 1d fa
  cf50:  42 ae 51 78 ce 4c 06 52 db 28 c4 7b a0 ca 92 78
  cf60:  e5 90 72 4b c8 07 aa 7c e0 48 cc 6f 50 e8 90 a5
  cf70:  a2 04 16 15 35 4e 44 ad 45 e2 7d 46 53 bc 6d 66
  cf80:  8a a9 3f 12 4f 4c ac d1 c5 99 95 16 2a 22 21 7c
  cf90:  90 0b b0 3a a9 80 ee 00 22 c4 3a ac 45 3d 81 63
  cfa0:  28 8e 22 54 b0 0f 0c e1 28 2f 82 e8 d0 c1 96 27
  cfb0:  85 44 26 55 89 98 92 a2 b4 84 8d c9 66 e0 0b df
  cfc0:  83 2a 8c 43 08 0d e8 49 2c 8e a3 54 88 92 10 65
  cfd0:  41 50 78 6e 20 d6 59 03 84 0c b5 89 2b ca 2b 7b
  cfe0:  66 de 45 3c 30 c0 9c 60 b4 0e c2 f8 8c 06 dc 63
  cff0:  68 50 86 41 c7 6c c1 b5 9e 98 1c 04 62 b4 40 02
  d000:  37 d4 40 97 81 54 47 25 e6 03 b4 92 28 bc 15 b8
  d010:  9e ec 45 8d 53 34 81 27 f8 93 16 14 4a 27 b8 05
  d020:  9d 61 03 97 18 59 ac e7 c9 88 d8 48 54 08 74 d8
  d030:  46 25 89 3a 05 5f 8a b7 cd 2c 4f bc d3 44 26 2b
  d040:  48 0d f1 1a 8a 58 99 a5 32 47 2c 21 5d d1 7d 9e
  d050:  2f b9 c0 06 31 6a 8a 77 53 70 14 fe 76 50 e5 3a
  d060:  d2 94 ce 13 ea 96 4c 09 65 8a b7 25 d0 fb 7c 90
  d070:  5b a1 07 ca 63 72 94 56 60 8b 57 30 6d 4f 4c 04
  d080:  21 c9 08 67 23 94 85 65 7d b1 b4 84 f0 a5 c5 08
  d090:  76 08 61 63 c8 4a 11 d5 00 35 a5 16 40 7b a6 29
  d0a0:  96 5f 25 21 07 71 2f bc 0f 20 89 f2 15 cc 26 58
  d0b0:  5d 15 25 ec 52 2e d9 62 8a c5 d0 60 5c 91 53 a2
  d0c0:  8c 16 2f 99 92 dd b6 c0 00 ca 4f 60 9d c8 13 2f
  d0d0:  b0 70 95 98 4b 86 7c 71 a7 cd 27 a4 4c 51 62 89
  d0e0:  37 37 c4 b2 37 68 19 fa a6 22 26 29 31 af 2d 87
  d0f0:  98 c4 94 24 4d bc 49 62 89 99 3f 5f ac 62 0b ba
  d100:  45 19 45 30 a1 98 61 70 cc 20 04 f7 c5 b4 7d 08
  d110:  55 85 62 6d 1b a6 25 ec 51 15 14 8a 91 98 fe 65
  d120:  d0 54 ea 44 8b 58 07 10 32 49 11 53 06 86 62 61
  d130:  1b c3 13 73 5e 0a 16 b0 c4 54 2c f0 88 46 f9 3f
  d140:  34 bd 0d 9a 24 29 ce 74 1b 4b 72 fe 61 39 38 e0
  d150:  fb 5f 42 9f 43 56 bf f7 b9 df f4 4c 57 65 46 b8
  d160:  83 64 26 99 4c 77 ff ee 1b a7 dd fe 1f 44 ff 03
  d170:  8e 34 89 15 e7 11 40 06 71 80 d1 2f 4b 34 36 76
  d180:  c9 de 70 5f 2b 13 9f 67 9f 23 68 57 40 2d 2a 24
  d190:  82 d0 ce f9 ec 4d b8 9b 3a b0 0f 5e da 1e 6b a3
  d1a0:  5c cb d7 7a e9 6b f7 a7 5c 18 08 7b 4f 52 96 0e
  d1b0:  49 4f 4b de 5d 6a fa 6d 40 1b 2f 95 68 cc 5f 1a
  d1c0:  64 50 22 1b 30 e8 e1 27 6c 3b ca 7c 21 8e 33 bf
  d1d0:  83 94 c1 7b 4e a4 49 b8 f3 73 35 b6 2f a7 87 90
  d1e0:  99 94 44 c5 49 be e9 64 a4 03 96 e5 c0 4b 1c 20
  d1f0:  f4 dd 76 b6 da 3e e2 97 05 a3 1d 49 5d 7c 92 cd
  d200:  97 aa 09 6c ff 23 ea 04 f8 0f 29 9c 94 06 27 b5
  d210:  fe e0 3b 1f 45 11 26 81 bd 71 3c 1f 8b e8 9f ed
  d220:  ba d1 c4 e2 d6 2d 49 ae ad 11 be 87 85 93 f9 f1
  d230:  02 00 47 1e be c4 2f 92 dc 05 a8 3b 04 90 9f 4e
  d240:  d0 82 8c 90 7f a3 f0 32 d4 e7 55 cb 39 c9 c7 f5
  d250:  f9 91 56 d6 13 9e 0f 3c 01 32 ae 83 db b3 21 ae
  d260:  e4 8b 8f db 00 d4 f8 02 8f f4 e1 d3 72 f2 24 1d
  d270:  5c 6b 9e 47 e3 a7 9c 02 16 05 3e 92 73 09 2c 24
  d280:  a8 4e f4 79 d4 32 10 36 9f 02 f9 f8 88 ff 43 f9
  d290:  05 fc 17 fe c1 53 e5 87 76 75 a1 3c 5e 82 34 39
  d2a0:  95 33 00 45 cf c7 f8 ca 61 e4 d4 ae 97 6f 90 09
  d2b0:  f1 99 1b c9 ed 82 39 72 df 38 52 44 18 1e 33 e1
  d2c0:  5d dc c5 43 69 84 f5 59 07 e1 36 f6 4e 50 e8 e5
  d2d0:  25 f5 d8 75 54 f7 aa 50 82 ec 0e 89 31 4b 28 4a
  d2e0:  28 7f 85 a2 ba 24 d0 4b c8 4e 6a dc 3f c5 52 7d
  d2f0:  c2 c4 e2 81 33 c0 05 a4 c1 2d f0 c2 f9 f7 c3 fa
  d300:  c0 ab 96 98 03 cd 83 02 a5 06 45 76 03 04 c4 6d
  d310:  e2 8f 43 b0 78 05 1c 2d 62 19 17 9e e4 01 20 32
  d320:  60 0f 4e 77 08 84 43 6e f4 78 45 a9 52 a9 05 a8
  d330:  d9 2f c9 20 7e ad 2b 33 ec 3f 8e 19 c1 12 c4 a0
  d340:  92 b1 59 4b 5e 83 94 04 67 24 16 11 76 e0 28 8f
  d350:  ad 71 12 eb 13 61 84 51 74 ec 77 da 1c 48 05 5d
  d360:  c0 17 ce 69 7d 65 d3 f9 7b d5 01 1f 3b 4c 01 98
  d370:  b2 47 7b 2e ae e7 a7 10 69 0e 57 fd 4d a2 e0 46
  d380:  f2 7d 5b 7e 6a fb fd f8 f3 3c 2a 42 73 b0 d8 60
  d390:  ad 2b 92 c9 3b 79 d7 c6 0a 57 96 0c 58 ad 33 f3
  d3a0:  b2 5b 00 bf f2 fe 82 5f fe 10 76 df 0c 01 98 4a
  d3b0:  58 01 c5 96 cd e0 16 87 83 36 f6 be a5 a0 20 cd
  d3c0:  19 6a c1 49 75 01 96 b9 d4 ee 8d 4b 13 8f 3a e6
  d3d0:  de 7e 16 70 7a b3 05 7a 42 da 96 48 0a 80 1f 60
  d3e0:  16 08 e5 91 5b 9d e2 48 7b 1b 47 9a bd 2d 12 fd
  d3f0:  20 1e cc 78 e0 b4 35 01 50 6a b6 f3 02 3d 52 51
  d400:  0b 62 48 03 62 5d 2c c7 8f 3e 13 c7 c1 13 5e 8e
  d410:  ea da 46 58 e5 f3 2c 80 71 07 db 0c 02 eb ef 25
  d420:  7b 4c f2 04 28 8e c0 db 61 8c 44 5c 42 b5 c2 53
  d430:  d2 61 80 64 91 df 2c 8b 6f 00 ff d7 f8 d3 a0 65
  d440:  5e 43 01 f5 08 01 55 39 72 75 bc 45 d0 b2 5d f3
  d450:  0b 70 e7 45 a9 bf e0 fb 06 52 18 58 82 f7 f2 41
  d460:  db 38 bf f0 17 12 7c 52 0f 0b c9 1c bf b6 2e 04
  d470:  4c 56 d0 b9 ee 9c da e2 23 54 5a cf 39 54 7e 40
  d480:  fc e9 9b b4 5c 64 12 04 0b 90 02 07 eb 83 c0 72
  d490:  02 d5 13 15 d8 3b cf 53 55 6d 87 2b da 64 24 30
  d4a0:  27 b2 a6 3f 80 0c ea 0f 6e f6 a4 89 c9 9b ef 38
  d4b0:  e4 2d de 49 12 cd 0f 5c 4a 72 92 8e 83 2f 79 7a
  d4c0:  04 08 75 23 50 81 c2 f3 27 79 64 de 1d 67 bb 73
  d4d0:  73 26 b8 f5 9d 7e 02 78 18 50 5a 88 1f 41 54 df
  d4e0:  ed 35 40 74 63 01 5e f2 a6 01 8f 86 e8 f0 57 39
  d4f0:  fa ac 5d 4c 69 f0 47 20 7d 0c cf bd 72 2d 1e 81
  d500:  ec f7 fb bd ef 6d a7 26 82 1e 28 8c 4f 62 b4 27
  d510:  d4 6f 38 08 71 93 b3 c9 55 23 1c c1 51 2a 9f 5c
  d520:  08 9c ea ab 6e 8d eb cf 7f 14 98 35 84 29 4b e8
  d530:  20 d5 0a 50 81 75 bc f8 6e 2c 8b 86 6f cb 45 84
  d540:  da ca 87 94 1b 14 a8 28 69 94 bb b7 2a 17 81 e3
  d550:  6b f7 f0 2a 10 c1 49 dc 9a 96 2f 25 e4 0d 71 49
  d560:  3f c5 98 f3 e5 24 0c 7b cd 24 c5 15 d7 50 f8 b0
  d570:  20 66 fc c4 c8 05 23 96 1e c8 13 e9 40 b5 bb 75
  d580:  20 52 05 59 17 30 91 6d 6c 13 e3 41 33 5c 1c 7e
  d590:  16 07 a3 90 bc e0 c8 e1 c0 ed 33 f7 00 20 a9 16
  d5a0:  10 7c 01 58 70 ac c3 e2 1e c1 46 fc 57 c0 5b e4
  d5b0:  75 bb 54 1f 19 0d 72 e8 90 8a 3d 32 27 3f 38 b1
  d5c0:  ad 03 19 1b 41 05 c4 cb 25 f9 d2 3d a1 43 b2 22
  d5d0:  52 b0 0d 41 e8 ef 7f 63 07 7c 25 28 8d 71 9c 2c
  d5e0:  d9 08 59 dc ef 5f 49 33 5d d2 c8 b5 7b 3d ec 27
  d5f0:  48 d8 97 05 07 5b 05 00 41 e8 22 48 c2 33 24 30
  d600:  57 a0 f9 80 ea 9b 72 91 cf b2 ee 63 9f 98 5b 20
  d610:  17 ce fb 96 31 b8 46 fc 58 c8 15 24 a8 aa 09 1d
  d620:  ce 0a 90 d3 c9 49 7c b8 49 4a e6 7d 46 6e ef af
  d630:  16 32 5e 27 ea 12 cc d4 95 03 6c c0 63 60 7d 70
  d640:  10 4c 64 98 2e 60 41 84 56 8b 11 3c ff c5 e3 b8
  d650:  42 0d be d6 59 cf 70 e0 81 5f 7e c8 b6 13 44 01
  d660:  fd 5f 29 7c b0 62 02 8c dd a5 c2 7f 8c b3 e5 2a
  d670:  66 e7 a8 2c f6 2a e5 78 1a 64 d7 1f cc 16 de c7
  d680:  37 e7 cd ac 36 f9 9b 5c 5b 98 05 2c a9 41 81 38
  d690:  73 7c 6c a0 35 61 a3 7a 05 93 fd 8c 93 f9 ac cf
  d6a0:  b4 24 f2 00 a6 b3 74 82 68 4e 22 6d 57 7c 73 f8
  d6b0:  21 1c 62 e5 e9 84 d1 87 63 0f ad b9 62 09 20 dd
  d6c0:  9c 96 8d d5 ee 82 76 cb 6f f1 20 17 29 9b 9c f3
  d6d0:  1c 5b d9 b0 ec a9 00 85 37 cd 07 e0 db 85 5b a5
  d6e0:  21 32 81 98 39 0d 40 9d de e0 60 30 de 97 1f 0b
  d6f0:  63 24 c2 c1 0f 26 cf 83 c7 c2 63 22 87 4c 7b b2
  d700:  dc 9f f8 f0 05 3d e6 ef 96 fb db 19 2b b0 cd bd
  d710:  83 9f a7 d5 38 7e 49 58 af e8 ca 19 83 4d 20 b2
  d720:  c6 64 e4 e1 47 c3 84 ce 7c aa 4a c4 c2 9f 68 40
  d730:  a0 cc bd 00 99 16 67 68 f6 38 2f 3c 8d 70 f7 4e
  d740:  b3 2c c8 62 58 e1 4a a5 38 de 03 f7 59 70 07 42
  d750:  df eb 8c 90 f5 ad 4f 51 01 50 7e 7d 89 e8 e8 35
  d760:  fb 6e c1 f8 15 71 04 28 57 1a 7c 7e b0 6d 58 6a
  d770:  1a 0e f0 bd cf a6 30 f0 51 98 9e 54 05 93 f8 48
  d780:  fb 3e 5b f1 f3 67 db 47 9c 01 0e 53 58 b2 b8 ef
  d790:  66 4a 87 52 3e 1e 31 99 a2 65 1e eb 23 6e 01 79
  d7a0:  40 48 14 46 42 34 2f 53 8d 27 fd 7e 77 22 86 07
  d7b0:  95 f8 57 49 2d 67 e3 6a 1d ab d0 10 38 4e 2d 69
  d7c0:  3d d9 c2 f1 ec 3c 37 00 a9 30 b6 d6 45 c8 01 b8
  d7d0:  f8 50 6a 06 a7 72 89 9e 0a 61 85 27 f3 67 60 0b
  d7e0:  c0 d7 c9 bd e4 fd 10 db 92 fa 53 f1 53 b4 ad 9b
  d7f0:  ad 41 42 c0 38 c9 3f 72 2b 2f 73 c1 29 17 07 83
  d800:  a0 b0 88 8d 2a 48 09 33 9d b3 05 3f 7d 3a e9 cb
  d810:  3a a0 99 9b 13 38 c9 fc bd 76 65 6e 47 e6 d3 ac
  d820:  2f 07 38 cb b8 e1 a0 c1 0c 5f 7b b4 35 3d 57 23
  d830:  0e 8d 21 19 be 6a 44 a1 98 1c 2e 49 0e 77 8e cb
  d840:  94 d2 8f ff 1d 12 91 c8 a9 8e d0 90 87 eb 22 2d
  d850:  bc 99 ab 94 33 91 87 9b 53 c0 76 8a fb 9c 41 e2
  d860:  21 c3 21 54 41 72 b2 94 e1 f3 ea ae c6 9c 88 f6
  d870:  3a 41 06 74 e3 a8 c5 74 01 f8 fe 1c 8c 52 88 4d
  d880:  66 26 c5 93 27 4b 82 99 35 72 84 45 dd 72 8a e5
  d890:  ca 02 08 21 9a a7 b4 22 29 a1 70 0e ba 02 49 3e
  d8a0:  56 f5 b4 d8 59 b9 72 7a 62 18 ff 7d fa 30 c0 c3
  d8b0:  d3 32 22 57 a4 1b 30 1b 84 8e 33 3e ad 78 45 6b
  d8c0:  8c 1f e1 88 64 05 1c e0 73 17 68 81 cc 8b 5c 0d
  d8d0:  c4 8a ed 8f 8c 6e 15 56 91 27 00 bd 83 bd 91 fe
  d8e0:  f6 ec cf 07 c8 e2 bf 54 c2 86 99 63 f0 e8 78 d2
  d8f0:  fc 33 e9 95 9b e6 b4 47 27 b4 70 bc 87 e7 0e ce
  d900:  0c f1 02 46 1e d8 62 8f 1f 29 e0 38 9b 37 61 03
  d910:  7c 6f 91 6d 5e 8b a7 d1 f9 94 04 d5 9d 63 54 27
  d920:  d4 5e e9 0e f9 16 8a 0c 3f b5 1c 48 6c 06 77 7f
  d930:  82 4c 4b 04 5b 7d 2c 89 1a 1c 5c 94 f4 73 c4 c0
  d940:  af 40 97 c3 ed dd 3c 71 30 1f ef ed 2d 44 b3 67
  d950:  92 f3 12 dc 0f c0 f5 a5 6e 42 04 ea ce 44 66 13
  d960:  2d c4 d7 d0 44 4e f2 27 05 69 2d d7 96 44 31 0c
  d970:  3f fb 77 cc 9b af 3f 0d 52 67 ff e7 c0 7f d5 8e
  d980:  98 4e 2c d3 6c 5e 04 99 09 82 0b 0e e2 34 82 8b
  d990:  be 5b dc e6 c1 39 e0 03 18 00 b3 be 4e 2c 6c b0
  d9a0:  dc 06 8f 18 3c a0 c7 80 a5 77 86 42 92 5e fc a1
  d9b0:  ca 7f 44 e1 2a 01 74 92 5b c1 4a c4 d4 fe e3 6f
  d9c0:  f2 2f 13 e7 aa 28 c1 20 04 2b 78 2d aa 42 b9 3a
  d9d0:  aa 7b 09 d1 31 81 b6 c0 da 9c 91 c9 83 e2 fc 3b
  d9e0:  62 95 3e 1e 4b 30 2a 43 e4 b6 e3 55 70 95 c2 5d
  d9f0:  cc 00 40 30 23 a9 cc b8 c1 e5 00 ec 7a 64 2d 39
  da00:  09 13 c9 cc 8f a2 07 a1 dc 2f a8 f7 87 cf 10 0d
  da10:  01 6c d3 11 b2 bc 3c b0 c0 26 02 4f e9 db 4e 74
  da20:  b7 3c a7 30 8b 5f 6d 5b 9c 5b 1e a0 2b 46 3b e7
  da30:  1e 54 fa 90 ae 39 e4 89 27 7e 67 04 d4 14 55 87
  da40:  bb 00 44 c0 dd 62 19 a6 44 58 b9 88 b3 f3 9c cb
  da50:  dc 24 d1 f5 03 06 4d 5b 85 e0 9c 02 dc 8e c6 30
  da60:  0b 50 44 a5 49 c8 db 2d 03 52 09 67 d3 81 9d 68
  da70:  3b e9 91 80 13 39 1d 75 e4 a7 08 af f9 d2 80 44
  da80:  70 8e cd 65 b2 d1 97 e1 7b e0 33 fe b0 ad 55 f2
  da90:  b1 25 e9 ad 94 db 3e 1c e9 91 4b 0d cb 21 bc fd
  daa0:  26 cf 94 a4 ff 00 21 78 a8 8f 15 dd 75 38 e1 eb
  dab0:  05 2a 70 03 9d b6 cc 44 0f ab 19 23 cc 7f d5 2a
  dac0:  d2 87 85 1c 7e a5 a3 2f 42 43 cf ba 4d e3 4d 4c
  dad0:  e1 1e 6e 27 2b 48 ea 37 b0 80 b1 00 c6 cb be 7f
  dae0:  54 1b 16 b8 ce b3 70 81 38 d6 20 73 48 4d 5f 5e
  daf0:  eb 7a 78 3b 1f f0 20 a9 29 b1 2b 0a a9 89 70 54
  db00:  c7 46 8e 22 3b 1b 1f 69 0f a2 6f e3 00 db de df
  db10:  3c 3f 08 6f e3 e8 1b 66 57 71 38 30 0d f5 b9 b0
  db20:  c1 91 00 27 c9 e6 05 7f 0c 44 c5 8d 81 f7 90 1b
  db30:  c8 09 89 7b d7 0f 1f 20 11 35 ad f2 40 92 78 3e
  db40:  d9 9c c2 ad bf a3 78 dd 1f 38 13 40 de fb 38 02
  db50:  1f d8 71 cc ed 30 17 77 1d 50 05 6f 01 23 91 9f
  db60:  09 ff 5c e5 18 4d 8e 0f 19 1f 9a 13 1d 62 26 0b
  db70:  d8 06 86 c8 75 e5 d6 f9 0f a2 25 22 e6 77 94 29
  db80:  a4 5f b5 5b 37 81 75 79 a7 87 bf f8 38 6a 44 b4
  db90:  78 38 8b 9e 39 70 77 af 64 21 ae 44 02 94 da 5e
  dba0:  3c 30 58 b2 94 1c 8c 0b 06 b4 dd 1c 5b 10 bf 61
  dbb0:  14 d8 02 c3 3d 3c 96 ac f0 14 ca f7 2a 90 77 fa
  dbc0:  d5 6a 03 64 92 58 6c 51 d7 6a 16 57 36 fd 1e 01
  dbd0:  d7 56 8d a5 92 72 f0 59 79 97 3c 5a 20 a1 50 ea
  dbe0:  51 b0 b7 be fb 4b 9e 8f 03 19 8c b8 5f e3 1a 40
  dbf0:  29 9c a7 98 56 40 39 f1 e0 e2 c4 7f ac 09 52 e5
  dc00:  79 70 09 d4 52 70 2c 40 ba 50 96 97 00 0b 31 04
  dc10:  c5 2b 65 72 cc 90 c7 c1 7d fc e5 c2 2b d9 80 eb
  dc20:  a2 ee da ea c1 b6 81 b2 9c 2f e5 6e 07 27 9f 5f
  dc30:  ae 6a f9 14 b2 70 29 ba 03 34 3c 17 88 91 f9 4a
  dc40:  ac 70 00 f4 7b c2 2c 1d 2d 2e 7c 1c 41 8b bc 84
  dc50:  cb 9f 78 51 e3 23 6d be 96 e7 16 69 85 9f fe 4c
  dc60:  59 3c a9 60 85 9f e2 20 62 29 bf 88 64 0e 74 21
  dc70:  f2 6d f0 cc 24 eb 84 6e cd c8 aa b8 e2 11 a5 31
  dc80:  bc cc 7a bb 46 2a 80 be d0 9c 03 25 b3 82 6c cd
  dc90:  12 2a 50 b3 39 c5 c2 e0 67 5f 71 44 df 21 f7 82
  dca0:  af e5 88 15 f8 cd 22 65 77 72 8d 23 c6 7b f7 16
  dcb0:  28 f2 7a 9b 7d 94 c7 26 eb 6d bc 2b 18 83 43 10
  dcc0:  2e e2 76 88 4d ed 07 88 81 78 35 cf 85 bc 04 dc
  dcd0:  e7 7b ab 85 14 85 14 8a 86 b8 3b 86 b2 e0 ec 1a
  dce0:  59 4f 00 5a 81 cc 50 41 be 88 8d 6a 55 57 7c c2
  dcf0:  e1 77 03 9d e7 1e b8 0c bf 3b dc 0a 9d 2a 91 88
  dd00:  61 65 94 54 74 59 2d 90 37 d9 16 c8 fc 2a 7f 61
  dd10:  27 4c 94 68 ff 92 00 e8 00 14 d9 20 f6 e9 d0 96
  dd20:  ec d7 9e 5c b3 4e 42 14 e2 85 24 a3 13 11 a0 4f
  dd30:  7b 0a b6 65 9d 12 ce 80 22 de f3 de ce c2 4d a7
  dd40:  02 bf df b2 4e 5a 61 1c 51 91 76 ec 9c fe 60 57
  dd50:  94 dc 6d b1 10 6c 01 12 88 95 83 64 c3 87 af 93
  dd60:  c8 86 a4 a7 45 d2 22 5f 6d 8b 4d 6a 10 b2 03 c2
  dd70:  50 df 06 2e e5 af 90 d2 c1 93 a1 0a 31 a7 ea 18
  dd80:  f0 fa a7 48 19 28 92 41 76 9f 17 08 d0 d8 7e 1f
  dd90:  20 9a 6c c4 37 27 86 29 3d 8b 60 cb b9 ee f8 05
  dda0:  50 9c c3 bb 1c 09 20 b5 43 ba 1c e3 20 44 8a 29
  ddb0:  d3 3d 63 5e 02 22 33 41 4d 3a e5 54 6a 8d ed ad
  ddc0:  24 48 ee cd b6 21 d8 1d d9 9a 23 42 3a 6c b7 74
  ddd0:  f2 42 56 ef e5 c4 c1 e4 32 fd 20 c8 c6 aa f0 39
  dde0:  53 64 99 cd 6a 54 b4 e0 6b 17 10 60 d7 7c b8 31
  ddf0:  f2 e2 49 6a 64 d4 8b ba e7 e3 5c ec b0 16 18 bd
  de00:  21 bc 17 c8 c9 da be a8 66 01 78 dd 49 5b 6e 7f
  de10:  36 e9 c7 c7 c9 70 25 54 6a 7c a1 51 44 49 f3 e1
  de20:  1c 50 ce 1f d7 3c 73 7e 4f 75 2a ae 81 f7 01 30
  de30:  a0 2e 90 6f 55 4e e0 d8 04 b7 e4 53 ec 75 b6 c8
  de40:  81 67 a9 e4 09 48 07 31 b9 28 8a b0 ca b9 c9 a0
  de50:  d1 53 00 13 50 08 55 c9 dc 3f 07 1a 41 ef 1c 81
  de60:  16 3f 85 fb fc 29 a3 a9 dd 6e 45 f9 20 d8 62 ff
  de70:  d2 89 17 02 db f7 71 43 39 1c c0 d0 8f 4c e0 10
  de80:  c9 39 b0 a2 6f f1 cd 5f 48 a6 73 14 2f 69 7e 1f
  de90:  a1 26 99 d8 3e 78 75 c2 27 56 27 63 f8 2b 9c 78
  dea0:  e8 11 58 5c 0a 7e c5 51 11 18 e2 4c e2 e0 be 81
  deb0:  97 0b ff da d9 95 c2 3b e5 33 b6 f8 e3 d3 70 1f
  dec0:  8e 75 9a 32 57 db 76 b6 39 34 ab 48 8e 56 e0 b4
  ded0:  43 47 df 7c bf 3b 9c 26 4d 00 7e 70 ca 55 e1 99
  dee0:  e2 4b c8 00 44 e2 53 7a fd 2e 07 f8 c1 10 f6 96
  def0:  47 e4 b0 44 07 ac 13 29 8e 77 f8 b4 da ef f8 6b
  df00:  21 d3 03 28 b8 8c b1 ed 5f 72 3c f7 2b 1f d1 77
  df10:  aa b2 ad b9 3f 8e 3a 70 1a ed 3a 04 bb 06 d3 f1
  df20:  ee 3c 4a 96 a8 12 47 1e 3d 01 34 29 38 0e 76 c3
  df30:  b9 d6 63 91 ab 92 49 94 12 1e d5 c6 e3 f0 db ac
  df40:  fb 01 9a 1c 0b 2f aa da 9b 02 d2 a6 62 a1 38 aa
  df50:  a3 50 e0 c7 99 2b 32 7c b2 41 a8 d2 32 42 33 b7
  df60:  97 33 ca b9 26 f4 72 ee c7 1d 68 35 34 6f 07 ab
  df70:  8f c2 2d 12 6a e6 00 e8 53 d0 32 7f 84 64 f8 9c
  df80:  b7 77 09 12 fc a5 5a 5d 72 f2 9e df 09 dc 3f 59
  df90:  a3 09 e8 96 e9 ff e1 b8 1e 8b ba 64 ee 56 7f 84
  dfa0:  80 97 5f c1 7b ad 99 33 f8 70 11 08 24 8e d8 7c
  dfb0:  8e cc c4 72 75 aa 7a 56 70 6c d4 28 29 64 fc 22
  dfc0:  b8 9b a7 c5 49 e7 c2 94 bd 54 e0 be 16 6c 9a a3
  dfd0:  96 50 e3 97 77 46 48 7e 17 f1 96 cc c3 79 8f 15
  dfe0:  32 df e1 1d c0 35 07 13 9d 17 02 19 ff e0 3a 0f
  dff0:  f1 65 8e f2 f6 21 6f 6f 5c 4a b3 99 73 6f df 98
  e000:  bc 6d b5 37 7e 1a 5e a8 5a 85 ae ba 08 64 c3 f7
  e010:  81 12 43 a1 6d cd 72 8f 8f e3 1c 35 3a 62 0a 09
  e020:  71 d8 8b 8f 12 ce c3 5b 10 5c 4e 75 c4 9f f5 57
  e030:  c7 9f ac 9f 69 e5 d0 7e 27 43 10 f8 21 16 3e 9f
  e040:  c7 81 6f f8 e5 21 f5 c6 53 ac 2b 10 0c e7 07 49
  e050:  84 e8 40 eb 5e 9b 8b 70 1b 60 20 d1 ac f3 91 6e
  e060:  38 54 10 b0 65 3e bb 93 56 1d 77 85 6f 92 ff ec
  e070:  b6 29 3f ad ce 94 40 2e 92 2c 65 f1 06 3b 17 33
  e080:  38 53 f4 fe d2 9d cd 02 1c ac 2b fa b6 96 c6 5f
  e090:  06 a4 da 0a 25 16 3d 4e f0 a5 a1 70 01 2a 6c da
  e0a0:  7d 73 51 d0 65 d7 9e c8 db 6c 1f f3 d9 16 c9 5f
  e0b0:  41 cf f3 29 4d dd 95 ef fb 12 09 f8 0c 5c 4a a2
  e0c0:  55 72 7a 6f 98 ef 21 75 ce c2 f0 27 d5 02 fd 1a
  e0d0:  80 20 12 a7 20 5c 93 0f 39 5f 90 05 b7 a9 c4 3b
  e0e0:  cc 97 12 e4 3e f8 4e e3 03 d5 e5 a0 05 8b 67 8d
  e0f0:  6c d9 ae 49 4b b4 60 6e ff e1 24 b0 33 8c b0 29
  e100:  0a e5 cd 7c 29 3c e3 75 66 a5 f0 5b b9 cd e7 ab
  e110:  80 4f 7b 4b ef d1 4d e3 3d 53 7a fb bb 52 cf e7
  e120:  af fe 02 9f 58 e0 69 fe f6 e1 44 3f 4e 80 93 ad
  e130:  9c f5 68 44 e0 f6 81 73 3d b3 84 3c e8 62 b5 0c
  e140:  ab d2 b6 5b 17 84 1f 42 45 9d b8 02 da 2d 50 06
  e150:  27 47 db 8d a7 38 50 df f5 55 08 00 b2 60 df 83
  e160:  cf f0 5d 19 a8 9a f6 df 6f d8 0d 2d 92 b1 f1 3a
  e170:  b0 c1 1f 83 6c 4c 8e da 06 f1 94 70 2b 2d 03 68
  e180:  08 3a 03 a9 7c 19 22 fc 3a 17 93 2f 98 fb f8 d9
  e190:  cb 0b 14 ed 4e da 6b 70 b2 84 64 5c fc 4f b2 24
  e1a0:  64 73 80 56 88 59 9b b3 69 b9 bd 09 a6 bf ab 8f
  e1b0:  24 24 91 0c c8 0e 2a e3 32 cc 96 54 0a 7b 23 ca
  e1c0:  c1 4d 48 ec 11 dc e5 9c 4d b6 b0 44 c8 03 34 4e
  e1d0:  73 bf 37 6f 38 3e 6f 54 1d f0 1a 5d 66 3e 30 cd
  e1e0:  1c 40 3e 5e 22 f7 b4 13 c0 a1 16 4b 9b 97 2c 47
  e1f0:  05 b4 98 46 6c 0b 39 1b d6 bd 0a 80 f5 df e7 48
  e200:  73 12 7a fa 93 95 6b df b2 16 f8 ec cb 9f 63 d0
  e210:  aa 07 39 a0 82 35 08 b8 ad 36 81 d8 9c 8e 2f 92
  e220:  a2 ee b0 07 b0 09 88 47 0a 49 30 92 a6 1d 50 28
  e230:  4e 37 3d 9b 6f 93 54 22 c4 d7 f9 16 ab b6 76 bd
  e240:  08 bc e3 26 fe 06 3f 25 b0 b7 ea 7c 8f ed 49 70
  e250:  59 07 2c 11 12 bc 90 c4 ba 40 36 e4 50 da 52 d9
  e260:  e4 44 02 af 63 05 3a 67 00 39 f9 7b 80 2e d0 ae
  e270:  24 9c 78 ce 97 01 8d 2f d2 e3 03 89 84 e4 93 79
  e280:  a3 36 11 c4 b0 78 67 5c a1 08 dc 82 64 6c 80 5b
  e290:  7c bc 56 70 69 7e b5 a0 79 c7 9d f6 74 82 68 ca
  e2a0:  cf 3b b9 f0 e8 30 52 20 43 9f e5 6c 4e d8 1e 52
  e2b0:  36 de 2f a7 be 47 ae a8 73 f0 e5 5a e3 84 5b 39
  e2c0:  d4 2f 62 ea 78 40 6e d9 d3 d9 b2 12 21 a8 5c 01
  e2d0:  e8 94 b6 27 1a 00 11 84 d5 6e 1d ff c0 b9 e3 2e
  e2e0:  93 1f a5 58 89 28 a3 da c3 06 b4 03 c6 4f d4 f4
  e2f0:  c5 21 2e ce f0 bd 51 aa 0b 1b bc 2a 16 21 87 69
  e300:  c1 36 16 af 4a a7 93 b3 c7 78 39 6b 04 55 15 c9
  e310:  84 31 b8 fe 63 f9 eb 75 02 0c fe a8 5a 28 94 9c
  e320:  9b 60 d6 a6 0a 37 f8 07 10 81 82 11 44 d4 3c bc
  e330:  4e 1a 73 f1 ab 28 a5 f0 ca b2 c3 af 4f bd 80 69
  e340:  da 0a 93 2c 54 eb 65 35 fb 66 c8 0c 84 51 ce 0a
  e350:  87 3f af db b6 af bd 2c 1b b1 65 07 a3 0d 71 c8
  e360:  9a eb 07 c1 2d 0e 0b 03 ef 78 66 0a 22 1b 30 b6
  e370:  b7 1f 69 07 28 18 8c 79 ba da 80 ff 17 11 51 f1
  e380:  38 d0 34 72 e9 04 22 e2 64 ce 92 b2 5c be 9c 0e
  e390:  39 87 54 a6 e0 08 1a f4 70 68 ab d6 2f ba 3c 2d
  e3a0:  fe 88 fd 5d 4d 01 ba 72 0a 8d 96 de 46 ec 85 ed
  e3b0:  65 92 b8 ea 0c bb 77 41 3c 7c 8d 61 1a 18 ec 85
  e3c0:  fd ce 46 d0 23 a8 b5 ce b1 52 27 be 43 b4 0a f9
  e3d0:  29 7d ad 33 01 12 0e a1 5a 23 20 22 3e d4 44 f9
  e3e0:  9c e3 cd f1 00 b6 39 a9 8e b1 6e bb af 9f b0 93
  e3f0:  7f a7 b9 09 49 18 3a 4f c0 7c 0b c1 1f b0 ff 90
  e400:  0f b9 29 1c 83 f1 76 6e f2 cf a1 8e 03 1e e7 e0
  e410:  34 1d 1b 5e 39 9e b2 3d 65 53 d9 82 8c 7d 68 8e
  e420:  88 a9 0e 14 a6 d2 c1 66 24 20 82 20 fb 29 df cd
  e430:  5c 0f c0 23 9c a4 bd 33 d5 cd 09 54 1f cc 77 85
  e440:  a7 78 9c 2c 75 5c 28 bb 34 75 01 7c 43 41 00 49
  e450:  19 6c ba 09 85 da 0f 94 d9 01 5f aa 90 97 a3 6e
  e460:  db 29 9b ab f4 03 84 7e 53 d6 c4 0f 49 06 32 8e
  e470:  54 e6 b4 0c 31 cc 51 85 48 e2 cd 5c 53 67 ba 5f
  e480:  39 2b ff fd 9c 5b f3 11 fe 40 a5 09 4e 59 93 2d
  e490:  6f f4 18 e0 4c c8 ca 72 90 b6 59 df f9 7e 10 a0
  e4a0:  6c e7 df 4f a0 4e 93 0b a4 e0 22 66 cb 90 ce ab
  e4b0:  ac 6d e7 d6 c8 9b 6d 00 ea 96 65 cb 64 d9 86 d0
  e4c0:  b9 2b d8 52 21 e6 4d eb 72 1c 58 f8 de e4 0e c2
  e4d0:  85 49 86 20 70 15 54 b2 07 65 33 fc 74 47 3d 72
  e4e0:  b3 94 a5 90 31 3e 3f 3b 16 d9 21 42 b2 e5 8a 76
  e4f0:  64 33 28 d5 bb 95 b5 5a e0 bb 3b da 06 60 74 92
  e500:  cf be 1d a9 90 e7 04 76 39 21 8b b9 4f 84 d3 38
  e510:  b8 c1 ad dc 1c 67 c2 2f 6c 89 53 c8 2b e9 79 3f
  e520:  da 1f f0 3f 27 6e 1d 79 87 7f 13 76 4f c7 a9 26
  e530:  07 19 a1 e8 a1 35 a5 b4 44 2a b5 c9 b0 53 8b dc
  e540:  9c bd 5d 40 78 1f 8f 8d 04 60 d7 f1 a4 69 35 8c
  e550:  3c ca a1 9a fc 65 ae 75 70 70 74 4a ee 79 66 04
  e560:  a3 65 a6 e1 39 02 65 5e 27 75 b7 3e 1a fa 8f 99
  e570:  91 e0 78 e0 09 cb 08 90 06 f3 8b e6 58 50 74 5e
  e580:  8f 23 28 af 57 43 b7 25 3b 35 40 56 02 1a c4 64
  e590:  0c 47 8e aa 4e 2e 4f e3 2f 02 75 21 38 ba 00 a4
  e5a0:  e7 05 b4 92 06 c8 11 7d 5a 39 76 ee 1b d0 66 3e
  e5b0:  9e 73 42 d3 9e 02 09 22 1e f0 e4 83 f3 9f 53 28
  e5c0:  69 ac 7e 17 d7 71 3b 92 5d df df 50 cc c5 e5 e6
  e5d0:  68 45 07 af 15 6e 7b 86 e1 84 0b ac d0 78 85 41
  e5e0:  a9 98 7a 31 7d aa ea d4 9d 80 c8 bc b4 60 30 56
  e5f0:  7c fa 1e f1 84 f8 05 16 c8 20 fb 53 61 57 78 00
  e600:  df ad 7f 6b fb 76 47 cb 89 e4 9e 48 d0 fa ad cd
  e610:  57 a3 16 09 d9 af f3 ff 58 4f 09 f6 60 c0 ff 1a
  e620:  51 70 5b b9 17 99 d4 c0 89 e5 fa c3 f0 ea f5 57
  e630:  78 1a 58 64 6a 36 a3 47 97 18 53 ad cd 16 61 43
  e640:  8d 20 ac 44 d0 73 a6 ee 20 66 d9 ea e0 bd dd d7
  e650:  8f b0 39 d3 ed 77 35 85 ce 6a e9 3b 97 39 46 6e
  e660:  01 3c 2a 39 fd f3 7a 92 a3 b3 25 c3 2e bb b3 a2
  e670:  63 82 ff 3a b1 83 ab d0 36 6f 61 11 45 78 12 8d
  e680:  77 1c 75 03 ab 40 35 95 18 a0 df a0 b0 73 f2 07
  e690:  83 0e 1b 80 24 f8 57 a8 93 a3 d9 d5 7b 10 35 06
  e6a0:  40 a2 f3 b4 3e e7 f6 c0 b2 64 45 a0 ed 2f 0a 75
  e6b0:  b7 3d a9 ae 32 92 d3 c2 b7 52 9a 3f 87 f7 c8 fe
  e6c0:  f9 74 04 f9 79 f5 06 23 57 55 2f 94 26 74 00 fa
  e6d0:  7a 95 ef 75 dd 29 9c ac af 50 54 0a 3d a1 ae 5d
  e6e0:  4b 85 99 fd cb 76 7d b7 4c 0a 84 09 6a 74 ec ad
  e6f0:  8e 6c 43 09 78 f0 0b bd 93 d4 c0 a6 1d c0 46 a2
  e700:  f8 9c a8 d9 fa 00 7d 9f c3 da 99 40 fc 3a c9 c2
  e710:  ff 1a bb c8 26 5c 99 a8 93 63 dc 08 5e 4e 5f 71
  e720:  70 79 ce ea ce 90 f6 33 f3 02 6d f0 fd 86 bd d6
  e730:  3b 0d 36 af 16 d6 dc c2 61 ba 73 5b 80 a8 66 cb
  e740:  3d db 35 e1 f1 3c dc 8b ca bd 4b 44 65 78 24 24
  e750:  ec b1 54 ea 6d 83 85 73 2e f8 10 e9 02 6a c5 65
  e760:  ff fc 7e 78 5e d3 f9 1f 10 9a 41 69 90 5b 6c 87
  e770:  1c 33 46 01 b9 06 eb 96 80 a8 06 1c ca 67 90 82
  e780:  a6 35 70 28 0f 27 ac 05 1e 01 91 f9 f7 2d 05 fd
  e790:  cf 7e fc 76 89 7f ed 68 4a bb e6 88 90 a4 f5 00
  e7a0:  5e 75 a6 3a ce da da 89 cc 12 2f 8f 3c 59 c1 61
  e7b0:  48 e8 86 8f 54 c5 c9 30 c4 7e c5 46 ff 03 bf 52
  e7c0:  89 4d 26 05 6c f0 34 f9 d5 4d 1f 38 25 b4 77 28
  e7d0:  82 4c bf a1 c9 e7 57 1c 49 b3 b8 3d cc a0 56 88
  e7e0:  ba 02 10 dd 81 2c 76 7d 4a e3 1c c9 03 87 75 e8
  e7f0:  70 1c 86 9b 1a de 87 e8 c6 75 e7 5f 6a ff 57 39
  e800:  6f 8f 3e 7c 9c d5 a6 27 04 5f 4e 09 30 c7 83 9c
  e810:  fa 59 16 59 fd 5e d4 e9 b4 5a e0 7a 6e 00 20 0f
  e820:  ed d7 b3 91 d9 0e 4d bd 7d c1 a1 bf c6 b1 82 19
  e830:  3f 1d 0d 80 44 4d 6d ee 75 45 1a da 46 34 4b 4c
  e840:  1f a1 e8 7b 07 18 6e fa e1 e2 50 02 0a 30 e2 7c
  e850:  57 8b de 52 b0 d6 39 fd 90 4d 4e e8 e1 7b 2b 35
  e860:  e3 22 17 ad 64 e0 87 99 3f b6 4b fc 11 69 b4 66
  e870:  da bc 74 a8 30 99 af 5a ba 0f ba 16 66 45 d8 e9
  e880:  76 ea 6a 8e 6a 09 af 91 49 8e 5c 28 0d 4f 6e 0d
  e890:  ce 52 2a e1 52 8a 4e 24 99 dc 93 0d a4 22 b8 72
  e8a0:  57 48 7c c5 72 a1 fd 2d 30 cc 57 1c e8 81 b1 74
  e8b0:  5e 3f 79 67 e9 bf f7 fb 71 d8 1b c7 14 aa 0b 95
  e8c0:  a9 d6 75 ad d0 81 bb 65 b0 da d9 01 de b8 4f a3
  e8d0:  5c 23 0d c1 5b 05 91 f1 4c 86 19 5a 11 83 f2 92
  e8e0:  a1 b5 0c ef 52 61 61 71 b6 28 3a a7 90 34 41 28
  e8f0:  9c e5 45 56 0f d0 68 e8 8f e5 15 9e 53 fe de 3b
  e900:  2d b5 7f 9c 2f 9b ea 36 df c3 e7 70 1d 98 b4 90
  e910:  68 44 4e 5c e8 79 9a 40 4b 27 0b b5 4b 4d e9 59
  e920:  02 7f 85 05 24 26 a0 bd ba 7b be 3a c1 71 d3 36
  e930:  df 83 67 d1 0c fb 3c eb 1b c3 1c fa fa 92 35 e8
  e940:  2b a2 d7 a7 a9 e9 d2 c1 99 71 5c 7f fe 78 fe c4
  e950:  48 d0 eb a3 94 85 d4 6e a4 07 7d f3 82 83 73 90
  e960:  0e 35 5a a0 e3 c6 6f c0 ef 53 ee 04 86 9a 3f 07
  e970:  ff 9c fa 83 ff 72 67 08 37 87 df 04 29 c9 8f 2d
  e980:  21 9f d2 e0 73 04 d3 30 c9 0a a0 68 2d 08 aa eb
  e990:  88 1e 58 87 7c 0d 5a 88 00 82 fe 67 2f 53 27 94
  e9a0:  8a 2b bb ec 4d 02 08 20 7d 27 d6 bf f1 62 87 39
  e9b0:  14 df f1 a5 b9 ac ef 72 90 2e e9 36 48 ca 8c 53
  e9c0:  0b bf 31 c9 91 2f d7 57 cb 8f c7 ae 3b 54 38 41
  e9d0:  b5 f6 bd a6 a6 cc 08 f2 ee b7 34 0f cc 23 25 99
  e9e0:  cf c9 46 47 77 a0 47 41 0b e0 e3 e3 2f d8 2d e8
  e9f0:  b0 31 e7 5d 3f 93 2c 21 8a 70 5e 5f 29 bc a6 34
  ea00:  24 5f f0 ff 7e 34 82 39 ea a0 f8 b8 c0 d2 3b 96
  ea10:  0a 12 96 90 f2 a7 94 7b 0f a0 5d 76 a6 bc e8 ce
  ea20:  06 72 26 af 73 c7 c0 33 5b 4b a1 41 fe b5 5c fa
  ea30:  fb 80 51 89 c8 95 88 8d 9f 13 d0 96 cc 09 ee 57
  ea40:  87 f5 7d 95 68 19 55 f3 4d 0b 1d ad 08 16 73 21
  ea50:  7f 71 4d 00 8a e4 07 fe 28 59 fb 4c 9b 1d 47 31
  ea60:  07 48 bb 7f 36 50 6d 89 10 8a 6a e4 49 5c 17 50
  ea70:  5e 21 69 44 cd 86 03 63 c4 7b 9e dc 4f 1d 36 21
  ea80:  57 3d 6d d6 d3 c9 69 d4 b0 60 e0 96 94 2d ef 68
  ea90:  dc 75 4b ae 89 8c f2 58 5a d5 87 af 14 a2 07 91
  eaa0:  e9 6a b7 8a 3a 4a 8d bd 34 63 d4 37 04 f8 3e 48
  eab0:  f8 5d 8b 49 db f4 9c 66 c2 ad fe 72 9a 15 f4 77
  eac0:  0b 15 b2 8e 66 e7 b7 3c 99 c7 a7 f2 76 a7 8c ca
  ead0:  8a 96 44 48 81 55 65 f2 24 af 3c 4e dc 3b 58 f3
  eae0:  a8 a8 57 be f1 e8 df 00 de 1e d3 8a 32 29 5e a1
  eaf0:  0a ff bf 7a 0d 38 b1 25 58 70 ef d6 89 a7 10 32
  eb00:  38 6a 01 68 be a3 36 05 9f b6 7c c1 99 35 e5 b1
  eb10:  5d 7f 1e d9 08 40 97 f4 c2 af 20 0e 1c a2 97 35
  eb20:  c9 c6 dd 0a b0 e7 ee 60 5e f7 21 81 7a 6c 15 1c
  eb30:  4d 11 ec f8 d8 3b 7b b9 bd 5a d3 68 dd 27 6c e2
  eb40:  fa ee 7e 14 ab 04 c1 cd 07 e0 0a 06 02 9d 5c f4
  eb50:  1c b2 78 69 c3 94 ef f9 c4 ba 7f 09 64 fb 82 f3
  eb60:  ac 0e 01 81 78 ea 36 45 9d af 39 1f a0 f2 e3 44
  eb70:  70 0e 34 7e e3 40 f0 66 8a 52 ac cc 81 de 0f 7f
  eb80:  98 c3 05 77 93 d2 02 7d b2 e5 92 4c 7a 00 a4 91
  eb90:  5f 86 04 11 20 0a 66 7a 8a 05 a8 4f 1b 2a 8f 72
  eba0:  d2 79 ce de cb d8 e9 97 35 ad 73 c2 bb b6 db ba
  ebb0:  85 26 71 3e ab 6f ef 3a 55 82 57 04 a6 e5 3a ed
  ebc0:  54 0b b4 0e 23 42 bb 38 14 2d 3d 31 69 36 e9 e0
  ebd0:  e7 43 aa e5 00 c3 f1 da ce 85 54 ac e1 c3 eb 8c
  ebe0:  c5 93 94 ff 29 bd 78 5a 35 e3 f4 3d 7d 9c 36 57
  ebf0:  d3 ef e7 b0 95 93 87 13 c4 59 6b b7 59 bc 54 a0
  ec00:  48 fd 95 8c 7c de 9f 93 38 c0 47 6f c0 ae 68 bd
  ec10:  d9 fa 1a 5a be 29 94 e6 b4 f9 8d f9 33 8f 9e 6d
  ec20:  db c0 50 9e ed dc 8d 15 45 e2 cf 03 8f de 77 e0
  ec30:  81 6f 45 94 23 ad 04 ad 0b d4 f2 fc 56 dc 2f 1f
  ec40:  93 d7 03 49 22 7b ef 8f 47 9f 87 5e 75 5c 5a 85
  ec50:  60 15 16 4e 9a 20 8e eb 2f a9 3d f0 52 e5 02 59
  ec60:  e7 fd 58 7a 8a 36 b7 41 45 e0 41 98 4e 74 da ad
  ec70:  04 5d 8e 9e 72 47 5c b8 df 92 6e 70 aa 8a 45 52
  ec80:  7b 1d 8a 36 7b 7e b9 16 3f 9e f8 3e 44 0a ee a6
  ec90:  d9 85 e7 03 d4 0c d7 22 c8 76 3c 37 8f 57 ca e3
  eca0:  25 43 26 a2 5f 4a d6 d6 ee 30 b8 ed 76 8f 82 ac
  ecb0:  56 d8 a9 62 ce 78 1b c8 56 60 28 ae b9 ca 73 27
  ecc0:  57 1d da c8 95 5f ef 28 73 1d 72 2e 25 2b 44 93
  ecd0:  16 7e 84 c5 5b 82 02 af 3f 59 19 59 d5 56 da 8b
  ece0:  a5 76 16 62 37 a0 77 de 88 74 a7 8f f9 d5 2f b8
  ecf0:  ef 6b 20 cc f2 38 a5 56 80 85 e4 4e 02 84 dd a3
  ed00:  a1 c8 4e 83 5f c2 9b 5d 05 47 cf b3 7e 15 da 9b
  ed10:  00 a4 9a 0e 4f 21 82 79 63 54 13 5c 7e 3f b8 38
  ed20:  d8 31 de 36 0c 69 b7 19 03 88 b5 d0 2a 62 73 49
  ed30:  a9 58 63 28 9a e5 e8 83 fa 3d f0 ba ea 18 ba 6a
  ed40:  60 4b f9 cb b9 e5 97 0b 72 34 67 f1 f4 e4 57 e7
  ed50:  e0 e9 b4 42 28 86 85 4f f5 f7 43 ca fc b2 13 5b
  ed60:  49 c8 43 82 83 58 00 43 7e 0e bd 3b ee 6e 9b 1e
  ed70:  d6 47 32 b2 58 a6 fa 6b 3f 7a 0c 72 b2 b5 6d bc
  ed80:  7a 10 2d cf 0e 61 4a 23 51 3e 5e 72 de 6e 5c 3f
  ed90:  09 6d 54 47 39 c6 78 0e c9 ab 27 01 a7 a5 6b 1c
  eda0:  9c d5 87 bc 66 1a 87 fe b8 5b 3c 86 ec 80 64 69
  edb0:  dc c6 fc e3 9f 55 e0 8f 68 11 ce 90 0a 9b 85 fd
  edc0:  e8 ff 0d 18 06 08 41 41 a2 53 76 9c 75 1d 88 17
  edd0:  18 41 47 71 3b 88 9c 06 99 8e 33 d9 df fb 1c ad
  ede0:  79 74 39 c9 4e 92 19 f4 47 28 6b 92 38 55 e1 28
  edf0:  3c ba 66 12 0f 80 f6 71 7c a4 38 a4 bb 7f fa 33
  ee00:  26 cd b0 f8 65 ef 90 e0 bd 40 5a 1d 5d 3f cd be
  ee10:  17 0f c1 62 69 d4 2d 6f e9 ee db c9 f7 1d f4 d7
  ee20:  2a b9 96 dc f8 92 b6 d2 75 cf 56 45 1e 9d a2 df
  ee30:  e0 20 75 25 9a 52 03 c2 2a d8 8f f4 5c b5 b4 80
  ee40:  11 73 65 61 bd b0 ad 4e ca 58 60 e3 25 98 75 9e
  ee50:  2c a9 ee 5f fc 68 32 aa 2e c8 9b 13 03 13 01 b6
  ee60:  34 71 19 df 13 2c d2 ae d1 1b d0 49 9f db e6 bd
  ee70:  b1 c3 bf 0d 7a 1a 4a 12 ff a6 d5 4b fb bb a4 09
  ee80:  1b b7 90 5d d5 ab 12 4b 67 0a 5e 23 de e5 03 95
  ee90:  4b 9a 7e af 5d f0 7b 57 1f 2d 98 97 f6 b9 7d 91
  eea0:  dc e1 32 86 a3 87 2c 0f fa 06 88 28 12 99 85 93
  eeb0:  67 55 fd cf ac d8 9a bc 43 28 50 47 bd 9b 09 2a
  eec0:  20 aa 5d ae a7 81 72 24 39 e1 a3 62 ed 53 70 12
  eed0:  2a 71 c1 71 55 e8 ea 9b c9 15 2d ed f1 23 fb cf
  eee0:  ed 74 56 c8 ce 0e 6e cb 09 1a d9 92 f6 01 c7 aa
  eef0:  53 ad 0b f8 6d d4 a2 10 f0 4e b3 30 c9 01 d3 20
  ef00:  30 df 08 03 40 52 85 dc f6 c9 39 f2 bb c5 d4 ce
  ef10:  ed 11 d0 f7 eb bc 80 b9 99 23 16 b7 36 b3 00 e6
  ef20:  57 48 06 c5 bf 96 10 0f 57 75 64 db 0e 4a c3 6c
  ef30:  8e 11 b6 b5 5f 01 c1 af f0 3c 1c 6c 68 e9 71 84
  ef40:  96 2f 57 b4 65 01 24 f0 5a 1d f3 fa 54 b0 07 29
  ef50:  62 23 57 54 22 04 cf 00 70 38 ad cb f3 b0 06 28
  ef60:  b6 2c 1d 44 74 84 26 59 11 e4 1e a0 cd fb 5c 47
  ef70:  a5 27 97 1f 49 32 35 db 37 3a d7 07 65 f5 41 95
  ef80:  15 37 9b a4 a3 50 91 d8 06 98 e2 a3 57 a7 b7 09
  ef90:  4e 35 1c 72 aa 79 14 e0 a6 47 26 f0 0d b0 e6 31
  efa0:  7a f5 91 b7 3a e5 5c 24 d8 2e 7f 00 27 70 2a 59
  efb0:  35 a8 f1 07 be 73 b7 e5 7f d6 ab 26 30 22 e8 0b
  efc0:  12 ac 69 0e 55 b9 5d 9f 96 ae 7c c6 9a 9e 52 19
  efd0:  3b b4 1b f8 b9 9c 85 bd 03 c3 59 89 ea 93 9d 80
  efe0:  ca ce c9 aa 1b 07 68 47 db 31 1d 9c e8 e0 9f 39
  eff0:  55 e6 d7 ac 1a 71 fe 1d 13 e4 2c 13 17 78 3b 4a
  f000:  ac 01 28 c5 66 da 0a bc 02 ad 66 8b 5d 07 1e 6d
  f010:  b4 7d ac af e2 96 d2 ea 4e 4c c0 82 1a 14 15 d8
  f020:  c0 22 0b c5 c7 46 12 4f 37 ab ee 6e ce 3c 92 ef
  f030:  b5 bc dc 1a 9e b6 e6 f0 ef 53 35 b4 59 8f 43 fd
  f040:  20 96 e0 b5 b1 d5 15 a6 83 58 42 3a dd c3 4a 0d
  f050:  e3 b7 15 bd 7c 7e 31 be f4 75 fa 2e 1c 05 93 ca
  f060:  d2 5d 8e bf ce d1 df 69 a9 32 e4 ef 36 b0 d3 22
  f070:  18 13 1f 60 a4 c4 57 31 39 3c d9 49 fc 7c b5 60
  f080:  7a 64 7c 8d e3 05 d6 0e ba 3d 28 9e 87 21 9f 0c
  f090:  1b 69 df 1d b1 8d 5a 71 5e 04 10 7e 70 0b ff 30
  f0a0:  a4 52 ef c1 c1 87 83 20 69 2f 74 4d 36 ae 75 3b
  f0b0:  d9 87 ab c5 03 58 3a 83 00 ba 6a 84 1f 0c 22 2a
  f0c0:  09 98 db 70 89 37 cf dc e9 9b f6 ed d3 e0 a7 42
  f0d0:  5f 5d 3e c9 92 a4 8d c7 2a 99 04 32 39 28 a9 fb
  f0e0:  89 6e 41 16 a6 fb 8f c4 b5 7b 19 c7 de 7c ba 6d
  f0f0:  3f 22 81 5b 07 d6 3c 22 1d 92 06 69 12 8a 04 28
  f100:  70 8a f8 0a 4e be 8f 24 d5 0c 8e 3c 74 7e 6d 34
  f110:  e1 00 d7 94 c5 5a c0 b0 97 b0 79 a4 16 e5 de a8
  f120:  45 4b e8 8f c3 7b 30 67 ed cc 83 1e eb d5 aa 52
  f130:  54 d0 53 e4 bd 6a 3d 9d 0c 78 75 20 f3 5a d6 4e
  f140:  0c 26 dc 2c 67 42 c3 34 1a 01 2e 9d 02 03 92 c0
  f150:  5a ba 62 2b 30 a6 5b 0b fa 63 4b f2 70 5d 35 a2
  f160:  21 d7 25 92 39 d7 24 f2 cc b6 ed a3 b7 38 0f 06
  f170:  a7 78 95 79 4d cf 73 1d dc bc 03 20 70 b2 05 d6
  f180:  b0 ac ea a7 ae ce 1e 04 c5 f7 02 e0 73 ff 1e 00
  f190:  f8 a7 28 1e 5c 47 ca 19 5c 54 22 03 21 f1 38 89
  f1a0:  d9 a7 c5 58 60 de 0a 8a cc c8 be aa dd ae 24 d0
  f1b0:  a1 66 92 22 98 04 4c a4 31 b6 26 c3 c9 36 33 08
  f1c0:  87 d0 d5 8e a8 e9 0b 3f 85 b6 59 12 5f 2d 8f 66
  f1d0:  de 5e b8 26 8d 1c 2a 8e 04 f4 3c 6e a0 6d f1 41
  f1e0:  3e 53 4d b1 d3 b1 9a 03 90 c0 6c 76 e4 db 3b 22
  f1f0:  85 04 6d e0 ed c9 84 08 0f 26 57 28 d5 d5 f0 88
  f200:  14 c6 e1 7b f5 a2 25 d1 f0 f7 86 de f0 dc 97 97
  f210:  0f 91 7f 2f b8 39 db f1 84 14 c0 18 79 65 df cb
  f220:  6b 01 ed 4a dd 0b e4 9a b8 c2 37 21 c1 ba 52 a1
  f230:  f1 48 62 e4 aa f1 03 ba 60 a8 eb 1e 07 81 53 1f
  f240:  21 c7 08 1c b5 bd 03 8f e4 71 76 34 f8 d2 b3 83
  f250:  7e 9a 37 44 4e dd 9d 0d 85 e0 13 30 26 71 ed a7
  f260:  ea 87 84 47 f0 69 9a e8 bb b3 62 5e 79 bc 1e c3
  f270:  d1 7a 95 a5 21 d0 cf 8c 55 5b 90 01 4f 57 e5 3f
  f280:  2a 80 91 9f 0a 03 24 3d 10 27 32 5c 03 66 c5 29
  f290:  ec 76 37 1d 3d 83 8e d8 d6 d1 19 5c b4 5a 25 71
  f2a0:  43 d2 75 fe ac d2 f4 22 fb 29 11 03 b4 ea a8 22
  f2b0:  79 e3 35 69 a5 ca 2f af cd e9 20 67 c6 f5 fc 6d
  f2c0:  16 4d af fd 75 d1 0d 77 a8 57 21 67 28 20 cf 55
  f2d0:  03 ec 65 c0 d4 6e 9b 53 01 86 b8 68 bf c0 ae ed
  f2e0:  9d 39 d7 d0 ac fe ee 79 e1 9a 25 4b eb 2e 70 03
  f2f0:  f1 80 5e 3c d9 39 16 be 7d d5 c2 a1 bf 1a 6f 2f
  f300:  7d b9 22 e4 bf be 32 40 bd 09 b6 b6 b0 61 a8 38
  f310:  22 ac 3d d3 e9 66 42 9d 8e 93 83 8c 58 8f 16 61
  f320:  c7 d3 df 75 4c 5b fa 9e d9 b5 4b 7a a1 ea 3a 0a
  f330:  ab 7b 2c aa aa 85 e4 1b 43 76 cf ef f5 86 c1 cf
  f340:  a0 1d b0 89 a8 80 8c 04 7f 2d 6e 9d 45 e2 c2 2a
  f350:  d1 b6 f7 40 5e e6 d4 17 d9 bb 66 ae 50 34 e5 4e
  f360:  7c ba 79 34 f1 75 66 41 11 cd 70 26 85 97 92 3d
  f370:  74 c7 39 44 a5 c3 05 f8 07 2a e7 6b fa e9 ec 7f
  f380:  54 27 ef da f7 bb f3 4a a9 41 c1 9d 70 aa 20 aa
  f390:  27 f0 91 55 cb c7 a6 36 9f 58 cc 63 e0 6e 01 a3
  f3a0:  36 d7 a7 7d ee 0d 91 b3 c5 2b 73 57 16 aa d9 e3
  f3b0:  43 3a 4c c0 c8 59 8b 35 73 20 06 01 df 2b cc 6b
  f3c0:  3b 22 e5 a4 fa 5b b8 1a 2c 8d 46 35 01 eb e4 1f
  f3d0:  f1 09 82 6e aa d0 12 11 be 32 74 02 2b 44 29 ce
  f3e0:  a8 53 81 9c c9 f0 48 70 c0 3e 53 1b 72 05 4a ef
  f3f0:  9d 19 1c 9b 87 a7 0d 54 76 a2 aa 39 5a 73 eb 39
  f400:  d6 16 97 b5 72 8e eb 51 0d e2 1c c6 de 76 64 73
  f410:  ba 7b 51 c6 15 04 c9 5d 7f 51 a6 aa cf 7b d4 dd
  f420:  a2 a9 13 80 ea 42 2f f9 b5 2e 4d d0 d0 06 54 4a
  f430:  76 b2 57 ba e4 cb 25 7a 5e a1 64 4e f3 4d 2b a9
  f440:  03 12 4d 12 02 f3 6a 0e 94 dd 67 c2 5f 72 8d 8d
  f450:  d1 8d 8f c3 a1 7e 9b a5 5b fb 3a 7a 91 3a 42 31
  f460:  ac 6e fd 38 b0 51 23 8a f1 b9 96 46 d5 ba 5a 35
  f470:  e1 b0 62 ac c0 41 d8 50 17 82 54 f1 7f 74 71 44
  f480:  ef 7a c9 75 17 36 cc f7 12 9f ba ac 7c cd 36 bf
  f490:  68 1b ac 39 60 10 9c f3 ca 40 c6 68 65 93 68 70
  f4a0:  7d 27 f8 4d 13 e4 c3 51 6e f0 78 e2 13 fc 58 d7
  f4b0:  0b 62 e9 65 0c 9c fa 3b d8 c0 29 4b f6 9c 86 de
  f4c0:  d5 ba a5 5b 61 eb 1a 3a 04 9b 5c 56 75 bb 06 73
  f4d0:  24 a8 92 75 e7 7a f4 85 20 dd 76 f7 73 28 1f 6f
  f4e0:  86 6c 48 d2 07 04 b8 53 27 e3 c4 eb e5 f1 e9 0d
  f4f0:  ec a8 9c 01 cb 49 cd 1f 2f 80 ab 32 35 7b ab 0e
  f500:  26 07 7d c5 fc 2b 35 f3 c8 2e 1c 5f 6e 4e c8 2e
  f510:  59 10 86 2e b5 3d d7 fe 49 4f 1a 22 b4 6e c3 33
  f520:  38 5b f4 39 3b 73 cc 66 8e 53 07 0d 0d c8 6f 96
  f530:  3a b2 4d 5a be 85 c4 94 63 15 8a 67 be f1 4e df
  f540:  1f 38 18 1c 1a f4 8c 19 32 b0 c8 8f 58 ce 4c 3f
  f550:  5a a9 0c 9f bb e3 ec 50 6f 3e 73 f1 16 e9 83 27
  f560:  84 b4 4b e1 b4 4b a8 5b 91 1a 7c 33 77 7d 5c c9
  f570:  fe 9e a6 39 35 1f 23 bf 12 8b 8b 49 54 be 01 29
  f580:  9a da c7 a6 76 2c 0f 93 f7 7f 8a 07 23 9f 64 38
  f590:  e5 af a1 e4 d2 f8 c6 51 02 e2 d5 b9 26 7e ee 6d
  f5a0:  00 c7 73 db 0f c0 9a b8 15 40 83 f5 cf ba e2 02
  f5b0:  77 ed f6 01 80 b7 1c 7a f4 79 d1 7e c5 b8 00 9c
  f5c0:  e0 63 c1 75 b9 37 ee 47 c9 c7 b6 77 53 72 04 2e
  f5d0:  df 82 e6 9f fc 52 45 62 1d 36 6d 82 cc 51 23 a5
  f5e0:  e8 c2 22 c8 8e fc 4f 53 c3 d5 aa 23 96 af 06 14
  f5f0:  c9 56 50 17 7f 28 36 0e 3c b3 8f cf 47 64 1a f6
  f600:  54 bb 87 0e 28 94 6c 8a d9 3f 48 0e 90 ad 20 7d
  f610:  7f 81 6f d7 f2 44 b9 57 32 dc 94 9f 28 04 e0 d9
  f620:  39 34 e7 ef 12 7b 7e ca 20 1e 6c 7d d3 e1 2d 2f
  f630:  e9 56 d1 83 19 3f 3a 43 e0 2e a4 22 f6 e6 9d 04
  f640:  10 65 74 6e e1 70 c2 a0 cd 1f 89 4e c7 e8 22 6d
  f650:  83 cc 95 2b ed d7 2c bb 73 e6 a4 0e cb 8a 49 17
  f660:  c3 da 43 fb 11 e7 60 1f 96 68 62 fd b4 71 88 46
  f670:  9c 6a fc bb f3 8c 8d 60 ea e0 75 91 9a 38 09 a1
  f680:  ce 97 d4 db 48 40 4b 97 3a 87 b2 bb 6b 83 6c f1
  f690:  41 ae a7 fb 91 b4 19 e4 cb e6 e9 50 bb d1 28 82
  f6a0:  d0 35 89 3f 84 44 d7 79 25 23 c9 d9 71 fc 60 43
  f6b0:  aa b0 f6 53 61 4d 64 8c ae 76 6b 01 85 6c f3 7c
  f6c0:  1c cc ac 4d d8 71 39 83 92 2e 5b 8d 4e ab b8 6e
  f6d0:  8b 6b 12 1d 27 99 ee f8 01 63 10 4a ad 01 f2 b4
  f6e0:  5f 59 7e 48 7c ec aa b4 0d 9e 63 57 93 e8 e9 84
  f6f0:  28 d0 fe ba 25 00 ef 39 2d bf 9f b5 5c 6b 7a aa
  f700:  a6 78 f1 e1 03 cd 6c 4d 3a b6 be 4d 4e a2 6b aa
  f710:  d5 83 dd 02 7d 87 87 f3 fa f7 dd 5a 1d 26 26 bc
  f720:  ae 75 e0 39 69 3e 2c c8 27 00 82 09 c2 fb ea f4
  f730:  99 d2 a3 de be ea 91 90 89 b0 96 86 42 06 05 bb
  f740:  b9 2c bd 64 fc 5f cd bc a1 68 13 02 1a 90 0c c6
  f750:  f1 b6 8b f4 21 26 09 b9 51 8b 03 25 a9 dc d7 46
  f760:  7d 48 6b ec 3c 5a 82 df 77 db 4d d3 7a 67 92 90
  f770:  fc 5b 5b 2e 74 55 44 ea f6 61 05 ea 45 c1 0a 3b
  f780:  da 1a 20 81 68 bd df 34 ce e2 ce 80 d2 7e d6 1f
  f790:  83 c2 0a 10 30 bf 20 ae 0c 3f e7 2f a6 8f 07 b1
  f7a0:  3d ca 70 5f ce 6d b5 72 07 02 cb 77 69 45 b2 79
  f7b0:  ab 8a e4 b5 97 45 a4 75 73 0a cf a2 8b 91 96 d6
  f7c0:  41 11 98 e2 92 01 87 a6 33 98 5e 05 28 1f df 2d
  f7d0:  25 36 34 b8 ad cb 01 9c fc e3 17 b9 fc 0b 7c 26
  f7e0:  cc 04 da bc 20 2b 87 ec 15 be 28 78 54 0d a5 1e
  f7f0:  a0 03 0c a3 1e 41 64 18 7d 3f b8 8c 35 b9 b7 c2
  f800:  8e 0c 5f 58 5a 94 40 ad 20 7e 5d 5b 9f 3b 74 cd
  f810:  d1 7c 0e 4c e3 3c 5d 25 a1 3e 2d a7 48 e8 1f 1d
  f820:  08 c1 ce f9 47 fe 10 ab ea 01 6d 57 9c 48 6b 45
  f830:  7a 43 3e 81 89 56 29 cd ee 60 14 1e 9c 52 73 c2
  f840:  78 ec ce 28 f5 fc 70 35 09 68 ae 90 52 42 a0 c4
  f850:  42 ae 5b 08 80 77 42 89 5f 61 d1 30 37 a7 cc 8b
  f860:  83 50 cd 0d 19 3c 3e e8 50 bc be 09 7b 86 1f ec
  f870:  1c a0 78 2a f9 c4 79 e3 a4 53 37 59 24 9a 1b c8
  f880:  c7 67 dd ce fd a7 15 04 78 aa dd ee 21 0f 70 e8
  f890:  c9 35 ae b3 7d b8 7a 70 e9 6d 50 7b d8 43 bd 43
  f8a0:  58 27 e7 c0 c7 bd d1 dd b5 64 70 23 75 06 c1 f6
  f8b0:  c0 4b 38 00 40 6f 00 df ef 75 28 db c7 61 8d 49
  f8c0:  13 97 a5 6c 4e b3 d7 6f 00 7c fb b1 df b1 54 08
  f8d0:  01 a7 b9 1d 72 10 3e 7b ba ed 32 68 62 74 23 1b
  f8e0:  e8 14 82 a8 37 c0 35 f8 53 59 34 c9 e8 c1 fe 42
  f8f0:  75 86 e5 d5 d1 10 e2 b0 b8 51 60 62 cd 6c f9 fd
  f900:  a0 d4 f5 fb a9 fd 56 ec 15 7d 48 1f 28 04 e0 04
  f910:  9c 68 ba 16 56 85 56 69 88 4e 9e 6e d7 49 cb 3d
  f920:  4e cf b8 8a b7 f6 6e 5f 9d 4e de 84 68 2d a1 9a
  f930:  b5 84 0f 8c 5f a4 a6 43 83 46 c5 71 3a 1f 38 cb
  f940:  36 ee 58 a0 ce 7c bc 25 0d 85 f8 e2 10 64 2e 39
  f950:  99 7e 69 97 a0 bc 5e 35 9a fa 2b b3 1f 1f fd 81
  f960:  69 26 27 3c d4 91 6f d0 63 d7 60 48 33 7d fb 7d
  f970:  0e 9f 2f 37 3e f0 f8 ac cd 2a 9c 7b ae c3 83 81
  f980:  26 11 df 1c e9 82 c9 f0 e9 5f bd dc cf 5d 4f 20
  f990:  37 f9 ae 94 34 8c 9f 6f 69 db 04 10 42 13 f8 5a
  f9a0:  e7 ec 91 aa a2 95 44 6e d9 31 56 bb 8e a2 28 63
  f9b0:  76 05 13 b4 58 70 c9 25 55 19 e5 ec e2 72 53 91
  f9c0:  a4 a4 a6 ed 55 d6 3f d9 7d 43 57 06 43 e2 57 73
  f9d0:  69 17 95 e4 9e 9c b8 b6 b0 59 1d 18 22 fe fe c8
  f9e0:  d1 9a eb bb ab 42 73 6c 8b 09 d7 17 8b a3 da c1
  f9f0:  1e fc 15 68 c3 9f bf 05 58 e2 c8 a6 5b 75 ba cf
  fa00:  91 4e ff 44 bb bc 49 3f ba 5e 2d 0f f2 0f 7a 31
  fa10:  ed 4c 84 6c 43 c5 b0 9a 27 68 cd eb 2d 28 fe 7d
  fa20:  1e 0a 8c 62 82 6f bb d7 a0 dd e5 4a ae 53 80 fd
  fa30:  01 2e 83 be 10 04 2a 92 4a d3 8f 26 11 56 48 df
  fa40:  2a 99 49 e3 3c 96 a4 04 9b 93 c8 87 4e ba 35 02
  fa50:  95 88 75 c0 7d c5 33 3a 97 70 b3 c7 eb 16 13 9e
  fa60:  75 92 0d aa 02 56 8c c2 e3 88 6e 74 08 7a d6 34
  fa70:  bb 05 c0 42 9b e3 d6 86 3f b2 17 10 70 e8 cc f8
  fa80:  58 26 d4 ca 89 47 c6 43 d5 14 a3 c9 18 43 bb f0
  fa90:  30 12 55 d5 9c 1a 36 41 11 93 4b 6b 9a b6 37 60
  faa0:  63 49 4f ae 43 c6 c8 dd 91 10 6e 08 dc 60 a9 c6
  fab0:  92 3c 65 07 cf 52 72 1f 94 63 ec a1 fe a2 f1 df
  fac0:  15 67 5d b9 b4 7b cb 94 c9 3b e1 41 50 87 cd a4
  fad0:  f1 02 48 4b ea a4 e6 5c b2 13 a2 69 f6 77 b9 81
  fae0:  ee f1 fc 03 c7 9e 3b bf 4e 96 db 9a 29 b9 75 a6
  faf0:  ba 1b 8b f8 4c e2 b0 34 91 35 0d 18 e9 ba 78 6c
  fb00:  99 c5 c8 5a 46 43 c2 de 5f 70 a6 d2 0c d6 35 ab
  fb10:  2a 4d d3 7c db 61 0e 9e 68 30 1a 8a 66 d6 7a d9
  fb20:  c7 c7 1e ca 84 ff 07 ed 4e 9e 47 eb a5 64 8b 72
  fb30:  b9 e5 ef 76 95 f9 93 be ee 31 03 b9 cb 41 ae 03
  fb40:  1c 82 97 54 42 e3 b2 b1 d6 2d 16 72 87 35 0b de
  fb50:  af db 37 05 16 fd 64 97 0f f6 e7 42 15 63 99 96
  fb60:  e8 2a 1c 34 bc 0b dc f2 63 51 84 d8 ea 30 f5 5f
  fb70:  29 66 5d 11 b0 84 08 28 d4 d4 81 26 3b 6d c7 fa
  fb80:  90 85 a3 f7 4a 0f 1f db 8a 8f 8f f8 5c f4 aa 71
  fb90:  67 d2 75 d3 d7 e3 00 c7 fe c5 c8 5f ba 37 90 37
  fba0:  f5 78 ff 74 f8 0f 16 81 27 e9 d5 e1 5e ab c1 84
  fbb0:  75 72 8c 1a 5b 57 7e 14 bb 26 d7 bf e3 ae b8 09
  fbc0:  d3 86 c1 ac 50 25 ad 42 54 fb 90 21 96 06 18 4b
  fbd0:  a5 23 e8 30 6b 58 75 f4 c7 56 ab d7 5a 1e 84 71
  fbe0:  d2 c5 fc 9d a0 c1 79 e1 35 fb c2 0a 50 6a 3d ef
  fbf0:  2a c1 29 02 77 72 cd a0 71 89 c0 cd 72 46 b7 62
  fc00:  94 2d a5 0e be ff 69 26 52 87 07 ed b7 b9 f7 92
  fc10:  b7 e7 7c 69 95 12 db 99 0f 9b 37 7d 94 24 71 af
  fc20:  3f 12 88 a3 20 af 73 7a 0a 9d 57 58 51 91 35 29
  fc30:  3d b8 b6 93 33 c5 5b f8 88 15 9f 8e f3 e5 ad cd
  fc40:  c9 cf 67 56 b7 d5 4c 30 32 59 00 8c c0 c3 55 af
  fc50:  f0 dd 15 2b 8f a6 0d ee a7 d9 0e d7 1e dd 43 1f
  fc60:  f7 a4 15 40 5d ac 5e 87 39 04 87 2a 6f 5e f7 1d
  fc70:  38 74 39 72 2b df d4 9c 7c fe fa ab d5 4d b3 59
  fc80:  e5 2e c2 47 6d c0 24 e8 11 71 41 0a 9f c0 21 fe
  fc90:  6d 14 70 26 d8 b9 33 30 47 7d a5 83 b5 bc c7 8d
  fca0:  74 64 a0 ad 83 6a e0 1d 17 6e ae bd 67 d2 2a 94
  fcb0:  42 93 36 fe bb a5 29 b7 4c e8 36 e7 72 4a 25 8f
  fcc0:  9b 88 a1 00 fa 27 76 e3 af 97 6c dc 24 10 92 e0
  fcd0:  0a 5c 21 0e be f1 63 09 37 4f fe bb d9 6f 5c 19
  fce0:  cf 52 d7 c4 b7 78 b7 1b 25 dc 9d 67 59 3a 3f 77
  fcf0:  92 b7 e9 7d a7 28 4a 92 f2 12 cb 5c ca c0 f5 d6
  fd00:  88 3f 13 6f 77 d1 c9 8f 57 a2 87 bb 03 6e 09 72
  fd10:  a4 71 90 9a e1 93 ef 37 25 5d 3a 62 cc 6d b6 35
  fd20:  98 40 9e 36 a9 0e 07 db a5 71 dc 78 9b 38 4d 33
  fd30:  7a c5 f8 59 23 59 d5 3d 9a e5 a4 bf 65 5a b1 b8
  fd40:  67 20 d5 e2 72 3c e9 10 a4 0a 0e 3b f4 0c 52 c4
  fd50:  ab 59 9b bd 0f 20 d1 38 9f 1b d7 34 49 b0 f0 c0
  fd60:  eb 73 07 51 06 b5 71 45 f3 35 25 57 31 ef de 35
  fd70:  ae d3 5d e2 a7 3d 65 d1 ac 65 ab 3f 87 3f aa 3f
  fd80:  d8 82 4e 07 b2 81 1b 0e 59 5f cf f5 e7 5c 1f 80
  fd90:  c2 87 73 bb ee 71 cf 9c 8b c6 54 83 7d c9 ce db
  fda0:  0b 98 6f 40 12 e0 8d ce 01 af 62 76 3d d2 fa 9d
  fdb0:  da 53 cc 4c 0a 9f 57 42 49 e0 8c 52 b5 77 16 b7
  fdc0:  26 c6 16 48 27 50 ab 5c 8e ee 25 8f fd f4 ec be
  fdd0:  c3 48 32 b2 00 94 e1 69 4d eb 40 57 53 14 80 7b
  fde0:  15 88 b7 52 ee 66 60 e2 89 9b b6 3e c7 ff 7f 8e
  fdf0:  28 b5 bb 19 d8 35 02 af db 73 c4 0f 1a 10 c7 bb
  fe00:  a4 81 48 e9 86 b3 04 62 e4 2b 28 27 71 69 d7 71
  fe10:  24 ce dd 38 4e c0 5b 31 23 50 42 9f 49 82 44 37
  fe20:  8b df 55 35 0f f9 cf 01 67 0e 1b 7f a3 f4 eb 39
  fe30:  3f fc db c4 12 85 83 5c ee 9f 9b e7 c2 dd 38 bb
  fe40:  79 4d 49 42 ba 2c 4c c3 09 93 b5 c9 29 68 54 1d
  fe50:  05 d4 05 cc 48 33 e7 20 dc 58 62 e7 1c 3f fa b1
  fe60:  aa 65 72 f2 37 b7 db f3 01 a0 6f 77 e5 5d ef ed
  fe70:  e2 b4 75 2f ba 88 8d 42 70 d1 6a c6 b5 53 cb b6
  fe80:  2e a7 e3 67 ba 55 01 b6 88 18 ba ac 3b 41 0a a2
  fe90:  e6 b6 80 1a 88 0f c3 8e 1c a4 09 6e d6 21 42 a0
  fea0:  7d 98 14 df da 3e 1e 10 49 a0 ca bf d5 c7 aa 72
  feb0:  31 f7 70 4c 9e 98 ed 24 73 f6 04 0d 55 25 24 22
  fec0:  42 95 65 80 0d 6e 19 fa 3d 45 b1 28 01 f3 97 f4
  fed0:  9f 9a ba 3a 09 1b 2a d8 28 6a 5d 0d 2d 83 e3 11
  fee0:  3a 2c 92 b9 88 11 c0 07 c3 16 09 8a 0d f3 e3 d5
  fef0:  79 44 a0 43 5f 96 c0 63 70 b5 d3 08 46 dc 6e d5
  ff00:  d4 16 b8 5b 09 f8 b8 d6 65 ad 7b ac 6e c1 a3 34
  ff10:  d7 11 41 ca 41 15 a1 ff f2 a7 a7 49 b7 4f d9 64
  ff20:  f0 b6 24 45 cf 8a ac 1c 84 09 f6 0c c0 54 9a 8f
  ff30:  7d af 66 6d e1 53 5c 56 ef 4a 19 4b 23 75 df 91
  ff40:  d9 e9 f9 b5 79 a1 09 7e 84 27 8b 01 d7 e3 e6 45
  ff50:  97 f2 28 71 6a 76 81 c9 86 ce e8 4f f7 9c cc 2f
  ff60:  ff dc 55 aa 26 3b de 75 0e 77 3d 51 53 19 40 02
  ff70:  74 5b 4c ff 3c 4a f5 8a c3 64 d4 7b dc e9 7b bf
  ff80:  6f 72 1d 53 74 7d 0b a4 10 88 3a ce d2 5e 93 b8
  ff90:  6d 47 5c 24 c1 d1 71 6a 88 90 c9 23 86 33 1d 07
  ffa0:  70 dc 12 03 1b 98 fe 14 fe e1 c7 7f 38 5d ae 2d
  ffb0:  93 33 c6 16 c5 49 09 cd 1d c1 ce 18 f0 56 20 18
  ffc0:  9a f6 27 23 ee eb 3e 37 ee 5d 50 43 ac 2b f3 72
  ffd0:  2b b3 ca 7f 27 68 46 ac 8e f9 6b 6c 43 b0 86 b8
  ffe0:  eb 04 c8 33 19 ee e4 0a d6 9a 38 36 4d a3 f2 ef
  fff0:  71 7b 8d 2e ad 3f 1d 29 53 55 80 d9 74 b8 e2 1f
