0000000    ed  ab  ee  db  03  00  00  00  00  16  72  70  6d  2d  34  2e
0000010    31  39  2e  31  2e  31  2d  33  2e  32  00  00  00  00  00  00

        NOTE : "rpm-4.19.1.1-3.2"

0000020    00  00  00  00  00  00  00  00  00  00  00  00  00  00  00  00
0000030    00  00  00  00  00  00  00  00  00  00  00  00  00  00  00  00
0000040    00  00  00  00  00  00  00  00  00  00  00  00  00  01  00  05

These 16 bytes are not used or are reserved.
0000050    00  00  00  00  00  00  00  00  00  00  00  00  00  00  00  00

0000060    8e  ad  e8  01  00  00  00  00  00  00  00  09  00  00  14  e4
                                                       |
index entries of which there are 9 because ------------+

                                           +-- offset --+  +- element count -+
0000070    00  00  00  3e  00  00  00  07  00  00  14  d4  00  00  00  10
0000080    00  00  01  0c  00  00  00  07  00  00  00  00  00  00  02  18
0000090    00  00  01  0d  00  00  00  06  00  00  02  18  00  00  00  01
00000a0    00  00  01  11  00  00  00  06  00  00  02  41  00  00  00  01
00000b0    00  00  03  e8  00  00  00  04  00  00  02  84  00  00  00  01
00000c0    00  00  03  ea  00  00  00  07  00  00  02  88  00  00  02  18
00000d0    00  00  03  ec  00  00  00  07  00  00  04  a0  00  00  00  10
00000e0    00  00  03  ef  00  00  00  04  00  00  04  b0  00  00  00  01
00000f0    00  00  03  f0  00  00  00  07  00  00  04  b4  00  00  10  20


0000100    89  02  15  03  05  00  66  06  b3  62  35  a2  f8  6e  29  b7
0000110    00  a4  01  0a  de  76  0f  ff  5c  c7  c1  53  57  11  7a  e9
0000120    f8  63  a9  3b  80  b6  97  e9  bf  d3  76  9f  c7  d6  a1  16
0000130    42  6d  ca  8a  da  b2  70  e9  40  5f  4a  64  32  1a  ae  3d
0000140    cd  ae  35  ac  c7  4c  fb  77  a1  09  c9  bc  16  c6  3d  90
0000150    75  01  ed  13  13  e4  2e  a8  2b  30  f9  1c  2c  7f  7f  c9
0000160    74  8e  f3  7d  56  aa  8f  68  0d  13  64  d0  be  cb  44  cf
0000170    17  46  e2  c9  a6  99  ee  6c  a5  81  74  c6  b7  4d  62  ea
0000180    96  ba  c3  dc  41  26  dc  59  ce  56  65  5c  bc  75  1e  23
0000190    04  c5  c3  dd  62  5f  32  17  c4  6a  95  1f  44  76  65  26
00001a0    31  03  8b  95  9c  d4  bd  0d  51  d4  30  71  a2  7c  37  98
00001b0    8f  2d  cc  46  6a  b6  56  6a  65  18  7b  2b  52  69  71  a9
00001c0    ed  0f  8b  25  6b  1d  23  26  ce  83  4a  f9  05  44  73  58
00001d0    ee  84  a2  df  07  36  27  7d  98  01  5b  5a  71  8c  41  5c
00001e0    5c  da  90  3f  6f  23  24  05  9b  66  d2  76  10  e3  14  63
00001f0    61  99  c3  de  01  25  bc  b9  e6  65  d5  15  b2  0a  47  a4
0000200    e1  71  51  c5  51  e1  70  3c  7b  f9  94  d0  f0  c6  d7  d3
0000210    fb  ae  2e  c3  32  99  09  bd  7b  62  11  e7  20  b3  46  f6
0000220    40  aa  5b  d6  7e  bb  03  a4  e3  e6  38  0c  9a  24  69  02
0000230    f2  fb  2c  f3  74  6e  69  36  3d  dd  cd  e9  9f  f3  ab  9c
0000240    9d  2d  ac  83  23  11  55  ea  4d  db  be  80  5c  e0  db  05
0000250    55  3a  8f  17  d6  93  97  eb  03  8d  29  e0  ea  5a  a8  66
0000260    b9  af  25  4c  c5  9c  2a  53  8c  1d  0d  a1  15  c1  95  16
0000270    cd  67  16  ae  0e  ec  7f  dd  ce  d8  fa  5c  1a  42  34  50
0000280    13  e2  43  e9  1e  c2  44  f7  be  5a  03  42  a8  5a  ed  8b
0000290    25  1e  e7  40  9e  dc  1e  ea  4c  b6  b9  11  99  77  55  a5
00002a0    6b  82  94  40  75  7e  9e  e1  f5  d3  76  97  a6  69  3f  42
00002b0    13  39  fa  5c  9c  98  9a  2d  53  ca  81  95  eb  b8  54  8b
00002c0    a0  dd  56  ab  27  ae  a5  2b  6e  3e  07  45  f3  c4  95  bf
00002d0    c2  b6  84  86  8c  33  b9  71  06  49  9a  99  d1  84  50  31
00002e0    03  ab  2b  66  03  5b  dc  86  1b  08  d5  ca  14  94  fb  4c
00002f0    e5  4e  58  bb  4e  80  6c  f8  42  66  13  a5  e1  84  77  96
0000300    9f  00  78  12  01  89  52  13  a3  78  a2  8b  63  97  86  9e
0000310    7e  35  fe  2d  0a  49  8a  d3  

0000310                                    65  33  32  31  30  38  66  31
0000320    39  36  64  61  32  32  62  34  36  65  34  38  37  32  36  30
0000330    39  32  38  61  36  37  36  61  33  64  38  32  34  63  30  62
0000340    00

                  Here we guess a SHA1 hash 

                 e32108f196da22b46e487260928a676a3d824c0b


0000340        34  31  37  31  30  39  30  37  62  30  38  35  66  31  33
0000350    65  39  63  30  32  37  61  65  63  34  62  66  62  64  61  32
0000360    33  38  32  37  35  38  65  65  64  64  31  65  36  36  33  63
0000370    34  30  65  33  61  33  62  34  61  36  35  61  30  66  63  66
0000380    32  00  00  00

                  Likely a SHA256 hash sig 

          41710907b085f13e9c027aec4bfbda2382758eedd1e663c40e3a3b4a65a0fcf2

                  Note that int32_t data is always 32-bit aligned and that
               explains the extra NUL byte string padding above.

0000380                    00  0e  16  b8

                    index offset 0x288 ----+
                                           |
0000380                                    89  02  15  03  05  00  66  06
0000390    b3  62  35  a2  f8  6e  29  b7  00  a4  01  0a  ef  53  10  00
00003a0    94  16  24  a6  9a  43  41  96  56  a4  0b  dc  db  10  d2  87
00003b0    08  d3  75  b1  f4  e9  79  11  00  23  73  b3  70  1e  96  dc
00003c0    f8  44  1d  eb  ae  9e  c1  25  a5  bf  4d  e2  ec  69  c2  96
00003d0    d5  79  90  73  66  28  01  38  c6  23  b2  3a  c2  ba  99  ca
00003e0    02  47  aa  6d  bb  ed  be  98  bd  a4  64  8b  2c  91  42  58
00003f0    ed  8b  42  34  63  ab  26  08  7b  b1  dd  75  2b  4b  51  89
0000400    04  83  0c  85  a8  ef  29  8a  2a  5a  ca  cc  69  f3  6c  7c
0000410    c2  03  2f  73  87  de  7a  4a  c9  3f  e5  9a  ed  18  6f  12
0000420    dd  02  6d  7e  14  8f  ef  e8  51  d4  46  3a  c6  7a  b1  9a
0000430    4d  52  ea  90  6d  54  29  d6  4c  42  92  44  50  37  41  a9
0000440    43  a4  c0  72  bc  52  33  9a  9e  04  85  d3  21  fa  f9  9d
0000450    d2  d2  ba  96  96  ff  ed  5f  8d  69  49  52  0b  ac  d6  74
0000460    8d  15  06  9c  ee  83  cc  96  ef  58  4c  b3  9f  f1  fd  39
0000470    56  a9  ea  6b  1e  17  95  40  73  02  58  10  eb  2e  65  d7
0000480    f2  09  fd  6f  99  a1  96  27  39  13  ee  b9  79  2d  a4  a1
0000490    43  10  cf  e4  42  a0  f5  7c  ad  7f  bf  93  39  b3  5c  28
00004a0    62  ee  fa  ba  50  72  8f  cd  6a  30  b2  7e  fd  5b  03  46
00004b0    e3  a8  9b  ac  88  c1  1a  2d  41  e7  91  78  8f  ad  95  03
00004c0    8f  ef  af  6b  e3  a8  56  77  47  71  6b  0a  d4  53  f5  51
00004d0    44  b3  94  e7  a0  2d  e3  8e  e5  b8  3a  32  c9  cb  fb  f1
00004e0    a2  08  86  7c  23  bc  aa  32  a1  8d  cf  3f  85  15  61  f5
00004f0    a2  ec  81  07  84  c1  69  3b  72  9d  39  f8  e2  13  8b  30
0000500    06  da  66  3c  78  bf  94  b7  0b  9d  cb  69  6a  ee  dd  16
0000510    0c  ba  f7  b4  f1  99  3d  92  1a  65  ba  06  12  ed  58  1a
0000520    8d  3d  47  68  02  0a  50  a4  dc  0d  56  89  10  42  46  74
0000530    b3  7e  83  ed  fa  9c  92  3c  6b  af  d0  b6  c7  2c  87  40
0000540    d8  d8  2c  31  a2  d6  3c  d8  f3  fa  f2  22  5b  4b  e6  e4
0000550    e6  e5  c5  40  ff  6d  bb  b8  91  8b  1f  c8  26  9d  af  ed
0000560    90  f3  2e  13  e5  85  58  31  3d  03  67  88  df  cc  bb  1e
0000570    8e  55  ab  f7  14  cb  b0  84  43  55  a5  53  a3  ce  63  9a
0000580    6d  bd  fa  39  06  dc  8b  63  79  15  f4  9c  95  8e  e8  13
0000590    fa  b9  40  ab  db  2d  a8  b6  1d  96  f4  ff  dc  04  46  c0


00005a0    a1  0b  89  cb  ad  af  7c  33  a9  46  c2  65  70  69  77  41
00005b0    00  2f  72  a4   <--- offset 0x4b3

             offset 0x4b4 --+   WHAT DA FUK are all these 0x00 bytes doin? 
                            |
00005b0                    00  00  00  00  00  00  00  00  00  00  00  00
00005c0    00  00  00  00  00  00  00  00  00  00  00  00  00  00  00  00
00005d0    00  00  00  00  00  00  00  00  00  00  00  00  00  00  00  00
00005e0    00  00  00  00  00  00  00  00  00  00  00  00  00  00  00  00
00005f0    00  00  00  00  00  00  00  00  00  00  00  00  00  00  00  00
0000600    00  00  00  00  00  00  00  00  00  00  00  00  00  00  00  00
0000610    00  00  00  00  00  00  00  00  00  00  00  00  00  00  00  00
0000620    00  00  00  00  00  00  00  00  00  00  00  00  00  00  00  00
0000630    00  00  00  00  00  00  00  00  00  00  00  00  00  00  00  00
0000640    00  00  00  00  00  00  00  00  00  00  00  00  00  00  00  00
0000650    00  00  00  00  00  00  00  00  00  00  00  00  00  00  00  00
0000660    00  00  00  00  00  00  00  00  00  00  00  00  00  00  00  00
0000670    00  00  00  00  00  00  00  00  00  00  00  00  00  00  00  00
0000680    00  00  00  00  00  00  00  00  00  00  00  00  00  00  00  00
0000690    00  00  00  00  00  00  00  00  00  00  00  00  00  00  00  00
00006a0    00  00  00  00  00  00  00  00  00  00  00  00  00  00  00  00
00006b0    00  00  00  00  00  00  00  00  00  00  00  00  00  00  00  00
00006c0    00  00  00  00  00  00  00  00  00  00  00  00  00  00  00  00
00006d0    00  00  00  00  00  00  00  00  00  00  00  00  00  00  00  00
00006e0    00  00  00  00  00  00  00  00  00  00  00  00  00  00  00  00
00006f0    00  00  00  00  00  00  00  00  00  00  00  00  00  00  00  00
0000700    00  00  00  00  00  00  00  00  00  00  00  00  00  00  00  00
0000710    00  00  00  00  00  00  00  00  00  00  00  00  00  00  00  00
0000720    00  00  00  00  00  00  00  00  00  00  00  00  00  00  00  00
0000730    00  00  00  00  00  00  00  00  00  00  00  00  00  00  00  00
0000740    00  00  00  00  00  00  00  00  00  00  00  00  00  00  00  00
0000750    00  00  00  00  00  00  00  00  00  00  00  00  00  00  00  00
0000760    00  00  00  00  00  00  00  00  00  00  00  00  00  00  00  00
0000770    00  00  00  00  00  00  00  00  00  00  00  00  00  00  00  00
0000780    00  00  00  00  00  00  00  00  00  00  00  00  00  00  00  00
0000790    00  00  00  00  00  00  00  00  00  00  00  00  00  00  00  00
00007a0    00  00  00  00  00  00  00  00  00  00  00  00  00  00  00  00
00007b0    00  00  00  00  00  00  00  00  00  00  00  00  00  00  00  00
00007c0    00  00  00  00  00  00  00  00  00  00  00  00  00  00  00  00
00007d0    00  00  00  00  00  00  00  00  00  00  00  00  00  00  00  00
00007e0    00  00  00  00  00  00  00  00  00  00  00  00  00  00  00  00
00007f0    00  00  00  00  00  00  00  00  00  00  00  00  00  00  00  00
0000800    00  00  00  00  00  00  00  00  00  00  00  00  00  00  00  00
0000810    00  00  00  00  00  00  00  00  00  00  00  00  00  00  00  00
0000820    00  00  00  00  00  00  00  00  00  00  00  00  00  00  00  00
0000830    00  00  00  00  00  00  00  00  00  00  00  00  00  00  00  00
0000840    00  00  00  00  00  00  00  00  00  00  00  00  00  00  00  00
0000850    00  00  00  00  00  00  00  00  00  00  00  00  00  00  00  00
0000860    00  00  00  00  00  00  00  00  00  00  00  00  00  00  00  00
0000870    00  00  00  00  00  00  00  00  00  00  00  00  00  00  00  00
0000880    00  00  00  00  00  00  00  00  00  00  00  00  00  00  00  00
0000890    00  00  00  00  00  00  00  00  00  00  00  00  00  00  00  00
00008a0    00  00  00  00  00  00  00  00  00  00  00  00  00  00  00  00
00008b0    00  00  00  00  00  00  00  00  00  00  00  00  00  00  00  00
00008c0    00  00  00  00  00  00  00  00  00  00  00  00  00  00  00  00
00008d0    00  00  00  00  00  00  00  00  00  00  00  00  00  00  00  00
00008e0    00  00  00  00  00  00  00  00  00  00  00  00  00  00  00  00
00008f0    00  00  00  00  00  00  00  00  00  00  00  00  00  00  00  00
0000900    00  00  00  00  00  00  00  00  00  00  00  00  00  00  00  00
0000910    00  00  00  00  00  00  00  00  00  00  00  00  00  00  00  00
0000920    00  00  00  00  00  00  00  00  00  00  00  00  00  00  00  00
0000930    00  00  00  00  00  00  00  00  00  00  00  00  00  00  00  00
0000940    00  00  00  00  00  00  00  00  00  00  00  00  00  00  00  00
0000950    00  00  00  00  00  00  00  00  00  00  00  00  00  00  00  00
0000960    00  00  00  00  00  00  00  00  00  00  00  00  00  00  00  00
0000970    00  00  00  00  00  00  00  00  00  00  00  00  00  00  00  00
0000980    00  00  00  00  00  00  00  00  00  00  00  00  00  00  00  00
0000990    00  00  00  00  00  00  00  00  00  00  00  00  00  00  00  00
00009a0    00  00  00  00  00  00  00  00  00  00  00  00  00  00  00  00
00009b0    00  00  00  00  00  00  00  00  00  00  00  00  00  00  00  00
00009c0    00  00  00  00  00  00  00  00  00  00  00  00  00  00  00  00
00009d0    00  00  00  00  00  00  00  00  00  00  00  00  00  00  00  00
00009e0    00  00  00  00  00  00  00  00  00  00  00  00  00  00  00  00
00009f0    00  00  00  00  00  00  00  00  00  00  00  00  00  00  00  00
0000a00    00  00  00  00  00  00  00  00  00  00  00  00  00  00  00  00
0000a10    00  00  00  00  00  00  00  00  00  00  00  00  00  00  00  00
0000a20    00  00  00  00  00  00  00  00  00  00  00  00  00  00  00  00
0000a30    00  00  00  00  00  00  00  00  00  00  00  00  00  00  00  00
0000a40    00  00  00  00  00  00  00  00  00  00  00  00  00  00  00  00
0000a50    00  00  00  00  00  00  00  00  00  00  00  00  00  00  00  00
0000a60    00  00  00  00  00  00  00  00  00  00  00  00  00  00  00  00
0000a70    00  00  00  00  00  00  00  00  00  00  00  00  00  00  00  00
0000a80    00  00  00  00  00  00  00  00  00  00  00  00  00  00  00  00
0000a90    00  00  00  00  00  00  00  00  00  00  00  00  00  00  00  00
0000aa0    00  00  00  00  00  00  00  00  00  00  00  00  00  00  00  00
0000ab0    00  00  00  00  00  00  00  00  00  00  00  00  00  00  00  00
0000ac0    00  00  00  00  00  00  00  00  00  00  00  00  00  00  00  00
0000ad0    00  00  00  00  00  00  00  00  00  00  00  00  00  00  00  00
0000ae0    00  00  00  00  00  00  00  00  00  00  00  00  00  00  00  00
0000af0    00  00  00  00  00  00  00  00  00  00  00  00  00  00  00  00
0000b00    00  00  00  00  00  00  00  00  00  00  00  00  00  00  00  00
0000b10    00  00  00  00  00  00  00  00  00  00  00  00  00  00  00  00
0000b20    00  00  00  00  00  00  00  00  00  00  00  00  00  00  00  00
0000b30    00  00  00  00  00  00  00  00  00  00  00  00  00  00  00  00
0000b40    00  00  00  00  00  00  00  00  00  00  00  00  00  00  00  00
0000b50    00  00  00  00  00  00  00  00  00  00  00  00  00  00  00  00
0000b60    00  00  00  00  00  00  00  00  00  00  00  00  00  00  00  00
0000b70    00  00  00  00  00  00  00  00  00  00  00  00  00  00  00  00
0000b80    00  00  00  00  00  00  00  00  00  00  00  00  00  00  00  00
0000b90    00  00  00  00  00  00  00  00  00  00  00  00  00  00  00  00
0000ba0    00  00  00  00  00  00  00  00  00  00  00  00  00  00  00  00
0000bb0    00  00  00  00  00  00  00  00  00  00  00  00  00  00  00  00
0000bc0    00  00  00  00  00  00  00  00  00  00  00  00  00  00  00  00
0000bd0    00  00  00  00  00  00  00  00  00  00  00  00  00  00  00  00
0000be0    00  00  00  00  00  00  00  00  00  00  00  00  00  00  00  00
0000bf0    00  00  00  00  00  00  00  00  00  00  00  00  00  00  00  00
0000c00    00  00  00  00  00  00  00  00  00  00  00  00  00  00  00  00
0000c10    00  00  00  00  00  00  00  00  00  00  00  00  00  00  00  00
0000c20    00  00  00  00  00  00  00  00  00  00  00  00  00  00  00  00
0000c30    00  00  00  00  00  00  00  00  00  00  00  00  00  00  00  00
0000c40    00  00  00  00  00  00  00  00  00  00  00  00  00  00  00  00
0000c50    00  00  00  00  00  00  00  00  00  00  00  00  00  00  00  00
0000c60    00  00  00  00  00  00  00  00  00  00  00  00  00  00  00  00
0000c70    00  00  00  00  00  00  00  00  00  00  00  00  00  00  00  00
0000c80    00  00  00  00  00  00  00  00  00  00  00  00  00  00  00  00
0000c90    00  00  00  00  00  00  00  00  00  00  00  00  00  00  00  00
0000ca0    00  00  00  00  00  00  00  00  00  00  00  00  00  00  00  00
0000cb0    00  00  00  00  00  00  00  00  00  00  00  00  00  00  00  00
0000cc0    00  00  00  00  00  00  00  00  00  00  00  00  00  00  00  00
0000cd0    00  00  00  00  00  00  00  00  00  00  00  00  00  00  00  00
0000ce0    00  00  00  00  00  00  00  00  00  00  00  00  00  00  00  00
0000cf0    00  00  00  00  00  00  00  00  00  00  00  00  00  00  00  00
0000d00    00  00  00  00  00  00  00  00  00  00  00  00  00  00  00  00
0000d10    00  00  00  00  00  00  00  00  00  00  00  00  00  00  00  00
0000d20    00  00  00  00  00  00  00  00  00  00  00  00  00  00  00  00
0000d30    00  00  00  00  00  00  00  00  00  00  00  00  00  00  00  00
0000d40    00  00  00  00  00  00  00  00  00  00  00  00  00  00  00  00
0000d50    00  00  00  00  00  00  00  00  00  00  00  00  00  00  00  00
0000d60    00  00  00  00  00  00  00  00  00  00  00  00  00  00  00  00
0000d70    00  00  00  00  00  00  00  00  00  00  00  00  00  00  00  00
0000d80    00  00  00  00  00  00  00  00  00  00  00  00  00  00  00  00
0000d90    00  00  00  00  00  00  00  00  00  00  00  00  00  00  00  00
0000da0    00  00  00  00  00  00  00  00  00  00  00  00  00  00  00  00
0000db0    00  00  00  00  00  00  00  00  00  00  00  00  00  00  00  00
0000dc0    00  00  00  00  00  00  00  00  00  00  00  00  00  00  00  00
0000dd0    00  00  00  00  00  00  00  00  00  00  00  00  00  00  00  00
0000de0    00  00  00  00  00  00  00  00  00  00  00  00  00  00  00  00
0000df0    00  00  00  00  00  00  00  00  00  00  00  00  00  00  00  00
0000e00    00  00  00  00  00  00  00  00  00  00  00  00  00  00  00  00
0000e10    00  00  00  00  00  00  00  00  00  00  00  00  00  00  00  00
0000e20    00  00  00  00  00  00  00  00  00  00  00  00  00  00  00  00
0000e30    00  00  00  00  00  00  00  00  00  00  00  00  00  00  00  00
0000e40    00  00  00  00  00  00  00  00  00  00  00  00  00  00  00  00
0000e50    00  00  00  00  00  00  00  00  00  00  00  00  00  00  00  00
0000e60    00  00  00  00  00  00  00  00  00  00  00  00  00  00  00  00
0000e70    00  00  00  00  00  00  00  00  00  00  00  00  00  00  00  00
0000e80    00  00  00  00  00  00  00  00  00  00  00  00  00  00  00  00
0000e90    00  00  00  00  00  00  00  00  00  00  00  00  00  00  00  00
0000ea0    00  00  00  00  00  00  00  00  00  00  00  00  00  00  00  00
0000eb0    00  00  00  00  00  00  00  00  00  00  00  00  00  00  00  00
0000ec0    00  00  00  00  00  00  00  00  00  00  00  00  00  00  00  00
0000ed0    00  00  00  00  00  00  00  00  00  00  00  00  00  00  00  00
0000ee0    00  00  00  00  00  00  00  00  00  00  00  00  00  00  00  00
0000ef0    00  00  00  00  00  00  00  00  00  00  00  00  00  00  00  00
0000f00    00  00  00  00  00  00  00  00  00  00  00  00  00  00  00  00
0000f10    00  00  00  00  00  00  00  00  00  00  00  00  00  00  00  00
0000f20    00  00  00  00  00  00  00  00  00  00  00  00  00  00  00  00
0000f30    00  00  00  00  00  00  00  00  00  00  00  00  00  00  00  00
0000f40    00  00  00  00  00  00  00  00  00  00  00  00  00  00  00  00
0000f50    00  00  00  00  00  00  00  00  00  00  00  00  00  00  00  00
0000f60    00  00  00  00  00  00  00  00  00  00  00  00  00  00  00  00
0000f70    00  00  00  00  00  00  00  00  00  00  00  00  00  00  00  00
0000f80    00  00  00  00  00  00  00  00  00  00  00  00  00  00  00  00
0000f90    00  00  00  00  00  00  00  00  00  00  00  00  00  00  00  00
0000fa0    00  00  00  00  00  00  00  00  00  00  00  00  00  00  00  00
0000fb0    00  00  00  00  00  00  00  00  00  00  00  00  00  00  00  00
0000fc0    00  00  00  00  00  00  00  00  00  00  00  00  00  00  00  00
0000fd0    00  00  00  00  00  00  00  00  00  00  00  00  00  00  00  00
0000fe0    00  00  00  00  00  00  00  00  00  00  00  00  00  00  00  00
0000ff0    00  00  00  00  00  00  00  00  00  00  00  00  00  00  00  00
0001000    00  00  00  00  00  00  00  00  00  00  00  00  00  00  00  00
0001010    00  00  00  00  00  00  00  00  00  00  00  00  00  00  00  00
0001020    00  00  00  00  00  00  00  00  00  00  00  00  00  00  00  00
0001030    00  00  00  00  00  00  00  00  00  00  00  00  00  00  00  00
0001040    00  00  00  00  00  00  00  00  00  00  00  00  00  00  00  00
0001050    00  00  00  00  00  00  00  00  00  00  00  00  00  00  00  00
0001060    00  00  00  00  00  00  00  00  00  00  00  00  00  00  00  00
0001070    00  00  00  00  00  00  00  00  00  00  00  00  00  00  00  00
0001080    00  00  00  00  00  00  00  00  00  00  00  00  00  00  00  00
0001090    00  00  00  00  00  00  00  00  00  00  00  00  00  00  00  00
00010a0    00  00  00  00  00  00  00  00  00  00  00  00  00  00  00  00
00010b0    00  00  00  00  00  00  00  00  00  00  00  00  00  00  00  00
00010c0    00  00  00  00  00  00  00  00  00  00  00  00  00  00  00  00
00010d0    00  00  00  00  00  00  00  00  00  00  00  00  00  00  00  00
00010e0    00  00  00  00  00  00  00  00  00  00  00  00  00  00  00  00
00010f0    00  00  00  00  00  00  00  00  00  00  00  00  00  00  00  00
0001100    00  00  00  00  00  00  00  00  00  00  00  00  00  00  00  00
0001110    00  00  00  00  00  00  00  00  00  00  00  00  00  00  00  00
0001120    00  00  00  00  00  00  00  00  00  00  00  00  00  00  00  00
0001130    00  00  00  00  00  00  00  00  00  00  00  00  00  00  00  00
0001140    00  00  00  00  00  00  00  00  00  00  00  00  00  00  00  00
0001150    00  00  00  00  00  00  00  00  00  00  00  00  00  00  00  00
0001160    00  00  00  00  00  00  00  00  00  00  00  00  00  00  00  00
0001170    00  00  00  00  00  00  00  00  00  00  00  00  00  00  00  00
0001180    00  00  00  00  00  00  00  00  00  00  00  00  00  00  00  00
0001190    00  00  00  00  00  00  00  00  00  00  00  00  00  00  00  00
00011a0    00  00  00  00  00  00  00  00  00  00  00  00  00  00  00  00
00011b0    00  00  00  00  00  00  00  00  00  00  00  00  00  00  00  00
00011c0    00  00  00  00  00  00  00  00  00  00  00  00  00  00  00  00
00011d0    00  00  00  00  00  00  00  00  00  00  00  00  00  00  00  00
00011e0    00  00  00  00  00  00  00  00  00  00  00  00  00  00  00  00
00011f0    00  00  00  00  00  00  00  00  00  00  00  00  00  00  00  00
0001200    00  00  00  00  00  00  00  00  00  00  00  00  00  00  00  00
0001210    00  00  00  00  00  00  00  00  00  00  00  00  00  00  00  00
0001220    00  00  00  00  00  00  00  00  00  00  00  00  00  00  00  00
0001230    00  00  00  00  00  00  00  00  00  00  00  00  00  00  00  00
0001240    00  00  00  00  00  00  00  00  00  00  00  00  00  00  00  00
0001250    00  00  00  00  00  00  00  00  00  00  00  00  00  00  00  00
0001260    00  00  00  00  00  00  00  00  00  00  00  00  00  00  00  00
0001270    00  00  00  00  00  00  00  00  00  00  00  00  00  00  00  00
0001280    00  00  00  00  00  00  00  00  00  00  00  00  00  00  00  00
0001290    00  00  00  00  00  00  00  00  00  00  00  00  00  00  00  00
00012a0    00  00  00  00  00  00  00  00  00  00  00  00  00  00  00  00
00012b0    00  00  00  00  00  00  00  00  00  00  00  00  00  00  00  00
00012c0    00  00  00  00  00  00  00  00  00  00  00  00  00  00  00  00
00012d0    00  00  00  00  00  00  00  00  00  00  00  00  00  00  00  00
00012e0    00  00  00  00  00  00  00  00  00  00  00  00  00  00  00  00
00012f0    00  00  00  00  00  00  00  00  00  00  00  00  00  00  00  00
0001300    00  00  00  00  00  00  00  00  00  00  00  00  00  00  00  00
0001310    00  00  00  00  00  00  00  00  00  00  00  00  00  00  00  00
0001320    00  00  00  00  00  00  00  00  00  00  00  00  00  00  00  00
0001330    00  00  00  00  00  00  00  00  00  00  00  00  00  00  00  00
0001340    00  00  00  00  00  00  00  00  00  00  00  00  00  00  00  00
0001350    00  00  00  00  00  00  00  00  00  00  00  00  00  00  00  00
0001360    00  00  00  00  00  00  00  00  00  00  00  00  00  00  00  00
0001370    00  00  00  00  00  00  00  00  00  00  00  00  00  00  00  00
0001380    00  00  00  00  00  00  00  00  00  00  00  00  00  00  00  00
0001390    00  00  00  00  00  00  00  00  00  00  00  00  00  00  00  00
00013a0    00  00  00  00  00  00  00  00  00  00  00  00  00  00  00  00
00013b0    00  00  00  00  00  00  00  00  00  00  00  00  00  00  00  00
00013c0    00  00  00  00  00  00  00  00  00  00  00  00  00  00  00  00
00013d0    00  00  00  00  00  00  00  00  00  00  00  00  00  00  00  00
00013e0    00  00  00  00  00  00  00  00  00  00  00  00  00  00  00  00
00013f0    00  00  00  00  00  00  00  00  00  00  00  00  00  00  00  00
0001400    00  00  00  00  00  00  00  00  00  00  00  00  00  00  00  00
0001410    00  00  00  00  00  00  00  00  00  00  00  00  00  00  00  00
0001420    00  00  00  00  00  00  00  00  00  00  00  00  00  00  00  00
0001430    00  00  00  00  00  00  00  00  00  00  00  00  00  00  00  00
0001440    00  00  00  00  00  00  00  00  00  00  00  00  00  00  00  00
0001450    00  00  00  00  00  00  00  00  00  00  00  00  00  00  00  00
0001460    00  00  00  00  00  00  00  00  00  00  00  00  00  00  00  00
0001470    00  00  00  00  00  00  00  00  00  00  00  00  00  00  00  00
0001480    00  00  00  00  00  00  00  00  00  00  00  00  00  00  00  00
0001490    00  00  00  00  00  00  00  00  00  00  00  00  00  00  00  00
00014a0    00  00  00  00  00  00  00  00  00  00  00  00  00  00  00  00
00014b0    00  00  00  00  00  00  00  00  00  00  00  00  00  00  00  00
00014c0    00  00  00  00  00  00  00  00  00  00  00  00  00  00  00  00
00014d0    00  00  00  00  00  00  00  00  00  00  00  00  00  00  00  00
00014e0    00  00  00  00  00  00  00  00  00  00  00  00  00  00  00  00
00014f0    00  00  00  00  00  00  00  00  00  00  00  00  00  00  00  00
0001500    00  00  00  00  00  00  00  00  00  00  00  00  00  00  00  00
0001510    00  00  00  00  00  00  00  00  00  00  00  00  00  00  00  00
0001520    00  00  00  00  00  00  00  00  00  00  00  00  00  00  00  00
0001530    00  00  00  00  00  00  00  00  00  00  00  00  00  00  00  00
0001540    00  00  00  00  00  00  00  00  00  00  00  00  00  00  00  00
0001550    00  00  00  00  00  00  00  00  00  00  00  00  00  00  00  00
0001560    00  00  00  00  00  00  00  00  00  00  00  00  00  00  00  00
0001570    00  00  00  00  00  00  00  00  00  00  00  00  00  00  00  00
0001580    00  00  00  00  00  00  00  00  00  00  00  00  00  00  00  00
0001590    00  00  00  00  00  00  00  00  00  00  00  00  00  00  00  00
00015a0    00  00  00  00  00  00  00  00  00  00  00  00  00  00  00  00
00015b0    00  00  00  00  00  00  00  00  00  00  00  00  00  00  00  00
00015c0    00  00  00  00  00  00  00  00  00  00  00  00  00  00  00  00
00015d0    00  00  00  00  

            offset 0x14d4 --+ where we should get 0x10 == 16 bytes
                            |
00015d0                    00  00  00  3e  00  00  00  07  ff  ff  ff  70
00015e0    00  00  00  10


         -------------- this begins some other stuff yet unknown -------
00015e0                    00  00  00  00  8e  ad  e8  01  00  00  00  00
00015f0    00  00  00  43  00  00  ea  29  00  00  00  3f  00  00  00  07
0001600    00  00  ea  19  00  00  00  10  00  00  00  64  00  00  00  08
0001610    00  00  00  00  00  00  00  01  00  00  03  e8  00  00  00  06
0001620    00  00  00  02  00  00  00  01  00  00  03  e9  00  00  00  06
0001630    00  00  00  06  00  00  00  01  00  00  03  ea  00  00  00  06
0001640    00  00  00  0f  00  00  00  01  00  00  03  ec  00  00  00  09
0001650    00  00  00  13  00  00  00  01  00  00  03  ed  00  00  00  09
0001660    00  00  00  2b  00  00  00  01  00  00  03  ee  00  00  00  04
0001670    00  00  01  a4  00  00  00  01  00  00  03  ef  00  00  00  06
0001680    00  00  01  a8  00  00  00  01  00  00  03  f1  00  00  00  04
0001690    00  00  01  b8  00  00  00  01  00  00  03  f2  00  00  00  06
00016a0    00  00  01  bc  00  00  00  01  00  00  03  f3  00  00  00  06
00016b0    00  00  01  d0  00  00  00  01  00  00  03  f6  00  00  00  06
00016c0    00  00  01  d9  00  00  00  01  00  00  03  f7  00  00  00  06
00016d0    00  00  01  ea  00  00  00  01  00  00  03  f8  00  00  00  09
00016e0    00  00  02  04  00  00  00  01  00  00  03  fc  00  00  00  06
00016f0    00  00  02  14  00  00  00  01  00  00  03  fd  00  00  00  06
0001700    00  00  02  25  00  00  00  01  00  00  03  fe  00  00  00  06
0001710    00  00  02  2b  00  00  00  01  00  00  04  00  00  00  00  06
0001720    00  00  02  33  00  00  00  01  00  00  04  04  00  00  00  04
0001730    00  00  07  c4  00  00  01  5f  00  00  04  06  00  00  00  03
0001740    00  00  0d  40  00  00  01  5f  00  00  04  09  00  00  00  03
0001750    00  00  0f  fe  00  00  01  5f  00  00  04  0a  00  00  00  04
0001760    00  00  12  bc  00  00  01  5f  00  00  04  0b  00  00  00  08
0001770    00  00  18  38  00  00  01  5f  00  00  04  0c  00  00  00  08
0001780    00  00  48  d7  00  00  01  5f  00  00  04  0d  00  00  00  04
0001790    00  00  4a  74  00  00  01  5f  00  00  04  0f  00  00  00  08
00017a0    00  00  4f  f0  00  00  01  5f  00  00  04  10  00  00  00  08
00017b0    00  00  56  cb  00  00  01  5f  00  00  04  14  00  00  00  06
00017c0    00  00  5d  a6  00  00  00  01  00  00  04  15  00  00  00  04
00017d0    00  00  5d  c0  00  00  01  5f  00  00  04  17  00  00  00  08
00017e0    00  00  63  3c  00  00  00  06  00  00  04  18  00  00  00  04
00017f0    00  00  63  a0  00  00  00  28  00  00  04  19  00  00  00  08
0001800    00  00  64  40  00  00  00  28  00  00  04  1a  00  00  00  08
0001810    00  00  68  0a  00  00  00  28  00  00  04  28  00  00  00  06
0001820    00  00  68  4c  00  00  00  01  00  00  04  38  00  00  00  04
0001830    00  00  68  58  00  00  00  2b  00  00  04  39  00  00  00  08
0001840    00  00  69  04  00  00  00  2b  00  00  04  3a  00  00  00  08
0001850    00  00  6d  93  00  00  00  2b  00  00  04  3e  00  00  00  06
0001860    00  00  90  d4  00  00  00  01  00  00  04  46  00  00  00  06
0001870    00  00  90  dc  00  00  00  01  00  00  04  47  00  00  00  04
0001880    00  00  90  f4  00  00  01  5f  00  00  04  48  00  00  00  04
0001890    00  00  96  70  00  00  01  5f  00  00  04  49  00  00  00  08
00018a0    00  00  9b  ec  00  00  01  5f  00  00  04  58  00  00  00  04
00018b0    00  00  9d  a0  00  00  00  06  00  00  04  59  00  00  00  08
00018c0    00  00  9d  b8  00  00  00  06  00  00  04  5c  00  00  00  04
00018d0    00  00  9d  d8  00  00  01  5f  00  00  04  5d  00  00  00  08
00018e0    00  00  a3  54  00  00  01  5f  00  00  04  5e  00  00  00  08
00018f0    00  00  b1  13  00  00  00  80  00  00  04  62  00  00  00  06
0001900    00  00  c1  b2  00  00  00  01  00  00  04  63  00  00  00  06
0001910    00  00  c2  63  00  00  00  01  00  00  04  64  00  00  00  06
0001920    00  00  c2  c1  00  00  00  01  00  00  04  65  00  00  00  06
0001930    00  00  c2  c6  00  00  00  01  00  00  04  66  00  00  00  06
0001940    00  00  c2  cc  00  00  00  01  00  00  04  6c  00  00  00  06
0001950    00  00  c2  ce  00  00  00  01  00  00  04  75  00  00  00  04
0001960    00  00  c2  e4  00  00  01  5f  00  00  04  76  00  00  00  08
0001970    00  00  c8  60  00  00  00  24  00  00  04  77  00  00  00  04
0001980    00  00  d9  34  00  00  01  5f  00  00  04  78  00  00  00  04
0001990    00  00  de  b0  00  00  01  5f  00  00  04  79  00  00  00  04
00019a0    00  00  e4  2c  00  00  00  9a  00  00  04  7a  00  00  00  07
00019b0    00  00  e6  94  00  00  00  10  00  00  04  80  00  00  00  06
00019c0    00  00  e6  a4  00  00  00  01  00  00  04  82  00  00  00  06
00019d0    00  00  e9  7e  00  00  00  01  00  00  13  93  00  00  00  04
00019e0    00  00  e9  88  00  00  00  01  00  00  13  c6  00  00  00  06
00019f0    00  00  e9  8c  00  00  00  01  00  00  13  e4  00  00  00  08
0001a00    00  00  e9  92  00  00  00  01  00  00  13  e5  00  00  00  04
0001a10    00  00  e9  d4  00  00  00  01  00  00  13  e9  00  00  00  08
0001a20    00  00  e9  d8  00  00  00  01  43  00  72  70  6d  00  34  2e
0001a30    31  39  2e  31  2e  31  00  33  2e  32  00  54  68  65  20  52
0001a40    50  4d  20  50  61  63  6b  61  67  65  20  4d  61  6e  61  67
0001a50    65  72  00  52  50  4d  20  50  61  63  6b  61  67  65  20  4d
0001a60    61  6e  61  67  65  72  20  69  73  20  74  68  65  20  6d  61
0001a70    69  6e  20  74  6f  6f  6c  20  66  6f  72  20  6d  61  6e  61
0001a80    67  69  6e  67  20  74  68  65  20  73  6f  66  74  77  61  72
0001a90    65  20  70  61  63  6b  61  67  65  73  0a  6f  66  20  74  68
0001aa0    65  20  53  55  53  45  20  4c  69  6e  75  78  20  64  69  73
0001ab0    74  72  69  62  75  74  69  6f  6e  2e  0a  0a  52  50  4d  20
0001ac0    63  61  6e  20  62  65  20  75  73  65  64  20  74  6f  20  69
0001ad0    6e  73  74  61  6c  6c  20  61  6e  64  20  72  65  6d  6f  76
0001ae0    65  20  73  6f  66  74  77  61  72  65  20  70  61  63  6b  61
0001af0    67  65  73  2e  20  57  69  74  68  20  72  70  6d  2c  20  69
0001b00    74  0a  69  73  20  65  61  73  79  20  74  6f  20  75  70  64
0001b10    61  74  65  20  70  61  63  6b  61  67  65  73  2e  20  20  52
0001b20    50  4d  20  6b  65  65  70  73  20  74  72  61  63  6b  20  6f
0001b30    66  20  61  6c  6c  20  74  68  65  73  65  20  6d  61  6e  69
0001b40    70  75  6c  61  74  69  6f  6e  73  0a  69  6e  20  61  20  63
0001b50    65  6e  74  72  61  6c  20  64  61  74  61  62  61  73  65  2e
0001b60    09  54  68  69  73  20  77  61  79  20  69  74  20  69  73  20
0001b70    70  6f  73  73  69  62  6c  65  20  74  6f  20  67  65  74  20
0001b80    61  6e  20  6f  76  65  72  76  69  65  77  20  6f  66  0a  61
0001b90    6c  6c  20  69  6e  73  74  61  6c  6c  65  64  20  70  61  63
0001ba0    6b  61  67  65  73  2e  20  20  52  50  4d  20  61  6c  73  6f
0001bb0    20  73  75  70  70  6f  72  74  73  20  64  61  74  61  62  61
0001bc0    73  65  20  71  75  65  72  69  65  73  2e  00  65  e1  d0  3f
0001bd0    72  65  70  72  6f  64  75  63  69  62  6c  65  00  00  00  00
0001be0    00  2e  a6  f5  6f  70  65  6e  53  55  53  45  20  54  75  6d
0001bf0    62  6c  65  77  65  65  64  00  6f  70  65  6e  53  55  53  45
0001c00    00  47  50  4c  2d  32  2e  30  2d  6f  72  2d  6c  61  74  65
0001c10    72  00  68  74  74  70  73  3a  2f  2f  62  75  67  73  2e  6f
0001c20    70  65  6e  73  75  73  65  2e  6f  72  67  00  53  79  73  74
0001c30    65  6d  2f  50  61  63  6b  61  67  65  73  00  68  74  74  70
0001c40    73  3a  2f  2f  72  70  6d  2e  6f  72  67  2f  00  6c  69  6e
0001c50    75  78  00  72  69  73  63  76  36  34  00  0a  20  20  20  20
0001c60    50  4e  41  4d  45  3d  73  65  72  76  69  63  65  73  20  0a
0001c70    20  20  20  20  53  55  42  50  4e  41  4d  45  3d  2d  72  70
0001c80    6d  20  0a  20  20  20  20  53  59  53  43  5f  54  45  4d  50
0001c90    4c  41  54  45  3d  2f  75  73  72  2f  73  68  61  72  65  2f
0001ca0    66  69  6c  6c  75  70  2d  74  65  6d  70  6c  61  74  65  73
0001cb0    2f  73  79  73  63  6f  6e  66  69  67  2e  24  50  4e  41  4d
0001cc0    45  24  53  55  42  50  4e  41  4d  45  20  0a  20  20  20  20
0001cd0    23  20  49  66  20  74  65  6d  70  6c  61  74  65  20  6e  6f
0001ce0    74  20  69  6e  20  6e  65  77  20  2f  75  73  72  2f  73  68
0001cf0    61  72  65  2f  66  69  6c  6c  75  70  2d  74  65  6d  70  6c
0001d00    61  74  65  73  2c  20  66  61  6c  6c  62  61  63  6b  20  74
0001d10    6f  20  6f  6c  64  20  54  45  4d  50  4c  41  54  45  5f  44
0001d20    49  52  20  0a  20  20  20  20  69  66  20  5b  20  21  20  2d
0001d30    66  20  24  53  59  53  43  5f  54  45  4d  50  4c  41  54  45
0001d40    20  5d  20  3b  20  74  68  65  6e  20  0a  20  20  20  20  20
0001d50    20  20  20  54  45  4d  50  4c  41  54  45  5f  44  49  52  3d
0001d60    2f  76  61  72  2f  61  64  6d  2f  66  69  6c  6c  75  70  2d
0001d70    74  65  6d  70  6c  61  74  65  73  20  0a  20  20  20  20  20
0001d80    20  20  20  53  59  53  43  5f  54  45  4d  50  4c  41  54  45
0001d90    3d  24  54  45  4d  50  4c  41  54  45  5f  44  49  52  2f  73
0001da0    79  73  63  6f  6e  66  69  67  2e  24  50  4e  41  4d  45  24
0001db0    53  55  42  50  4e  41  4d  45  20  0a  20  20  20  20  66  69
0001dc0    20  0a  20  20  20  20  53  44  5f  4e  41  4d  45  3d  22  22
0001dd0    20  0a  20  20  20  20  20  0a  20  20  20  20  0a  20  20  20
0001de0    20  69  66  20  5b  20  2d  78  20  2f  62  69  6e  2f  66  69
0001df0    6c  6c  75  70  20  5d  20  3b  20  74  68  65  6e  20  0a  09
0001e00    69  66  20  5b  20  2d  66  20  24  53  59  53  43  5f  54  45
0001e10    4d  50  4c  41  54  45  20  5d  20  3b  20  74  68  65  6e  20
0001e20    0a  09  20  20  20  20  65  63  68  6f  20  22  55  70  64  61
0001e30    74  69  6e  67  20  2f  65  74  63  2f  73  79  73  63  6f  6e
0001e40    66  69  67  2f  24  53  44  5f  4e  41  4d  45  24  50  4e  41
0001e50    4d  45  20  2e  2e  2e  22  20  0a  09  20  20  20  20  6d  6b
0001e60    64  69  72  20  2d  70  20  2f  65  74  63  2f  73  79  73  63
0001e70    6f  6e  66  69  67  2f  24  53  44  5f  4e  41  4d  45  20  0a
0001e80    09  20  20  20  20  74  6f  75  63  68  20  2f  65  74  63  2f
0001e90    73  79  73  63  6f  6e  66  69  67  2f  24  53  44  5f  4e  41
0001ea0    4d  45  24  50  4e  41  4d  45  20  0a  09  20  20  20  20  2f
0001eb0    62  69  6e  2f  66  69  6c  6c  75  70  20  2d  71  20  2f  65
0001ec0    74  63  2f  73  79  73  63  6f  6e  66  69  67  2f  24  53  44
0001ed0    5f  4e  41  4d  45  24  50  4e  41  4d  45  20  24  53  59  53
0001ee0    43  5f  54  45  4d  50  4c  41  54  45  20  0a  09  66  69  20
0001ef0    0a  20  20  20  20  65  6c  73  65  20  0a  09  65  63  68  6f
0001f00    20  22  45  52  52  4f  52  3a  20  66  69  6c  6c  75  70  20
0001f10    6e  6f  74  20  66  6f  75  6e  64  2e  20  54  68  69  73  20
0001f20    73  68  6f  75  6c  64  20  6e  6f  74  20  68  61  70  70  65
0001f30    6e  2e  20  50  6c  65  61  73  65  20  63  6f  6d  70  61  72
0001f40    65  22  20  0a  09  65  63  68  6f  20  22  2f  65  74  63  2f
0001f50    73  79  73  63  6f  6e  66  69  67  2f  24  50  4e  41  4d  45
0001f60    20  61  6e  64  20  24  54  45  4d  50  4c  41  54  45  5f  44
0001f70    49  52  2f  73  79  73  63  6f  6e  66  69  67  2e  24  50  4e
0001f80    41  4d  45  20  61  6e  64  22  20  0a  09  65  63  68  6f  20
0001f90    22  75  70  64  61  74  65  20  62  79  20  68  61  6e  64  2e
0001fa0    22  20  0a  20  20  20  20  66  69  20  0a  20  20  20  20  0a
0001fb0    0a  23  20  76  61  72  2f  6c  69  62  2f  72  70  6d  20  6d
0001fc0    69  67  72  61  74  69  6f  6e  3a  20  73  65  74  20  66  6f
0001fd0    72  77  61  72  64  73  20  63  6f  6d  70  61  74  69  62  6c
0001fe0    65  20  73  79  6d  6c  69  6e  6b  20  66  6f  72  20  2f  75
0001ff0    73  72  2f  6c  69  62  2f  73  79  73  69  6d  61  67  65  2f
0002000    72  70  6d  20  73  6f  20  73  63  72  69  70  74  6c  65  74
0002010    73  20  69  6e  20  73  61  6d  65  20  74  72  61  6e  73  61
0002020    63  74  69  6f  6e  20  77  69  6c  6c  20  73  74  69  6c  6c
0002030    20  77  6f  72  6b  0a  69  66  20  74  65  73  74  20  21  20
0002040    2d  4c  20  76  61  72  2f  6c  69  62  2f  72  70  6d  20  2d
0002050    61  20  21  20  2d  66  20  75  73  72  2f  6c  69  62  2f  73
0002060    79  73  69  6d  61  67  65  2f  72  70  6d  2f  50  61  63  6b
0002070    61  67  65  73  20  2d  61  20  21  20  2d  66  20  75  73  72
0002080    2f  6c  69  62  2f  73  79  73  69  6d  61  67  65  2f  72  70
0002090    6d  2f  50  61  63  6b  61  67  65  73  2e  64  62  20  3b  20
00020a0    74  68  65  6e  0a  20  20  69  66  20  74  65  73  74  20  2d
00020b0    66  20  76  61  72  2f  6c  69  62  2f  72  70  6d  2f  50  61
00020c0    63  6b  61  67  65  73  20  2d  6f  20  2d  66  20  76  61  72
00020d0    2f  6c  69  62  2f  72  70  6d  2f  50  61  63  6b  61  67  65
00020e0    73  2e  64  62  20  3b  20  74  68  65  6e  0a  20  20  20  20
00020f0    72  6d  64  69  72  20  75  73  72  2f  6c  69  62  2f  73  79
0002100    73  69  6d  61  67  65  2f  72  70  6d  0a  20  20  20  20  6c
0002110    6e  20  2d  73  20  2e  2e  2f  2e  2e  2f  2e  2e  2f  76  61
0002120    72  2f  6c  69  62  2f  72  70  6d  20  75  73  72  2f  6c  69
0002130    62  2f  73  79  73  69  6d  61  67  65  2f  72  70  6d  0a  20
0002140    20  66  69  0a  66  69  0a  0a  74  65  73  74  20  2d  66  20
0002150    75  73  72  2f  6c  69  62  2f  73  79  73  69  6d  61  67  65
0002160    2f  72  70  6d  2f  50  61  63  6b  61  67  65  73  20  2d  6f
0002170    20  2d  66  20  75  73  72  2f  6c  69  62  2f  73  79  73  69
0002180    6d  61  67  65  2f  72  70  6d  2f  50  61  63  6b  61  67  65
0002190    73  2e  64  62  20  7c  7c  20  72  70  6d  64  62  20  2d  2d
00021a0    69  6e  69  74  64  62  0a  74  65  73  74  20  2d  65  20  76
00021b0    61  72  2f  6c  69  62  2f  72  70  6d  20  7c  7c  20  6c  6e
00021c0    20  2d  73  20  2e  2e  2f  2e  2e  2f  75  73  72  2f  6c  69
00021d0    62  2f  73  79  73  69  6d  61  67  65  2f  72  70  6d  20  76
00021e0    61  72  2f  6c  69  62  2f  72  70  6d  00  00  00  00  00  00
00021f0    00  00  01  f7  00  00  4a  18  00  00  28  38  00  00  2a  78
0002200    00  00  39  60  00  00  29  e8  00  00  29  58  00  00  28  38
0002210    00  00  00  03  00  00  2a  18  00  00  28  c8  00  00  00  03
0002220    00  00  00  00  00  00  b8  05  00  00  00  00  00  00  00  00
0002230    00  00  00  00  00  00  0c  b0  00  00  00  00  00  00  0c  af
0002240    00  00  00  00  00  00  0c  ba  00  00  00  00  00  00  0c  bb
0002250    00  00  00  00  00  00  0c  ba  00  00  00  00  00  00  0c  bb
0002260    00  00  00  00  00  00  0c  bc  00  00  00  00  00  00  0c  ac
0002270    00  00  00  00  00  00  0c  b2  00  00  00  00  00  00  0c  b2
0002280    00  00  00  00  00  00  0c  b2  00  00  00  00  00  00  0c  b7
0002290    00  00  00  00  00  00  0c  b6  00  00  00  00  00  00  0c  b4
00022a0    00  00  00  00  00  00  0c  d6  00  00  00  00  00  00  0c  b2
00022b0    00  00  00  00  00  00  0c  e0  00  00  00  00  00  00  0c  d1
00022c0    00  00  00  00  00  00  0c  b2  00  00  00  00  00  00  0c  d2
00022d0    00  00  00  00  00  00  0c  b4  00  00  00  00  00  00  0c  b7
00022e0    00  00  00  00  00  00  0c  b6  00  00  00  00  00  00  0d  1b
00022f0    00  00  00  00  00  00  0d  1b  00  00  00  00  00  00  0d  27
0002300    00  00  00  00  00  00  0d  27  00  00  00  00  00  00  0c  ac
0002310    00  00  00  00  00  00  0d  09  00  00  00  00  00  00  0c  bc
0002320    00  00  00  00  00  00  0c  d6  00  00  00  00  00  00  0c  a5
0002330    00  00  00  00  00  00  0c  ad  00  00  00  00  00  00  0c  b1
0002340    00  00  00  00  00  00  0c  b3  00  00  00  00  00  00  0c  b7
0002350    00  00  00  00  00  00  0c  a9  00  00  00  00  00  00  0c  ab
0002360    00  00  00  00  00  00  0c  af  00  00  00  00  00  00  0c  50
0002370    00  00  00  00  00  00  0c  b9  00  00  00  00  00  00  0c  b9
0002380    00  00  00  00  00  00  0d  0d  00  00  00  00  00  00  0c  a7
0002390    00  00  00  00  00  00  0d  10  00  00  00  00  00  00  0c  9f
00023a0    00  00  00  00  00  00  0d  14  00  00  00  00  00  00  0d  2b
00023b0    00  00  00  00  00  00  0c  9f  00  00  00  00  00  00  0c  a7
00023c0    00  00  00  00  00  00  0c  a7  00  00  00  00  00  00  0c  a7
00023d0    00  00  00  00  00  00  0c  a7  00  00  00  00  00  00  0c  b0
00023e0    00  00  00  00  00  00  0d  10  00  00  00  00  00  00  0d  16
00023f0    00  00  00  00  00  00  0c  9c  00  00  00  00  00  00  0c  a1
0002400    00  00  00  00  00  00  0c  a8  00  00  00  00  00  00  0c  aa
0002410    00  00  00  00  00  00  0c  bf  00  00  00  00  00  00  0c  c7
0002420    00  00  00  00  00  00  0c  c4  00  00  00  00  00  00  0c  c4
0002430    00  00  00  00  00  00  0c  bf  00  00  00  00  00  00  0c  bc
0002440    00  00  00  00  00  00  0d  17  00  00  00  00  00  00  0d  28
0002450    00  00  00  00  00  00  0d  28  00  00  00  00  00  00  0d  28
0002460    00  00  02  b0  00  00  00  25  00  00  00  25  00  00  2e  18
0002470    00  00  50  f5  00  00  05  d6  00  00  2a  e0  00  00  00  00
0002480    00  00  03  a5  00  00  00  00  00  00  00  00  00  00  00  c1
0002490    00  00  00  10  00  06  bb  a8  00  00  00  12  00  02  ba  18
00024a0    00  00  00  14  00  00  47  60  00  00  00  00  00  00  27  d0
00024b0    00  00  17  b8  00  00  27  b8  00  00  27  b0  00  00  07  9f
00024c0    00  00  00  00  00  00  1b  4b  00  00  ac  96  00  00  0e  a5
00024d0    00  00  36  5c  00  00  02  5e  00  00  06  be  00  00  15  26
00024e0    00  00  10  5d  00  00  0e  b1  00  00  15  3d  00  00  0a  b3
00024f0    00  00  25  57  00  00  25  0f  00  00  0c  43  00  00  06  8a
0002500    00  00  0f  e6  00  00  27  e9  00  00  0b  2f  00  00  05  47
0002510    00  00  0a  56  00  00  48  f8  00  00  39  cc  00  00  1c  1c
0002520    00  00  11  c8  00  00  15  85  00  00  07  b3  00  00  14  9d
0002530    00  00  06  0a  00  00  5d  97  00  00  5d  3d  00  00  15  9f
0002540    00  00  0b  7f  00  00  01  7b  00  00  00  00  00  00  ac  96
0002550    00  00  18  ac  00  00  33  38  00  00  ef  55  00  00  a0  b8
0002560    00  00  60  46  00  00  09  0e  00  00  ed  b6  00  00  e3  b0
0002570    00  01  52  49  00  01  60  cd  00  00  01  ca  00  00  01  41
0002580    00  00  1f  52  00  00  15  eb  00  00  e8  c0  00  01  53  b7
0002590    00  00  66  23  00  01  6e  ff  00  00  0b  31  00  00  47  88
00025a0    00  00  1c  0b  00  00  02  93  00  01  5c  a7  00  00  7b  c5
00025b0    00  01  0b  25  00  00  f3  69  00  00  02  17  00  00  d1  ab
00025c0    00  00  30  64  00  00  d4  19  00  00  a9  2e  00  01  45  3f
00025d0    00  00  08  77  00  00  ae  bd  00  01  be  36  00  01  12  3c
00025e0    00  00  f4  5a  00  01  27  b2  00  00  03  fb  00  00  03  a6
00025f0    00  00  02  08  00  00  02  89  00  00  02  21  00  00  01  ca
0002600    00  00  03  d5  00  00  22  52  00  00  02  6c  00  00  0f  fb
0002610    00  00  03  77  00  00  02  73  00  00  03  2f  00  00  04  3a
0002620    00  00  03  34  00  00  01  5a  00  00  08  34  00  00  02  4e
0002630    00  00  06  75  00  00  00  00  00  00  00  00  00  00  00  00
0002640    00  00  00  00  00  00  00  00  00  00  00  00  00  00  00  00
0002650    00  00  00  00  00  00  00  00  00  00  00  00  00  00  00  00
0002660    00  00  00  00  00  00  00  00  00  00  00  00  00  00  00  00
0002670    00  00  00  00  00  00  00  00  00  00  00  00  00  00  00  00
0002680    00  00  00  00  00  00  00  00  00  00  00  00  00  00  00  00
0002690    00  00  00  00  00  00  00  00  00  00  00  00  00  00  00  00
00026a0    00  00  00  00  00  00  00  00  00  00  00  00  00  00  00  00
00026b0    00  00  00  00  00  00  00  00  00  00  00  00  00  00  00  00
00026c0    00  00  00  00  00  00  00  00  00  00  00  00  00  00  00  00
00026d0    00  00  00  00  00  00  00  00  00  00  00  00  00  00  00  00
00026e0    00  00  00  00  00  00  00  00  00  00  00  00  00  00  00  00
00026f0    00  00  00  00  00  00  00  00  00  00  00  00  00  00  00  00
0002700    00  00  00  00  00  00  00  00  00  00  00  00  00  00  00  00
0002710    00  00  00  00  00  00  00  00  00  00  00  00  00  00  00  00
0002720    00  00  00  00  00  00  00  00  00  00  00  00  00  00  00  00
0002730    00  00  00  00  00  00  00  00  00  00  00  00  00  00  00  00
0002740    00  00  00  00  00  00  00  00  00  00  00  00  00  00  00  00
0002750    00  00  00  00  00  00  00  00  00  00  00  00  00  00  00  00
0002760    00  00  00  00  00  00  00  00  41  ed  81  ed  81  ed  81  ed
0002770    81  ed  81  ed  81  ed  81  ed  81  ed  a1  ff  81  ed  81  ed
0002780    a1  ff  41  ed  81  a4  41  ed  41  ed  41  ed  81  a4  41  ed
0002790    81  a4  41  ed  81  a4  41  ed  81  a4  41  ed  81  a4  41  ed
00027a0    81  a4  41  ed  81  a4  41  ed  81  a4  41  ed  81  a4  41  ed
00027b0    81  a4  41  ed  81  a4  41  ed  81  a4  41  ed  81  a4  41  ed
00027c0    81  a4  41  ed  81  a4  41  ed  81  a4  41  ed  81  a4  41  ed
00027d0    81  a4  41  ed  81  a4  41  ed  81  a4  41  ed  81  a4  41  ed
00027e0    81  a4  41  ed  81  a4  41  ed  81  a4  41  ed  81  a4  41  ed
00027f0    81  a4  41  ed  81  a4  41  ed  81  a4  41  ed  81  a4  41  ed
0002800    81  a4  41  ed  81  a4  41  ed  81  a4  41  ed  81  a4  41  ed
0002810    81  a4  41  ed  81  a4  41  ed  81  a4  41  ed  81  a4  41  ed
0002820    81  a4  41  ed  81  a4  41  ed  81  a4  41  ed  81  a4  41  ed
0002830    81  a4  41  ed  81  a4  41  ed  81  a4  41  ed  81  a4  41  ed
0002840    81  a4  41  ed  81  a4  41  ed  81  a4  41  ed  81  a4  41  ed
0002850    81  a4  41  ed  81  a4  41  ed  81  a4  41  ed  81  a4  41  ed
0002860    81  a4  41  ed  81  a4  41  ed  81  a4  41  ed  81  a4  41  ed
0002870    81  a4  41  ed  81  a4  41  ed  81  a4  41  ed  81  a4  41  ed
0002880    81  a4  41  ed  81  a4  41  ed  81  a4  41  ed  81  a4  41  ed
0002890    81  a4  41  ed  81  a4  41  ed  81  a4  41  ed  81  a4  41  ed
00028a0    81  a4  81  a4  81  ed  81  ed  81  a4  81  a4  81  ed  81  ed
00028b0    41  ed  81  ed  41  ed  41  ed  81  a4  a1  ff  81  ed  a1  ff
00028c0    81  ed  a1  ff  81  ed  41  ed  81  ed  81  ed  81  ed  81  ed
00028d0    81  ed  41  ed  81  a4  81  a4  81  a4  81  a4  81  a4  81  a4
00028e0    81  a4  81  a4  81  a4  81  a4  81  a4  81  a4  81  a4  81  a4
00028f0    81  a4  81  a4  81  a4  81  a4  81  a4  81  a4  81  a4  81  a4
0002900    81  a4  81  a4  81  a4  81  a4  81  a4  81  a4  81  a4  81  a4
0002910    81  a4  81  a4  81  a4  41  ed  81  a4  81  a4  81  a4  81  a4
0002920    81  a4  81  a4  81  a4  81  a4  81  a4  81  a4  81  a4  81  a4
0002930    81  a4  81  a4  81  a4  81  a4  81  a4  81  a4  81  a4  81  a4
0002940    81  a4  81  a4  81  a4  81  a4  81  a4  81  a4  81  a4  81  a4
0002950    81  a4  81  a4  81  a4  81  a4  81  a4  81  a4  81  a4  81  a4
0002960    81  a4  81  a4  81  a4  81  a4  81  a4  81  a4  81  a4  81  a4
0002970    81  a4  81  a4  81  a4  81  a4  81  a4  81  a4  81  a4  81  a4
0002980    81  a4  81  a4  81  a4  81  a4  81  a4  81  a4  41  ed  41  ed
0002990    41  ed  41  ed  41  ed  41  ed  41  ed  41  ed  41  ed  41  ed
00029a0    41  ed  41  ed  41  ed  41  ed  41  ed  41  ed  41  ed  41  ed
00029b0    41  ed  41  ed  41  ed  41  ed  41  ed  41  ed  41  ed  41  ed
00029c0    41  ed  41  ed  41  ed  41  ed  41  ed  41  ed  41  ed  41  ed
00029d0    41  ed  41  ed  41  ed  41  ed  41  ed  41  ed  41  ed  41  ed
00029e0    41  ed  41  ed  41  ed  41  ed  41  ed  41  ed  41  ed  41  ed
00029f0    41  ed  41  ed  41  ed  41  ed  41  ed  41  ed  41  ed  41  ed
0002a00    41  ed  41  ed  41  ed  41  ed  41  ed  41  ed  41  ed  41  ed
0002a10    41  ed  41  ed  41  ed  41  ed  41  ed  41  ed  41  ed  41  ed
0002a20    41  ed  41  ed  80  00  00  00  00  00  00  00  00  00  00  00
0002a30    00  00  00  00  00  00  00  00  00  00  00  00  00  00  00  00
0002a40    00  00  00  00  00  00  00  00  00  00  00  00  00  00  00  00
0002a50    00  00  00  00  00  00  00  00  00  00  00  00  00  00  00  00
0002a60    00  00  00  00  00  00  00  00  00  00  00  00  00  00  00  00
0002a70    00  00  00  00  00  00  00  00  00  00  00  00  00  00  00  00
0002a80    00  00  00  00  00  00  00  00  00  00  00  00  00  00  00  00
0002a90    00  00  00  00  00  00  00  00  00  00  00  00  00  00  00  00
0002aa0    00  00  00  00  00  00  00  00  00  00  00  00  00  00  00  00
0002ab0    00  00  00  00  00  00  00  00  00  00  00  00  00  00  00  00
0002ac0    00  00  00  00  00  00  00  00  00  00  00  00  00  00  00  00
0002ad0    00  00  00  00  00  00  00  00  00  00  00  00  00  00  00  00
0002ae0    00  00  00  00  00  00  00  00  00  00  00  00  00  00  00  00
0002af0    00  00  00  00  00  00  00  00  00  00  00  00  00  00  00  00
0002b00    00  00  00  00  00  00  00  00  00  00  00  00  00  00  00  00
0002b10    00  00  00  00  00  00  00  00  00  00  00  00  00  00  00  00
0002b20    00  00  00  00  00  00  00  00  00  00  00  00  00  00  00  00
0002b30    00  00  00  00  00  00  00  00  00  00  00  00  00  00  00  00
0002b40    00  00  00  00  00  00  00  00  00  00  00  00  00  00  00  00
0002b50    00  00  00  00  00  00  00  00  00  00  00  00  00  00  00  00
0002b60    00  00  00  00  00  00  00  00  00  00  00  00  00  00  00  00
0002b70    00  00  00  00  00  00  00  00  00  00  00  00  00  00  00  00
0002b80    00  00  00  00  00  00  00  00  00  00  00  00  00  00  00  00
0002b90    00  00  00  00  00  00  00  00  00  00  00  00  00  00  00  00
0002ba0    00  00  00  00  00  00  00  00  00  00  00  00  00  00  00  00
0002bb0    00  00  00  00  00  00  00  00  00  00  00  00  00  00  00  00
0002bc0    00  00  00  00  00  00  00  00  00  00  00  00  00  00  00  00
0002bd0    00  00  00  00  00  00  00  00  00  00  00  00  00  00  00  00
0002be0    00  00  00  00  00  00  00  00  00  00  00  00  00  00  00  00
0002bf0    00  00  00  00  00  00  00  00  00  00  00  00  00  00  00  00
0002c00    00  00  00  00  00  00  00  00  00  00  00  00  00  00  00  00
0002c10    00  00  00  00  00  00  00  00  00  00  00  00  00  00  00  00
0002c20    00  00  00  00  00  00  00  00  00  00  00  00  00  00  00  00
0002c30    00  00  00  00  00  00  00  00  00  00  00  00  00  00  00  00
0002c40    00  00  00  00  00  00  00  00  00  00  00  00  00  00  00  00
0002c50    00  00  00  00  00  00  00  00  00  00  00  00  00  00  00  00
0002c60    00  00  00  00  00  00  00  00  00  00  00  00  00  00  00  00
0002c70    00  00  00  00  00  00  00  00  00  00  00  00  00  00  00  00
0002c80    00  00  00  00  00  00  00  00  00  00  00  00  00  00  00  00
0002c90    00  00  00  00  00  00  00  00  00  00  00  00  00  00  00  00
0002ca0    00  00  00  00  00  00  00  00  00  00  00  00  00  00  00  00
0002cb0    00  00  00  00  00  00  00  00  00  00  00  00  00  00  00  00
0002cc0    00  00  00  00  00  00  00  00  00  00  00  00  00  00  00  00
0002cd0    00  00  00  00  00  00  00  00  00  00  00  00  00  00  00  00
0002ce0    00  00  00  00  65  e1  d0  41  65  e1  d0  41  65  e1  d0  41
0002cf0    65  e1  d0  41  65  e1  d0  41  65  e1  d0  41  65  e1  d0  41
0002d00    65  e1  d0  41  65  e1  d0  41  65  e1  d0  41  65  e1  d0  41
0002d10    65  e1  d0  41  65  e1  d0  41  65  e1  d0  41  65  e1  d0  41
0002d20    65  e1  d0  41  65  e1  d0  41  65  e1  d0  41  65  e1  d0  41
0002d30    65  e1  d0  41  65  e1  d0  41  65  e1  d0  41  65  e1  d0  41
0002d40    65  e1  d0  41  65  e1  d0  41  65  e1  d0  41  65  e1  d0  41
0002d50    65  e1  d0  41  65  e1  d0  41  65  e1  d0  41  65  e1  d0  41
0002d60    65  e1  d0  41  65  e1  d0  41  65  e1  d0  41  65  e1  d0  41
0002d70    65  e1  d0  41  65  e1  d0  41  65  e1  d0  41  65  e1  d0  41
0002d80    65  e1  d0  41  65  e1  d0  41  65  e1  d0  41  65  e1  d0  41
0002d90    65  e1  d0  41  65  e1  d0  41  65  e1  d0  41  65  e1  d0  41
0002da0    65  e1  d0  41  65  e1  d0  41  65  e1  d0  41  65  e1  d0  41
0002db0    65  e1  d0  41  65  e1  d0  41  65  e1  d0  41  65  e1  d0  41
0002dc0    65  e1  d0  41  65  e1  d0  41  65  e1  d0  41  65  e1  d0  41
0002dd0    65  e1  d0  41  65  e1  d0  41  65  e1  d0  41  65  e1  d0  41
0002de0    65  e1  d0  41  65  e1  d0  41  65  e1  d0  41  65  e1  d0  41
0002df0    65  e1  d0  41  65  e1  d0  41  65  e1  d0  41  65  e1  d0  41
0002e00    65  e1  d0  41  65  e1  d0  41  65  e1  d0  41  65  e1  d0  41
0002e10    65  e1  d0  41  65  e1  d0  41  65  e1  d0  41  65  e1  d0  41
0002e20    65  e1  d0  41  65  e1  d0  41  65  e1  d0  41  65  e1  d0  41
0002e30    65  e1  d0  41  65  e1  d0  41  65  e1  d0  41  65  e1  d0  41
0002e40    65  e1  d0  41  65  e1  d0  41  65  e1  d0  41  65  e1  d0  41
0002e50    65  e1  d0  41  65  e1  d0  41  65  e1  d0  41  65  e1  d0  41
0002e60    65  e1  d0  41  65  e1  d0  41  65  e1  d0  41  65  e1  d0  41
0002e70    65  e1  d0  41  65  e1  d0  41  65  e1  d0  41  65  e1  d0  41
0002e80    65  e1  d0  41  65  e1  d0  41  65  e1  d0  41  65  e1  d0  41
0002e90    65  e1  d0  41  65  e1  d0  41  65  e1  d0  41  65  e1  d0  41
0002ea0    65  e1  d0  41  65  e1  d0  41  65  e1  d0  41  65  e1  d0  41
0002eb0    65  e1  d0  41  65  e1  d0  41  65  e1  d0  41  65  e1  d0  41
0002ec0    65  e1  d0  41  65  e1  d0  41  65  e1  d0  41  65  e1  d0  41
0002ed0    65  e1  d0  41  65  e1  d0  41  65  e1  d0  41  65  e1  d0  41
0002ee0    65  e1  d0  41  65  e1  d0  41  65  e1  d0  41  65  e1  d0  41
0002ef0    65  e1  d0  41  65  e1  d0  41  65  e1  d0  41  65  e1  d0  41
0002f00    65  e1  d0  41  65  e1  d0  41  65  e1  d0  41  65  e1  d0  41
0002f10    65  e1  d0  41  65  e1  d0  41  65  e1  d0  41  65  e1  d0  41
0002f20    65  e1  d0  41  65  e1  d0  41  65  e1  d0  41  65  e1  d0  41
0002f30    65  e1  d0  41  65  e1  d0  41  65  e1  d0  41  65  e1  d0  41
0002f40    65  e1  d0  41  65  e1  d0  41  65  e1  d0  41  65  e1  d0  41
0002f50    65  e1  d0  41  65  e1  d0  41  65  e1  d0  41  65  e1  d0  41
0002f60    65  e1  d0  41  65  e1  d0  41  65  e1  d0  41  65  e1  d0  41
0002f70    65  e1  d0  41  65  e1  d0  41  65  e1  d0  41  65  e1  d0  41
0002f80    65  e1  d0  41  65  e1  d0  41  65  e1  d0  41  65  e1  d0  41
0002f90    65  e1  d0  41  65  e1  d0  41  65  e1  d0  41  65  e1  d0  41
0002fa0    65  e1  d0  41  65  e1  d0  41  65  e1  d0  41  65  e1  d0  41
0002fb0    65  e1  d0  41  65  e1  d0  41  65  e1  d0  41  65  e1  d0  41
0002fc0    65  e1  d0  41  65  e1  d0  41  65  e1  d0  41  65  e1  d0  41
0002fd0    65  e1  d0  41  65  e1  d0  41  65  e1  d0  41  65  e1  d0  41
0002fe0    65  e1  d0  41  65  e1  d0  41  65  e1  d0  41  65  e1  d0  41
0002ff0    65  e1  d0  41  65  e1  d0  41  65  e1  d0  41  65  e1  d0  41
0003000    65  e1  d0  41  65  e1  d0  41  65  e1  d0  41  65  e1  d0  41
0003010    65  e1  d0  41  65  e1  d0  41  65  e1  d0  41  65  e1  d0  41
0003020    65  e1  d0  41  65  e1  d0  41  65  e1  d0  41  65  e1  d0  41
0003030    65  e1  d0  41  65  e1  d0  41  65  e1  d0  41  65  e1  d0  41
0003040    65  e1  d0  41  65  e1  d0  41  65  e1  d0  41  65  e1  d0  41
0003050    65  e1  d0  41  65  e1  d0  41  65  e1  d0  41  65  e1  d0  41
0003060    65  e1  d0  41  65  e1  d0  41  65  e1  d0  41  65  e1  d0  41
0003070    65  e1  d0  41  65  e1  d0  41  65  e1  d0  41  65  e1  d0  41
0003080    65  e1  d0  41  65  e1  d0  41  65  e1  d0  41  65  e1  d0  41
0003090    65  e1  d0  41  65  e1  d0  41  65  e1  d0  41  65  e1  d0  41
00030a0    65  e1  d0  41  65  e1  d0  41  65  e1  d0  41  65  e1  d0  41
00030b0    65  e1  d0  41  65  e1  d0  41  65  e1  d0  41  65  e1  d0  41
00030c0    65  e1  d0  41  65  e1  d0  41  65  e1  d0  41  65  e1  d0  41
00030d0    65  e1  d0  41  65  e1  d0  41  65  e1  d0  41  65  e1  d0  41
00030e0    65  e1  d0  41  65  e1  d0  41  65  e1  d0  41  65  e1  d0  41
00030f0    65  e1  d0  41  65  e1  d0  41  65  e1  d0  41  65  e1  d0  41
0003100    65  e1  d0  41  65  e1  d0  41  65  e1  d0  41  65  e1  d0  41
0003110    65  e1  d0  41  65  e1  d0  41  65  e1  d0  41  65  e1  d0  41
0003120    65  e1  d0  41  65  e1  d0  41  65  e1  d0  41  65  e1  d0  41
0003130    65  e1  d0  41  65  e1  d0  41  65  e1  d0  41  65  e1  d0  41
0003140    65  e1  d0  41  65  e1  d0  41  65  e1  d0  41  65  e1  d0  41
0003150    65  e1  d0  41  65  e1  d0  41  65  e1  d0  41  65  e1  d0  41
0003160    65  e1  d0  41  65  e1  d0  41  65  e1  d0  41  65  e1  d0  41
0003170    65  e1  d0  41  65  e1  d0  41  65  e1  d0  41  65  e1  d0  41
0003180    65  e1  d0  41  65  e1  d0  41  65  e1  d0  41  65  e1  d0  41
0003190    65  e1  d0  41  65  e1  d0  41  65  e1  d0  41  65  e1  d0  41
00031a0    65  e1  d0  41  65  e1  d0  41  65  e1  d0  41  65  e1  d0  41
00031b0    65  e1  d0  41  65  e1  d0  41  65  e1  d0  41  65  e1  d0  41
00031c0    65  e1  d0  41  65  e1  d0  41  65  e1  d0  41  65  e1  d0  41
00031d0    65  e1  d0  41  65  e1  d0  41  65  e1  d0  41  65  e1  d0  41
00031e0    65  e1  d0  41  65  e1  d0  41  65  e1  d0  41  65  e1  d0  41
00031f0    65  e1  d0  41  65  e1  d0  41  65  e1  d0  41  65  e1  d0  41
0003200    65  e1  d0  41  65  e1  d0  41  65  e1  d0  41  65  e1  d0  41
0003210    65  e1  d0  41  65  e1  d0  41  65  e1  d0  41  65  e1  d0  41
0003220    65  e1  d0  41  65  e1  d0  41  65  e1  d0  41  65  e1  d0  41
0003230    65  e1  d0  41  65  e1  d0  41  65  e1  d0  41  65  e1  d0  41
0003240    65  e1  d0  41  65  e1  d0  41  65  e1  d0  41  65  e1  d0  41
0003250    65  e1  d0  41  65  e1  d0  41  65  e1  d0  41  65  e1  d0  41
0003260    00  39  34  30  62  30  37  33  32  63  32  64  31  63  36  36
0003270    64  36  63  36  37  65  33  39  38  63  63  34  65  39  35  38
0003280    61  65  38  66  38  63  34  63  61  34  36  38  32  65  38  32
0003290    30  34  39  64  35  37  31  34  61  61  38  62  63  64  38  38
00032a0    38  00  30  31  33  31  65  34  62  36  62  33  62  64  65  39
00032b0    31  61  33  37  38  38  30  36  39  63  37  31  33  32  64  33
00032c0    39  62  37  61  39  35  64  36  35  61  37  35  39  33  64  62
00032d0    65  39  38  63  32  61  38  64  61  38  61  66  66  37  63  39
00032e0    36  38  00  31  37  37  30  34  66  62  36  66  30  31  37  38
00032f0    65  33  34  38  65  35  37  36  61  37  63  35  38  66  64  31
0003300    37  39  62  30  39  35  33  33  64  38  63  63  38  61  61  63
0003310    36  63  61  65  36  35  38  62  30  62  37  61  66  36  64  31
0003320    30  66  34  00  64  64  61  36  31  31  63  62  38  63  38  61
0003330    37  63  32  32  37  30  35  33  30  65  63  34  65  39  33  30
0003340    65  66  66  37  33  64  33  37  32  62  66  34  62  37  39  35
0003350    66  35  62  39  61  62  66  30  37  38  30  61  37  32  39  61
0003360    39  37  36  38  00  31  63  35  63  63  30  66  30  35  63  35
0003370    66  33  32  61  38  66  37  37  36  64  38  39  34  34  62  65
0003380    32  32  34  64  61  30  66  37  61  62  36  38  35  38  30  62
0003390    39  33  37  38  61  32  36  62  62  35  62  64  64  62  37  34
00033a0    64  63  63  63  61  00  62  65  36  36  35  62  33  38  62  39
00033b0    64  31  35  33  34  31  37  65  37  34  33  63  39  31  62  62
00033c0    38  38  32  37  36  32  64  30  37  35  38  34  31  63  36  61
00033d0    37  66  61  33  30  64  32  62  35  34  61  62  62  65  65  66
00033e0    65  30  62  35  61  64  00  31  32  65  62  66  31  35  38  33
00033f0    32  33  62  34  61  36  64  34  61  31  32  37  33  31  61  62
0003400    61  63  61  32  61  34  37  33  36  66  66  61  65  61  30  65
0003410    31  37  64  30  64  30  66  66  32  32  62  31  32  31  34  66
0003420    38  39  39  33  65  65  61  00  35  61  39  35  63  61  65  35
0003430    35  30  61  36  63  30  61  65  65  33  35  32  62  39  37  30
0003440    31  39  65  64  39  39  36  39  63  34  35  31  37  35  33  61
0003450    33  38  34  30  65  38  34  34  30  38  34  38  36  63  35  30
0003460    39  30  63  65  34  62  65  32  00  00  64  31  32  34  34  39
0003470    33  33  36  31  36  32  31  61  66  61  36  34  66  38  37  39
0003480    39  35  30  31  34  39  61  31  62  62  38  32  33  30  66  31
0003490    61  66  39  34  35  31  37  65  38  37  66  38  33  65  31  33
00034a0    33  35  64  38  65  37  66  38  35  35  00  39  36  64  33  35
00034b0    62  32  36  30  64  34  62  32  62  64  32  32  35  37  65  31
00034c0    62  63  65  37  31  36  64  34  66  30  37  37  64  39  30  35
00034d0    63  37  61  38  32  35  39  38  62  66  35  65  66  61  64  37
00034e0    37  39  35  33  66  32  31  30  37  39  33  00  00  00  63  33
00034f0    31  33  63  64  35  64  62  66  35  61  36  34  30  38  62  36
0003500    66  62  31  30  33  66  36  64  30  64  33  39  62  35  34  34
0003510    66  38  33  63  33  65  64  39  39  34  31  36  62  35  61  64
0003520    62  32  31  62  37  33  35  33  38  33  63  30  61  34  00  00
0003530    00  00  37  65  35  66  35  36  35  35  39  37  37  36  32  34
0003540    64  34  30  66  63  33  34  64  32  62  66  33  30  62  64  35
0003550    64  34  63  36  36  38  36  37  62  63  65  38  66  64  63  30
0003560    38  61  30  38  64  36  36  39  39  32  63  66  31  63  62  31
0003570    39  39  00  00  33  39  63  30  63  66  39  37  61  32  35  61
0003580    31  36  66  33  62  65  39  37  35  64  62  39  31  63  63  32
0003590    30  63  34  37  36  35  61  33  34  37  63  63  63  34  34  32
00035a0    39  39  62  30  61  33  65  61  61  63  38  64  37  37  34  35
00035b0    64  65  37  33  00  00  34  65  66  31  66  39  35  63  39  39
00035c0    39  34  65  32  33  30  65  36  31  65  38  37  35  63  39  62
00035d0    66  36  61  62  62  62  30  37  62  61  39  33  31  35  66  37
00035e0    63  34  33  37  32  31  36  30  66  31  65  65  32  30  30  63
00035f0    36  33  38  62  39  62  00  00  62  38  63  32  39  39  37  64
0003600    62  66  36  37  37  30  39  33  65  63  32  63  62  36  63  32
0003610    34  32  63  66  61  36  63  37  66  34  37  64  33  61  39  34
0003620    31  62  33  34  64  61  36  32  39  65  63  63  65  31  31  61
0003630    61  31  65  38  63  31  30  32  00  00  66  30  63  66  30  30
0003640    63  65  32  33  34  33  35  30  38  39  31  30  37  37  35  39
0003650    32  62  36  61  63  37  61  34  33  66  66  37  63  37  65  39
0003660    31  32  63  33  37  62  31  62  64  61  34  61  39  35  61  39
0003670    65  34  33  64  33  36  35  35  66  62  00  00  62  37  63  65
0003680    38  38  62  36  34  64  33  34  66  31  65  34  36  35  62  62
0003690    34  38  66  65  31  66  39  33  32  30  62  32  39  66  37  65
00036a0    64  64  63  30  33  65  35  63  34  61  33  39  31  31  65  31
00036b0    62  30  35  30  30  33  65  64  39  63  66  65  00  00  64  66
00036c0    35  62  33  63  61  34  63  64  38  35  30  33  36  64  65  62
00036d0    65  35  33  35  66  37  31  62  31  32  35  66  30  32  63  61
00036e0    35  37  32  62  34  66  61  64  37  32  39  32  66  61  36  31
00036f0    38  63  64  62  65  32  37  32  62  32  31  36  64  31  00  00
0003700    66  38  30  64  65  31  35  36  30  66  35  35  30  32  64  38
0003710    35  31  33  64  63  31  31  32  31  36  32  39  63  65  35  31
0003720    30  30  31  31  64  66  32  65  37  33  34  39  37  34  36  39
0003730    37  63  38  31  66  64  34  62  36  36  33  62  65  64  64  32
0003740    00  00  34  36  37  35  64  66  64  38  36  61  61  63  63  32
0003750    61  64  35  39  34  35  35  66  32  65  31  36  38  36  61  64
0003760    65  64  61  65  64  36  38  38  61  31  63  62  64  39  35  30
0003770    61  34  37  30  66  31  61  62  65  63  33  34  39  39  38  30
0003780    65  63  00  00  66  32  31  38  38  62  33  63  35  35  61  64
0003790    39  66  30  36  35  35  36  63  34  38  34  34  36  63  66  39
00037a0    31  35  63  65  31  63  37  31  34  38  34  65  32  34  62  65
00037b0    39  61  37  32  33  63  30  37  30  30  33  65  61  65  63  37
00037c0    39  30  61  33  00  00  61  36  36  66  31  35  35  30  39  37
00037d0    34  64  30  30  65  31  32  63  34  65  37  34  65  32  63  39
00037e0    61  31  35  34  64  38  63  31  31  63  63  62  33  63  38  34
00037f0    64  39  63  31  62  61  62  62  35  38  30  32  30  36  65  65
0003800    34  62  65  64  35  61  00  00  63  30  65  36  35  64  36  64
0003810    39  30  34  38  36  30  36  33  37  61  39  30  61  31  38  61
0003820    37  66  34  30  66  61  65  38  66  61  38  33  35  31  37  30
0003830    64  66  32  36  61  66  64  30  63  61  39  39  37  33  34  37
0003840    37  32  66  34  32  32  30  30  00  00  62  34  31  33  62  38
0003850    38  35  61  39  38  61  32  39  37  65  65  36  65  30  63  32
0003860    33  37  62  38  39  62  38  37  30  62  34  30  39  36  34  35
0003870    30  33  64  35  64  64  33  37  65  63  34  61  34  31  38  32
0003880    38  31  30  39  62  31  66  34  32  35  00  00  31  30  61  62
0003890    63  61  34  36  61  39  64  63  32  39  32  30  38  63  35  36
00038a0    65  39  38  65  33  32  35  66  38  34  66  61  35  63  33  30
00038b0    62  61  65  30  63  31  61  62  33  66  64  37  36  35  62  66
00038c0    34  63  37  35  66  36  38  31  63  37  66  63  00  00  62  30
00038d0    64  35  36  33  39  39  31  33  61  37  38  31  39  32  66  38
00038e0    63  35  32  32  39  63  33  32  65  37  32  37  31  64  39  32
00038f0    63  39  30  39  65  64  37  32  30  39  64  36  63  31  34  36
0003900    66  63  66  38  39  36  34  39  61  38  33  37  61  36  00  00
0003910    35  36  30  61  64  39  34  30  39  37  66  61  36  36  61  62
0003920    65  64  39  36  64  66  66  32  32  30  33  38  64  32  63  36
0003930    32  38  62  38  66  61  35  30  66  66  33  66  64  31  33  33
0003940    38  65  31  32  35  65  63  38  63  39  36  63  64  31  65  38
0003950    00  00  62  34  31  39  65  36  32  61  35  31  34  63  32  34
0003960    62  62  61  32  30  63  30  61  39  61  35  61  37  38  64  61
0003970    31  63  32  34  62  62  37  66  30  36  36  66  63  37  65  37
0003980    35  36  63  39  64  32  62  30  64  37  62  66  62  38  62  64
0003990    63  62  00  00  36  39  63  30  31  66  34  38  62  37  34  32
00039a0    37  34  38  63  62  31  31  32  34  65  62  66  33  33  39  65
00039b0    34  33  34  65  66  64  63  37  33  36  65  63  36  39  62  38
00039c0    37  32  63  30  62  33  64  36  31  62  39  31  63  37  37  36
00039d0    66  36  66  34  00  00  61  64  66  30  63  30  36  31  39  36
00039e0    34  64  36  38  38  30  32  31  30  30  39  35  33  30  61  33
00039f0    37  36  65  63  64  31  38  63  31  62  34  30  63  30  32  35
0003a00    36  38  39  38  37  34  34  64  30  30  37  39  34  37  36  62
0003a10    62  35  38  61  35  62  00  00  38  64  31  64  65  34  33  62
0003a20    32  30  34  61  62  39  33  38  38  33  36  33  32  38  39  33
0003a30    39  62  36  31  38  64  37  64  39  64  39  30  63  66  32  38
0003a40    33  38  63  65  31  34  33  39  64  30  35  66  64  32  61  66
0003a50    61  33  31  30  31  36  66  33  00  00  30  30  61  35  31  39
0003a60    30  65  61  30  35  36  34  35  31  38  39  36  39  34  65  63
0003a70    38  61  37  64  30  38  63  30  37  66  31  32  30  32  30  34
0003a80    61  30  64  35  38  61  61  36  61  63  32  39  63  62  32  33
0003a90    34  65  36  61  37  38  31  64  32  35  00  00  65  66  39  33
0003aa0    37  64  35  32  36  35  63  65  65  38  62  61  32  66  64  39
0003ab0    30  34  66  38  31  36  33  33  30  39  31  38  62  33  30  35
0003ac0    65  31  64  30  37  65  33  35  65  30  39  61  34  31  62  63
0003ad0    31  39  61  35  63  33  64  64  38  39  64  64  00  00  35  37
0003ae0    61  30  64  61  37  36  39  38  64  61  39  63  63  61  64  66
0003af0    64  32  35  30  63  36  36  31  63  31  36  66  35  36  61  62
0003b00    39  63  61  31  61  66  63  62  31  35  35  37  61  62  33  33
0003b10    30  34  35  65  65  62  63  36  38  65  30  38  32  33  00  00
0003b20    63  38  35  31  36  66  38  64  32  62  32  66  32  33  66  37
0003b30    33  31  39  37  61  35  36  65  30  64  64  33  37  63  32  61
0003b40    64  64  61  39  35  38  30  62  34  65  38  35  66  31  36  65
0003b50    66  62  38  30  39  35  66  31  32  61  62  63  62  62  36  35
0003b60    00  00  63  38  35  31  36  66  38  64  32  62  32  66  32  33
0003b70    66  37  33  31  39  37  61  35  36  65  30  64  64  33  37  63
0003b80    32  61  64  64  61  39  35  38  30  62  34  65  38  35  66  31
0003b90    36  65  66  62  38  30  39  35  66  31  32  61  62  63  62  62
0003ba0    36  35  00  00  63  38  63  37  39  39  65  62  62  37  37  63
0003bb0    30  63  63  37  36  31  61  39  37  34  30  61  61  63  66  65
0003bc0    65  35  30  31  34  32  66  61  30  63  63  66  66  38  34  66
0003bd0    33  62  61  61  65  32  64  37  64  63  39  33  35  36  37  34
0003be0    39  35  30  32  00  00  64  34  36  62  34  39  64  62  38  33
0003bf0    36  31  63  39  64  65  39  33  64  64  37  65  32  61  32  34
0003c00    38  66  34  33  64  31  33  38  63  35  34  32  64  35  39  31
0003c10    64  62  31  63  63  63  62  62  31  33  38  35  36  33  37  31
0003c20    62  61  31  37  64  65  00  00  66  38  30  64  65  31  35  36
0003c30    30  66  35  35  30  32  64  38  35  31  33  64  63  31  31  32
0003c40    31  36  32  39  63  65  35  31  30  30  31  31  64  66  32  65
0003c50    37  33  34  39  37  34  36  39  37  63  38  31  66  64  34  62
0003c60    36  36  33  62  65  64  64  32  00  00  66  30  39  37  66  39
0003c70    62  39  38  31  39  64  39  63  64  37  63  61  35  39  62  63
0003c80    61  38  63  38  39  33  35  65  61  31  33  64  38  31  65  34
0003c90    65  30  31  36  38  61  34  33  65  32  66  64  65  63  32  34
0003ca0    34  36  35  64  39  64  30  65  61  31  00  00  63  64  64  64
0003cb0    35  66  31  32  31  39  63  65  66  61  39  35  36  63  37  30
0003cc0    38  61  36  61  39  37  30  39  36  39  34  39  39  34  61  33
0003cd0    36  35  33  61  61  37  34  30  38  30  65  31  31  32  34  34
0003ce0    36  35  33  31  35  38  31  35  37  32  63  35  00  00  63  63
0003cf0    64  37  30  31  31  34  65  33  31  35  36  62  65  65  34  63
0003d00    35  66  33  65  63  63  34  39  36  65  32  37  33  37  61  39
0003d10    32  65  64  37  66  33  65  31  64  62  64  66  62  31  38  31
0003d20    64  30  33  64  62  35  32  65  32  31  33  33  30  39  00  00
0003d30    38  64  38  37  61  33  36  66  61  32  35  64  36  33  37  30
0003d40    37  64  64  30  32  35  36  33  62  31  34  62  39  66  63  61
0003d50    30  31  33  34  33  66  66  63  31  34  62  62  62  38  36  31
0003d60    63  36  63  35  34  63  30  38  62  38  66  34  64  39  32  65
0003d70    00  00  64  31  34  30  35  31  33  39  35  38  66  39  31  38
0003d80    65  36  33  66  35  31  62  64  32  33  33  65  35  38  31  37
0003d90    65  30  39  38  36  36  37  32  30  31  30  66  37  37  64  37
0003da0    61  37  30  36  65  30  36  39  35  34  62  61  61  32  30  37
0003db0    63  31  00  00  61  39  35  30  66  66  39  31  37  32  38  63
0003dc0    32  39  63  36  39  33  33  30  62  32  36  66  32  33  66  32
0003dd0    65  34  33  37  63  33  34  66  61  30  63  37  31  34  39  63
0003de0    31  30  64  63  32  66  65  63  34  34  39  34  34  35  32  64
0003df0    32  35  34  36  00  00  38  32  32  30  34  37  30  37  62  66
0003e00    62  30  65  35  37  64  31  66  61  61  30  37  64  66  66  66
0003e10    62  31  61  39  38  31  66  66  39  30  63  36  36  36  36  66
0003e20    34  37  34  65  66  62  36  34  35  61  39  38  62  66  34  32
0003e30    62  35  64  39  62  65  00  00  36  37  34  39  38  31  30  64
0003e40    31  62  38  31  34  64  35  66  31  32  62  37  35  37  66  35
0003e50    66  62  63  62  63  62  63  62  35  61  34  63  35  39  65  37
0003e60    66  32  31  64  65  31  38  36  32  63  65  37  62  37  61  32
0003e70    65  36  35  33  65  32  37  31  00  00  62  33  32  62  31  64
0003e80    39  30  37  65  61  62  35  65  32  37  62  63  37  38  32  30
0003e90    31  62  66  34  36  39  30  63  38  62  30  64  36  30  63  63
0003ea0    38  34  61  37  62  61  64  64  31  36  63  61  63  62  61  39
0003eb0    38  66  38  32  37  61  35  31  30  64  00  00  36  38  31  32
0003ec0    35  33  63  65  38  34  39  65  34  65  62  62  32  39  34  61
0003ed0    64  61  65  37  65  64  35  33  39  65  64  30  35  32  63  63
0003ee0    34  65  62  35  62  61  39  39  33  35  31  61  31  38  64  61
0003ef0    61  66  38  66  30  62  66  66  33  33  35  37  00  00  34  62
0003f00    36  64  66  38  63  36  34  38  34  38  65  61  63  37  31  66
0003f10    30  38  31  30  62  32  35  35  61  62  36  64  31  32  34  62
0003f20    32  31  32  62  37  39  61  62  36  33  65  34  31  30  34  31
0003f30    66  39  30  30  34  63  65  65  37  66  33  62  36  34  00  00
0003f40    62  31  34  63  36  39  30  36  36  65  38  64  63  65  35  30
0003f50    65  64  35  31  38  62  32  66  35  32  65  36  36  32  38  64
0003f60    63  33  34  32  31  63  36  34  34  39  38  30  30  35  38  30
0003f70    64  30  65  37  35  38  31  39  38  38  64  62  31  61  34  38
0003f80    00  00  35  34  30  33  62  61  30  34  61  39  65  36  63  36
0003f90    30  61  31  33  35  31  36  37  30  38  31  34  33  32  33  31
0003fa0    64  62  36  66  63  65  64  36  36  39  37  32  30  31  31  63
0003fb0    36  32  62  30  34  31  37  35  65  63  65  34  32  31  34  30
0003fc0    62  31  00  00  34  34  66  32  65  61  64  39  33  38  33  61
0003fd0    37  64  66  30  38  63  36  66  63  30  35  66  31  63  65  39
0003fe0    33  66  36  32  64  61  39  62  62  61  63  33  34  37  34  31
0003ff0    64  37  63  30  62  63  62  37  61  66  32  35  38  66  35  65
0004000    38  64  35  61  00  00  66  32  38  35  63  31  62  37  35  32
0004010    34  33  35  30  32  64  33  39  65  39  37  37  31  36  36  64
0004020    62  37  64  64  32  30  66  31  62  65  33  37  38  31  32  32
0004030    35  63  35  32  34  65  39  65  64  63  62  35  63  32  64  61
0004040    65  30  35  34  62  64  00  00  35  37  33  38  65  37  35  38
0004050    62  31  37  66  38  38  62  32  38  36  66  37  66  38  39  38
0004060    38  30  64  61  33  32  38  39  64  39  32  32  31  35  64  63
0004070    37  66  35  30  62  32  65  64  37  35  34  66  36  66  66  35
0004080    35  31  33  36  34  30  31  36  00  00  66  66  32  35  66  62
0004090    61  66  34  34  62  65  33  35  63  62  31  62  30  30  37  66
00040a0    30  33  65  33  36  65  39  30  62  32  63  36  37  37  33  39
00040b0    37  37  64  32  38  31  38  33  66  63  62  39  64  33  64  61
00040c0    33  35  35  61  61  35  39  37  35  33  00  00  32  36  35  63
00040d0    37  35  33  39  38  66  61  63  63  61  64  36  36  36  35  61
00040e0    38  31  62  39  34  31  61  30  62  35  37  62  35  63  36  30
00040f0    63  66  65  36  39  37  63  33  39  30  33  34  32  30  39  61
0004100    39  31  61  62  66  64  32  63  34  61  36  30  00  00  64  63
0004110    36  35  38  63  30  35  30  39  38  34  62  34  61  39  33  66
0004120    39  39  33  36  39  65  30  64  32  34  62  64  37  37  30  33
0004130    62  34  34  63  38  62  35  35  37  62  66  65  38  34  31  37
0004140    64  35  37  36  61  62  61  30  64  36  64  66  35  30  00  00
0004150    36  65  64  33  62  64  62  35  34  34  34  62  63  35  64  33
0004160    36  33  32  30  39  37  38  39  32  30  61  63  39  66  63  31
0004170    63  65  33  36  66  34  37  37  61  36  35  31  38  34  33  39
0004180    30  37  38  66  39  34  61  64  64  63  35  61  30  62  39  32
0004190    00  00  32  36  35  63  37  35  33  39  38  66  61  63  63  61
00041a0    64  36  36  36  35  61  38  31  62  39  34  31  61  30  62  35
00041b0    37  62  35  63  36  30  63  66  65  36  39  37  63  33  39  30
00041c0    33  34  32  30  39  61  39  31  61  62  66  64  32  63  34  61
00041d0    36  30  00  00  35  37  33  38  65  37  35  38  62  31  37  66
00041e0    38  38  62  32  38  36  66  37  66  38  39  38  38  30  64  61
00041f0    33  32  38  39  64  39  32  32  31  35  64  63  37  66  35  30
0004200    62  32  65  64  37  35  34  66  36  66  66  35  35  31  33  36
0004210    34  30  31  36  00  00  35  37  33  38  65  37  35  38  62  31
0004220    37  66  38  38  62  32  38  36  66  37  66  38  39  38  38  30
0004230    64  61  33  32  38  39  64  39  32  32  31  35  64  63  37  66
0004240    35  30  62  32  65  64  37  35  34  66  36  66  66  35  35  31
0004250    33  36  34  30  31  36  00  00  35  37  33  38  65  37  35  38
0004260    62  31  37  66  38  38  62  32  38  36  66  37  66  38  39  38
0004270    38  30  64  61  33  32  38  39  64  39  32  32  31  35  64  63
0004280    37  66  35  30  62  32  65  64  37  35  34  66  36  66  66  35
0004290    35  31  33  36  34  30  31  36  00  00  35  37  33  38  65  37
00042a0    35  38  62  31  37  66  38  38  62  32  38  36  66  37  66  38
00042b0    39  38  38  30  64  61  33  32  38  39  64  39  32  32  31  35
00042c0    64  63  37  66  35  30  62  32  65  64  37  35  34  66  36  66
00042d0    66  35  35  31  33  36  34  30  31  36  00  00  66  30  39  63
00042e0    65  63  63  38  37  36  66  66  66  39  30  35  62  61  34  30
00042f0    36  36  66  36  38  35  66  62  32  66  61  36  36  33  34  63
0004300    38  38  65  66  61  37  30  34  64  38  61  31  63  34  39  64
0004310    35  63  37  66  61  31  32  30  30  33  64  62  00  00  31  31
0004320    62  35  32  64  39  61  35  39  62  35  66  63  63  32  64  39
0004330    63  30  37  66  32  64  62  33  31  31  33  66  64  39  39  37
0004340    38  39  32  32  36  65  32  38  39  65  65  31  32  62  39  30
0004350    38  38  63  65  62  33  36  65  33  34  65  64  31  63  00  00
0004360    63  61  37  36  66  39  33  33  30  32  63  35  66  62  65  63
0004370    38  66  66  30  32  32  39  61  63  33  30  35  31  65  35  38
0004380    37  32  63  63  32  38  39  39  66  61  37  65  32  61  64  64
0004390    31  62  30  63  37  30  34  66  32  36  62  34  39  36  36  35
00043a0    00  00  64  66  65  37  62  38  65  32  34  64  38  34  30  36
00043b0    62  34  30  36  38  34  38  32  37  33  31  38  39  65  33  61
00043c0    39  35  62  38  39  33  31  39  30  37  65  66  61  63  31  32
00043d0    30  63  62  38  37  31  63  37  36  62  31  63  61  65  61  66
00043e0    33  37  00  00  35  34  32  64  33  31  32  65  65  33  32  62
00043f0    37  36  64  37  38  62  62  36  31  63  61  31  37  38  33  36
0004400    39  64  35  34  63  34  34  62  65  39  39  62  33  61  37  64
0004410    39  32  33  38  31  35  33  62  33  37  34  31  33  35  64  37
0004420    31  64  35  32  00  00  62  32  61  61  64  39  31  32  37  30
0004430    64  34  66  30  64  38  39  33  65  31  38  62  31  64  65  37
0004440    66  35  66  65  62  33  62  33  36  32  36  33  33  64  63  62
0004450    63  65  65  36  34  66  33  31  64  37  38  61  39  38  63  36
0004460    63  64  38  64  31  63  00  00  37  34  61  66  36  63  63  31
0004470    64  38  63  32  37  33  65  37  66  63  65  63  37  30  30  66
0004480    63  31  34  61  38  34  66  35  30  63  37  39  31  35  61  35
0004490    34  38  30  63  34  37  64  36  31  30  36  36  61  34  65  35
00044a0    35  38  64  34  62  62  64  64  00  00  63  33  39  36  32  34
00044b0    33  66  63  66  62  63  30  33  65  62  37  30  63  65  33  33
00044c0    66  33  63  63  31  33  35  39  66  35  31  34  39  66  64  35
00044d0    32  34  66  65  65  61  36  62  33  65  63  36  30  63  66  37
00044e0    31  66  35  33  39  30  36  37  65  30  00  00  63  64  32  39
00044f0    65  63  39  64  61  66  64  35  37  37  65  31  61  65  31  39
0004500    65  34  36  33  63  62  35  35  38  34  63  37  30  66  39  35
0004510    37  61  33  38  62  64  38  37  61  35  35  36  65  65  64  62
0004520    30  33  31  33  61  31  61  38  36  61  32  34  00  00  31  65
0004530    61  37  38  64  66  34  37  32  35  39  61  64  64  63  63  63
0004540    33  38  31  66  66  66  37  39  30  35  64  37  39  30  30  36
0004550    66  66  34  61  32  62  30  61  63  62  31  34  65  62  36  61
0004560    38  66  61  37  38  30  36  37  37  64  36  37  63  66  00  00
0004570    64  39  34  36  61  66  32  38  65  32  31  37  64  38  38  62
0004580    62  39  63  66  63  63  39  31  61  35  37  34  64  64  31  38
0004590    61  63  38  32  34  37  35  32  36  63  65  63  31  30  65  31
00045a0    65  38  63  62  34  63  63  62  30  30  66  65  33  37  30  37
00045b0    00  00  63  33  39  36  32  34  33  66  63  66  62  63  30  33
00045c0    65  62  37  30  63  65  33  33  66  33  63  63  31  33  35  39
00045d0    66  35  31  34  39  66  64  35  32  34  66  65  65  61  36  62
00045e0    33  65  63  36  30  63  66  37  31  66  35  33  39  30  36  37
00045f0    65  30  00  00  38  33  65  62  35  30  64  66  31  61  32  35
0004600    36  63  39  33  32  37  39  39  61  64  38  31  36  64  38  31
0004610    36  36  37  65  61  33  32  36  66  39  35  64  32  62  66  37
0004620    65  31  38  37  31  33  37  66  61  66  39  66  33  34  32  62
0004630    38  61  62  36  00  00  33  39  30  35  35  39  33  37  62  33
0004640    38  65  34  65  30  30  65  39  30  64  31  39  62  34  64  66
0004650    39  37  61  35  36  61  39  61  39  64  31  61  36  61  33  34
0004660    30  36  37  62  64  65  39  65  33  34  31  35  62  38  39  30
0004670    39  37  61  31  65  37  00  00  33  31  64  66  62  62  61  66
0004680    37  35  33  33  32  63  30  36  34  64  65  39  38  30  32  34
0004690    61  34  31  31  38  62  32  35  33  61  63  64  65  37  65  35
00046a0    30  62  30  64  32  32  39  65  33  38  30  35  32  33  31  35
00046b0    37  34  30  64  63  31  64  65  00  00  30  34  36  34  39  32
00046c0    36  62  31  34  38  66  62  62  34  66  32  61  66  31  34  30
00046d0    61  36  38  65  63  66  39  31  36  34  63  31  64  31  65  35
00046e0    32  33  61  33  39  39  31  39  65  39  64  33  34  63  62  64
00046f0    61  61  35  33  61  31  38  36  38  36  00  00  65  35  35  64
0004700    36  39  35  34  36  35  65  32  30  32  64  31  34  31  64  65
0004710    39  63  62  65  32  66  37  39  66  39  62  64  36  66  65  36
0004720    65  31  34  33  37  30  36  30  65  63  33  36  37  62  33  33
0004730    34  30  61  61  61  34  35  35  64  30  65  65  00  64  38  38
0004740    64  37  62  36  32  62  37  39  62  66  37  35  34  61  34  37
0004750    62  61  36  39  64  30  39  39  37  61  65  38  32  63  34  66
0004760    30  65  35  65  61  36  61  66  33  66  38  66  65  32  65  34
0004770    30  66  66  62  31  66  63  33  66  65  30  35  34  00  33  36
0004780    34  38  39  39  31  62  34  66  63  61  36  63  31  39  61  35
0004790    66  31  37  31  62  30  62  33  30  32  34  66  63  39  65  66
00047a0    63  62  36  61  36  66  63  63  36  63  37  30  34  37  34  61
00047b0    36  32  37  37  37  66  31  32  62  64  32  61  30  39  00  34
00047c0    37  66  37  61  30  38  31  38  62  31  31  33  64  33  36  65
00047d0    30  31  64  32  37  61  33  64  66  35  39  30  31  61  38  31
00047e0    36  33  61  64  37  34  64  36  39  30  30  39  30  63  33  39
00047f0    32  63  64  34  64  34  61  33  65  33  30  39  39  66  64  00
0004800    37  65  31  31  62  36  33  62  66  66  63  32  32  37  66  63
0004810    35  31  30  31  64  32  31  64  38  30  37  30  31  32  36  33
0004820    34  61  34  63  66  63  39  34  33  64  36  33  64  65  63  36
0004830    63  32  36  62  37  38  38  61  64  66  35  31  30  31  61  35
0004840    00  38  61  39  61  34  32  30  36  39  34  35  35  62  61  64
0004850    32  31  39  36  65  62  65  36  63  30  37  65  39  33  63  61
0004860    32  65  33  39  63  34  36  36  35  39  30  39  34  62  36  65
0004870    38  65  37  30  36  63  62  33  39  66  38  35  39  36  36  63
0004880    37  00  30  61  32  62  30  66  30  36  37  63  32  33  64  38
0004890    33  30  35  37  36  31  31  36  63  31  36  33  61  37  30  39
00048a0    36  39  37  63  30  35  63  36  34  38  39  65  34  30  37  32
00048b0    39  61  39  32  37  36  36  65  35  30  38  35  32  33  35  36
00048c0    39  33  00  30  62  32  34  39  38  66  32  37  31  66  35  66
00048d0    37  32  32  34  65  64  32  61  31  39  31  61  33  39  39  35
00048e0    66  34  61  62  61  38  35  66  62  34  62  63  36  62  62  64
00048f0    36  31  36  38  65  34  36  65  36  37  39  38  37  34  37  36
0004900    64  37  37  00  00  65  30  34  35  34  36  35  39  32  64  63
0004910    36  33  35  38  66  61  35  65  61  64  63  39  65  39  35  64
0004920    66  34  37  37  39  37  34  61  32  63  39  30  62  63  65  31
0004930    64  36  61  66  64  66  30  34  32  34  62  32  62  63  63  35
0004940    37  37  34  32  62  00  00  00  66  66  39  37  35  33  36  36
0004950    38  32  31  62  37  63  35  37  61  30  63  38  65  65  37  66
0004960    31  37  36  30  36  35  36  30  66  35  31  64  63  65  65  38
0004970    33  61  34  63  63  62  39  32  32  37  36  37  38  35  38  62
0004980    63  37  61  33  39  35  33  32  00  00  33  61  37  31  61  34
0004990    62  30  39  64  34  61  65  36  39  36  32  34  65  61  64  38
00049a0    39  38  63  38  33  62  31  30  38  31  61  37  38  62  63  66
00049b0    30  36  64  62  36  32  36  32  31  63  63  65  30  30  62  39
00049c0    63  37  62  66  35  66  30  65  65  36  00  00  66  31  31  38
00049d0    63  30  36  63  65  65  35  61  63  37  66  30  32  63  66  35
00049e0    36  34  61  30  30  62  64  31  61  63  62  32  37  62  30  36
00049f0    62  35  30  34  39  61  37  61  35  35  31  38  65  30  33  37
0004a00    36  33  38  63  33  64  61  37  33  62  63  33  00  00  33  31
0004a10    66  33  32  64  66  38  35  36  34  31  30  37  36  36  38  66
0004a20    37  62  62  31  30  39  64  34  63  33  33  30  35  61  37  63
0004a30    31  64  35  38  35  30  34  31  65  62  64  33  65  66  39  36
0004a40    30  33  37  65  65  30  33  39  35  32  62  33  31  63  00  00
0004a50    65  61  32  65  66  36  39  63  65  38  66  36  61  36  35  30
0004a60    30  62  36  61  35  33  35  62  61  62  65  61  66  37  62  36
0004a70    66  30  35  35  34  35  39  37  37  33  32  63  63  66  65  37
0004a80    36  33  61  30  39  61  31  63  39  33  37  34  38  39  33  34
0004a90    00  64  62  36  33  65  36  33  39  63  33  66  35  61  62  30
0004aa0    31  36  36  33  65  39  66  36  62  63  32  61  37  61  35  39
0004ab0    32  36  38  65  31  36  35  64  37  39  62  62  35  38  38  33
0004ac0    34  38  65  38  66  35  39  61  30  34  38  38  34  61  62  33
0004ad0    33  00  64  37  37  30  32  30  64  38  35  37  38  61  31  66
0004ae0    62  61  66  32  62  35  61  61  35  35  62  66  33  66  35  38
0004af0    33  32  33  61  61  35  63  66  66  64  36  62  32  36  32  33
0004b00    35  33  35  61  39  33  38  32  65  31  37  64  36  31  34  61
0004b10    37  31  00  32  65  39  35  37  30  35  61  62  62  33  33  34
0004b20    31  36  64  33  30  34  34  64  37  37  63  64  39  62  65  35
0004b30    30  37  34  35  64  61  32  39  65  61  62  62  61  30  37  36
0004b40    39  32  65  34  66  30  61  63  31  38  38  61  34  31  66  36
0004b50    32  64  32  00  33  31  62  64  38  31  35  63  66  65  31  32
0004b60    61  39  34  34  31  30  38  32  62  62  34  64  32  64  37  30
0004b70    63  66  34  37  65  36  32  63  39  36  39  63  31  62  34  37
0004b80    39  61  39  34  30  63  31  61  35  62  33  37  31  39  39  64
0004b90    61  31  66  39  00  00  63  35  35  64  66  38  64  30  39  32
0004ba0    62  36  37  37  64  62  31  31  63  62  32  32  63  35  32  61
0004bb0    63  32  63  34  39  61  31  34  31  31  38  38  31  35  33  36
0004bc0    33  30  30  65  33  32  36  34  32  64  32  66  33  63  65  31
0004bd0    39  62  39  62  37  30  00  31  37  31  64  39  34  64  39  66
0004be0    31  36  34  31  33  31  36  62  66  66  37  66  31  35  37  61
0004bf0    39  30  33  32  33  37  64  63  36  39  63  64  62  35  66  63
0004c00    61  34  30  35  66  65  64  38  63  38  33  32  63  37  36  65
0004c10    64  38  33  37  30  66  39  00  65  63  61  39  38  65  32  33
0004c20    62  39  33  62  61  31  35  34  30  30  37  62  63  37  36  62
0004c30    62  37  36  33  64  35  32  31  36  37  32  35  35  61  35  64
0004c40    65  66  38  33  37  31  35  37  32  37  39  34  36  65  32  62
0004c50    31  34  62  63  38  34  37  64  00  39  34  31  31  37  38  31
0004c60    30  31  38  33  64  35  35  37  63  61  66  61  32  62  30  37
0004c70    65  36  62  35  32  36  38  61  30  31  64  65  34  34  35  37
0004c80    37  65  35  66  39  62  35  37  33  65  63  32  37  39  34  64
0004c90    35  39  37  38  65  66  64  65  34  00  61  33  35  32  35  31
0004ca0    66  66  64  66  64  39  62  33  38  39  36  35  63  36  61  62
0004cb0    39  37  39  61  39  64  39  33  32  38  34  39  35  31  34  65
0004cc0    63  65  30  30  37  39  62  34  62  66  37  64  62  33  35  39
0004cd0    62  37  35  63  61  35  36  38  66  61  00  34  39  65  33  33
0004ce0    30  65  65  36  31  35  37  34  33  63  35  39  34  63  65  66
0004cf0    36  63  31  65  63  66  36  31  39  62  33  33  32  66  63  38
0004d00    30  39  62  62  33  39  66  61  38  34  62  39  37  33  37  65
0004d10    35  62  66  35  38  35  37  61  36  31  66  00  30  66  64  37
0004d20    30  36  61  32  63  39  62  35  30  36  31  64  64  62  39  63
0004d30    30  61  37  64  64  38  36  39  31  63  39  38  37  31  63  66
0004d40    32  38  36  39  63  35  64  34  33  61  30  33  37  39  66  35
0004d50    30  65  65  31  35  36  35  32  30  32  31  62  00  61  66  32
0004d60    36  31  33  30  66  37  61  36  37  36  32  33  34  30  37  38
0004d70    61  62  31  32  37  64  33  37  36  39  33  64  30  33  62  32
0004d80    64  37  64  37  36  33  62  30  39  36  66  38  38  37  62  66
0004d90    61  62  63  30  33  37  64  65  62  66  63  65  61  00  36  37
0004da0    39  35  38  66  38  64  62  66  36  66  31  32  31  30  65  30
0004db0    33  32  36  35  32  37  62  36  65  37  39  33  33  32  61  37
0004dc0    62  66  39  33  66  36  36  61  31  31  62  64  38  64  61  61
0004dd0    65  35  63  31  64  64  66  37  63  61  32  32  38  62  00  61
0004de0    36  61  63  66  36  33  66  34  30  35  65  37  32  61  30  33
0004df0    39  34  36  30  63  66  65  64  63  39  64  64  30  34  37  66
0004e00    36  64  38  63  36  61  39  38  36  66  66  36  64  36  30  65
0004e10    37  37  39  61  62  62  66  64  39  39  36  63  37  36  31  00
0004e20    30  32  33  65  33  64  34  30  36  31  61  39  38  37  38  34
0004e30    62  32  36  37  33  36  64  33  30  32  35  38  37  33  33  61
0004e40    34  63  61  39  64  31  36  65  36  66  34  32  30  64  65  31
0004e50    34  32  34  61  64  36  31  33  30  30  37  35  37  34  61  34
0004e60    00  62  35  37  31  34  39  35  32  33  62  64  36  32  31  62
0004e70    36  66  61  38  62  36  37  39  30  64  65  32  39  37  35  30
0004e80    61  30  31  35  39  37  32  36  36  38  66  62  61  38  39  35
0004e90    33  64  63  33  64  32  39  35  63  33  38  30  37  37  36  62
0004ea0    36  00  64  31  39  35  63  37  63  63  39  64  37  64  37  32
0004eb0    32  64  33  39  64  39  39  32  64  36  32  36  32  39  65  30
0004ec0    65  35  64  66  62  31  30  30  61  63  37  39  31  64  65  65
0004ed0    38  65  35  61  61  64  39  37  35  62  62  65  36  30  38  62
0004ee0    66  30  00  63  62  36  66  62  36  61  63  65  30  39  33  63
0004ef0    35  35  35  33  62  33  63  33  39  35  30  64  36  39  66  66
0004f00    64  31  39  66  30  62  34  37  34  38  33  66  33  66  63  33
0004f10    64  64  30  33  36  64  30  61  30  65  65  38  36  62  38  35
0004f20    66  63  36  00  31  37  33  64  37  61  36  63  36  33  32  35
0004f30    64  62  39  31  31  66  34  31  64  65  36  34  63  30  33  34
0004f40    38  33  36  39  30  34  63  37  61  30  34  38  33  64  32  66
0004f50    30  35  65  36  38  32  62  37  61  62  30  38  62  65  36  34
0004f60    64  63  39  38  00  38  36  30  61  34  34  62  63  36  36  65
0004f70    61  37  35  31  35  35  36  32  33  65  31  32  32  64  30  66
0004f80    34  62  37  31  65  35  35  66  39  62  39  32  37  65  37  36
0004f90    36  31  37  39  34  35  31  34  38  39  35  30  37  32  30  64
0004fa0    32  35  63  62  63  00  38  36  37  35  64  35  30  62  36  62
0004fb0    66  37  65  38  37  65  39  37  35  31  63  39  37  66  62  39
0004fc0    37  39  35  64  30  30  30  34  63  65  65  64  32  30  34  65
0004fd0    66  34  32  39  36  38  64  61  61  64  38  61  65  35  35  66
0004fe0    64  31  38  34  36  31  00  66  33  63  39  31  66  65  31  33
0004ff0    38  64  32  35  35  66  35  38  61  35  30  32  30  39  62  64
0005000    34  65  31  39  30  38  30  63  36  31  31  62  30  39  35  64
0005010    38  34  64  39  65  62  64  30  30  37  35  65  30  37  61  63
0005020    61  31  63  35  32  31  39  00  66  37  64  33  33  61  66  30
0005030    65  37  37  35  36  37  65  64  62  32  36  61  64  61  36  62
0005040    35  35  64  33  61  36  66  32  31  38  39  63  38  61  36  63
0005050    38  38  61  38  38  65  30  30  37  38  36  37  34  63  65  62
0005060    38  31  65  63  35  62  34  65  00  36  66  34  33  37  34  30
0005070    38  66  61  64  37  35  35  65  64  35  64  61  37  34  32  61
0005080    66  38  35  32  34  66  64  62  39  66  34  37  63  39  62  64
0005090    37  61  61  64  31  62  35  39  63  39  65  30  65  66  35  39
00050a0    31  32  35  38  35  30  62  61  34  00  30  32  30  38  38  61
00050b0    36  65  30  66  39  65  66  31  34  36  34  31  38  38  64  63
00050c0    63  62  30  66  36  38  33  31  39  37  34  38  35  63  33  31
00050d0    64  36  34  62  61  66  34  66  64  31  37  62  37  30  33  34
00050e0    63  63  37  61  63  64  30  34  35  35  00  39  37  66  62  31
00050f0    64  31  63  64  39  36  36  33  36  39  37  63  63  62  64  39
0005100    30  64  32  39  64  35  65  32  33  33  61  62  33  62  30  64
0005110    61  61  38  65  63  62  38  34  63  34  63  37  37  65  64  64
0005120    39  62  62  63  36  35  32  33  62  66  61  00  37  32  39  36
0005130    34  38  37  37  37  39  38  61  31  31  38  39  39  34  39  64
0005140    62  32  61  61  38  37  64  66  65  35  61  66  39  31  35  34
0005150    61  36  38  64  39  32  32  39  64  39  37  37  66  38  66  30
0005160    32  33  64  32  66  30  62  39  62  64  66  66  00  61  37  34
0005170    37  61  38  66  31  63  65  33  36  33  33  66  36  34  32  65
0005180    35  37  38  64  35  35  65  63  63  31  36  64  30  63  66  30
0005190    61  65  65  64  33  38  37  32  64  31  33  37  61  31  62  61
00051a0    39  30  39  34  65  31  39  65  64  32  63  30  66  00  64  36
00051b0    65  65  63  62  31  31  63  64  66  35  31  62  32  39  33  65
00051c0    62  65  31  33  61  33  63  36  65  32  30  32  32  39  64  65
00051d0    37  38  37  33  35  65  64  37  65  65  61  39  38  39  34  37
00051e0    34  33  34  30  62  39  31  64  30  63  39  63  61  38  00  62
00051f0    30  63  33  64  63  33  33  66  61  62  33  36  32  62  30  62
0005200    63  63  30  62  39  32  63  34  62  36  64  65  66  35  61  64
0005210    35  65  37  62  35  31  62  32  34  64  37  35  64  39  65  61
0005220    39  64  65  34  37  38  38  35  32  39  61  62  35  37  62  00
0005230    34  39  64  66  66  63  33  30  62  32  37  65  38  62  37  37
0005240    65  30  35  32  38  39  32  61  39  33  39  31  39  38  64  39
0005250    30  37  32  30  37  36  31  62  35  64  32  32  34  36  32  38
0005260    31  30  32  30  33  62  34  64  33  39  36  35  31  33  65  66
0005270    00  65  62  37  36  37  35  33  37  32  38  64  33  66  39  30
0005280    33  61  36  36  36  34  35  39  62  31  66  33  62  30  31  36
0005290    34  37  30  30  36  65  37  32  34  39  39  33  64  64  35  61
00052a0    38  65  33  38  33  34  62  32  36  39  64  65  30  33  31  38
00052b0    39  00  63  63  63  37  30  36  61  36  36  62  34  32  35  63
00052c0    65  65  31  64  64  35  34  65  37  61  36  63  66  39  39  63
00052d0    62  36  32  31  31  37  39  63  33  63  63  36  33  32  31  63
00052e0    35  32  30  33  30  32  64  30  62  61  66  32  30  61  62  31
00052f0    66  31  00  61  33  38  32  38  39  37  66  30  31  30  61  30
0005300    37  38  37  32  39  64  34  38  33  65  33  37  64  34  35  63
0005310    66  32  64  38  35  61  35  32  64  65  30  62  30  30  61  39
0005320    61  66  66  32  64  61  37  65  64  65  61  39  34  63  33  37
0005330    30  37  38  00  37  66  64  62  36  34  37  32  61  31  34  64
0005340    30  62  31  31  66  38  61  66  39  64  63  38  36  62  66  36
0005350    65  66  36  39  64  62  37  65  37  31  64  65  38  65  63  30
0005360    32  36  64  61  65  39  33  61  64  66  61  30  61  64  64  61
0005370    32  39  39  39  00  65  38  30  63  63  38  37  33  32  31  33
0005380    31  37  61  33  30  63  37  62  36  61  61  39  39  35  34  61
0005390    37  35  31  31  61  38  37  61  37  31  32  31  37  62  61  34
00053a0    38  38  65  36  33  61  33  66  33  34  64  31  31  66  36  39
00053b0    62  37  37  65  65  00  36  31  61  32  36  64  65  63  61  30
00053c0    38  33  37  31  63  32  39  63  63  38  66  31  66  37  63  30
00053d0    63  38  62  64  37  33  34  66  34  37  37  66  36  38  32  38
00053e0    65  38  61  36  63  63  36  37  31  62  30  64  38  65  66  31
00053f0    66  38  38  30  31  37  00  00  31  37  31  64  39  34  64  39
0005400    66  31  36  34  31  33  31  36  62  66  66  37  66  31  35  37
0005410    61  39  30  33  32  33  37  64  63  36  39  63  64  62  35  66
0005420    63  61  34  30  35  66  65  64  38  63  38  33  32  63  37  36
0005430    65  64  38  33  37  30  66  39  00  32  34  61  35  31  63  35
0005440    66  36  61  35  62  63  32  65  61  61  62  65  32  64  61  30
0005450    65  38  38  38  35  37  36  39  62  31  30  37  34  64  62  32
0005460    30  39  63  66  39  32  32  64  61  36  64  33  37  63  35  39
0005470    61  37  34  65  36  30  32  36  64  00  33  63  32  34  34  32
0005480    33  39  32  37  64  37  35  33  35  62  39  33  32  66  31  39
0005490    37  32  35  64  34  35  39  66  36  32  63  66  66  37  61  39
00054a0    30  62  31  62  34  62  34  37  64  65  36  30  62  39  64  66
00054b0    65  39  33  30  37  65  34  34  39  31  00  65  32  35  36  34
00054c0    31  35  30  65  37  39  35  61  31  61  32  31  32  34  34  31
00054d0    30  39  66  61  38  65  61  63  32  33  39  35  37  66  62  34
00054e0    35  61  38  36  32  64  32  36  62  36  32  62  62  39  35  35
00054f0    61  37  65  66  66  64  36  36  33  61  31  00  30  30  32  32
0005500    36  63  33  36  34  30  62  36  37  32  36  31  39  66  32  66
0005510    30  34  61  34  32  66  38  62  38  34  30  66  36  62  30  34
0005520    61  33  31  66  31  37  36  37  36  65  63  31  35  65  61  39
0005530    38  34  34  33  66  38  39  38  36  61  65  33  00  65  36  63
0005540    33  38  34  39  61  30  34  65  64  32  31  37  66  66  38  30
0005550    36  35  34  35  62  62  35  64  31  36  38  32  30  33  35  64
0005560    33  38  33  34  63  32  65  36  30  64  36  30  31  64  33  64
0005570    62  65  33  39  34  65  38  64  36  39  39  63  30  00  39  64
0005580    34  35  38  39  65  65  36  36  34  34  66  62  31  38  33  35
0005590    39  66  63  63  35  32  63  61  65  63  64  34  34  36  36  66
00055a0    32  63  33  64  66  30  64  63  33  38  33  66  36  33  63  34
00055b0    32  64  65  36  64  63  37  65  37  35  31  64  33  35  00  33
00055c0    65  30  63  30  30  64  61  61  64  63  30  62  31  61  31  38
00055d0    32  38  66  39  66  64  30  30  30  61  65  65  35  64  35  33
00055e0    32  34  61  64  36  33  37  33  66  63  64  35  36  63  32  36
00055f0    62  37  63  35  34  39  33  65  37  64  35  35  34  64  62  00
0005600    39  61  30  30  35  64  38  65  63  30  35  36  32  35  61  34
0005610    32  37  30  38  63  38  61  30  64  61  35  30  64  36  31  35
0005620    31  33  31  62  34  33  65  32  35  65  65  30  31  34  39  65
0005630    62  65  65  34  33  31  34  38  66  30  31  38  63  32  61  64
0005640    00  66  38  61  34  39  36  66  35  65  30  34  64  61  61  38
0005650    62  34  39  38  35  32  32  30  30  61  31  65  64  39  30  65
0005660    33  38  34  36  61  36  34  34  31  35  37  37  37  66  30  65
0005670    66  61  39  34  64  62  36  33  39  33  31  63  63  33  61  64
0005680    30  00  66  30  36  37  63  62  33  32  34  61  32  63  35  64
0005690    37  65  35  39  62  35  35  31  31  62  64  39  32  30  63  38
00056a0    35  33  34  66  33  63  39  63  36  38  37  36  31  30  61  39
00056b0    37  33  37  65  39  37  31  36  38  63  31  30  65  64  38  37
00056c0    30  66  00  30  36  38  38  61  61  33  63  32  64  35  61  35
00056d0    33  31  38  62  36  62  36  34  38  64  35  35  34  63  66  61
00056e0    35  39  34  35  38  64  61  64  63  34  34  37  61  66  33  35
00056f0    34  66  32  38  31  34  33  30  32  37  31  66  32  36  65  30
0005700    38  35  63  00  36  64  63  39  30  34  35  63  33  34  33  65
0005710    64  66  34  32  64  36  65  34  61  64  30  35  62  65  35  34
0005720    38  65  64  63  37  62  37  38  66  37  37  63  30  36  35  66
0005730    64  39  62  66  39  65  36  35  34  65  30  64  36  34  37  32
0005740    64  62  39  65  00  64  38  33  61  38  39  31  33  32  61  63
0005750    39  33  66  37  63  30  64  34  33  36  62  62  62  33  34  36
0005760    35  38  31  36  36  35  34  66  61  34  65  37  64  39  37  36
0005770    38  34  38  36  38  62  61  39  32  34  63  62  34  38  38  38
0005780    33  63  30  32  35  00  64  63  36  30  35  38  36  63  62  35
0005790    66  33  66  32  64  63  61  35  37  61  35  61  38  62  64  61
00057a0    37  37  65  65  39  30  37  38  37  30  63  32  30  39  61  30
00057b0    32  63  65  36  66  39  30  37  66  61  34  32  62  65  63  33
00057c0    62  36  61  61  64  38  00  63  36  30  33  31  64  31  31  61
00057d0    39  34  66  36  37  62  65  62  63  63  36  64  61  32  34  37
00057e0    34  33  39  66  62  65  33  66  32  38  37  39  63  32  61  34
00057f0    38  36  39  36  62  61  35  64  39  35  35  33  61  32  37  65
0005800    62  37  61  63  63  32  31  00  62  36  39  61  39  61  64  38
0005810    37  62  33  31  65  37  39  33  36  34  63  36  31  37  31  38
0005820    31  38  38  34  30  62  62  66  64  38  34  63  30  61  33  32
0005830    32  35  32  39  66  65  38  63  66  30  37  63  62  38  61  38
0005840    65  32  65  66  32  66  37  62  00  39  32  36  61  63  63  65
0005850    31  39  30  31  38  62  36  35  65  34  33  38  32  33  66  63
0005860    35  31  64  35  35  63  33  36  36  36  65  33  64  32  63  39
0005870    62  32  38  65  65  65  66  30  32  30  36  38  62  35  30  62
0005880    66  65  33  36  65  32  35  37  32  00  66  63  30  37  64  39
0005890    36  31  62  62  64  36  65  61  36  37  65  37  36  31  36  64
00058a0    66  37  37  32  65  37  37  37  64  30  30  38  33  61  37  61
00058b0    36  35  37  33  35  37  37  34  39  33  37  30  65  63  34  38
00058c0    35  31  30  33  39  33  39  33  38  65  00  36  63  34  32  62
00058d0    63  38  66  63  62  34  35  33  39  66  39  39  34  38  65  31
00058e0    31  34  39  36  63  64  32  37  35  37  35  64  38  61  65  63
00058f0    39  33  65  65  31  32  39  30  65  31  34  63  33  30  30  32
0005900    65  62  65  36  62  34  61  31  61  62  62  00  36  31  65  30
0005910    31  64  33  31  39  32  35  33  36  62  34  38  31  64  32  35
0005920    30  37  62  31  61  61  66  35  37  38  31  36  39  39  64  38
0005930    32  66  62  35  34  34  35  30  30  30  36  32  66  63  37  39
0005940    62  30  34  38  33  65  32  33  36  66  36  34  00  64  66  33
0005950    34  61  61  35  35  65  38  61  37  65  62  31  35  61  38  34
0005960    64  61  35  37  65  64  30  34  61  65  66  35  63  30  37  33
0005970    31  33  39  32  31  36  30  39  35  35  37  65  66  30  35  34
0005980    62  35  32  62  36  36  64  35  34  31  64  63  35  00  31  32
0005990    32  66  66  38  65  61  39  61  37  61  65  38  37  39  32  35
00059a0    31  31  63  36  32  62  36  62  63  65  37  37  38  33  65  36
00059b0    63  66  37  30  63  63  64  66  34  39  33  37  31  65  64  66
00059c0    36  30  32  36  32  65  36  66  32  31  65  32  36  35  00  65
00059d0    66  36  66  36  65  61  32  61  66  66  30  31  65  35  30  32
00059e0    33  37  33  61  66  35  33  37  64  62  62  34  33  62  34  65
00059f0    61  35  62  38  37  62  63  37  66  65  33  63  39  63  35  64
0005a00    62  33  31  35  38  63  61  34  65  32  66  30  63  35  38  00
0005a10    65  66  37  35  66  64  33  65  66  31  62  36  34  64  61  31
0005a20    62  38  34  64  32  65  34  38  66  63  34  37  65  38  34  64
0005a30    37  32  32  61  33  33  64  31  34  36  31  37  39  62  34  65
0005a40    30  62  38  36  32  39  65  30  32  61  39  30  32  31  62  65
0005a50    00  62  66  32  62  62  65  37  63  64  37  37  30  39  36  36
0005a60    32  64  66  32  33  65  37  38  30  63  61  38  64  39  64  32
0005a70    38  38  36  32  64  38  63  64  36  32  37  35  39  65  66  63
0005a80    34  33  35  39  64  61  62  39  37  32  62  36  33  64  62  38
0005a90    35  00  38  35  62  64  31  34  37  64  38  32  36  30  34  32
0005aa0    38  31  63  65  66  33  30  66  66  65  39  30  63  65  61  61
0005ab0    36  30  38  31  30  34  34  61  35  39  64  31  61  35  39  35
0005ac0    39  35  61  33  34  64  66  37  64  32  39  33  61  31  34  64
0005ad0    32  62  00  34  33  61  65  36  34  61  32  35  33  39  35  33
0005ae0    37  32  33  65  35  61  62  61  32  37  37  66  64  61  32  61
0005af0    62  35  35  39  30  31  33  36  30  65  63  62  31  38  66  35
0005b00    37  39  32  62  65  35  63  66  66  31  33  39  35  66  65  39
0005b10    31  65  64  00  31  61  63  64  63  31  64  39  31  64  66  32
0005b20    66  32  64  64  37  33  63  37  38  65  63  30  66  35  38  61
0005b30    38  65  37  31  35  64  62  65  66  64  32  31  36  62  32  33
0005b40    30  31  35  61  31  33  66  39  65  38  66  66  38  38  38  39
0005b50    30  32  63  61  00  31  38  61  35  37  37  36  39  33  31  61
0005b60    30  39  63  37  37  31  64  66  31  62  32  38  35  62  35  30
0005b70    31  31  31  38  33  35  34  63  31  63  34  66  66  36  66  32
0005b80    39  38  65  61  31  35  33  38  63  37  33  65  38  35  38  62
0005b90    34  64  31  66  36  00  31  30  36  61  62  66  36  34  34  39
0005ba0    61  64  38  33  34  36  39  38  66  36  63  36  65  66  63  30
0005bb0    35  34  62  66  39  36  35  62  64  33  34  34  64  32  63  62
0005bc0    39  66  34  32  37  63  30  33  65  32  66  64  65  39  35  63
0005bd0    61  30  61  39  30  32  00  31  35  30  64  39  64  36  64  38
0005be0    38  34  32  61  31  39  63  66  62  65  65  30  38  33  32  38
0005bf0    32  38  33  64  64  38  61  34  64  64  37  35  61  33  62  33
0005c00    66  34  30  64  30  36  62  33  30  66  34  62  35  38  37  63
0005c10    64  36  35  34  66  63  61  00  31  38  33  63  35  37  65  34
0005c20    39  37  61  39  32  37  37  37  34  35  33  30  64  34  63  66
0005c30    66  61  31  39  39  35  62  63  39  64  63  36  32  35  32  38
0005c40    64  31  30  32  33  30  37  36  35  35  39  35  63  30  30  34
0005c50    66  36  66  34  33  61  38  66  00  61  66  34  64  32  64  32
0005c60    39  65  36  39  32  37  38  64  39  63  30  65  32  38  30  63
0005c70    62  65  38  37  31  63  30  64  61  39  64  38  32  37  62  61
0005c80    62  31  64  61  30  65  38  65  39  61  32  61  37  63  64  32
0005c90    38  33  64  39  34  61  35  61  61  00  33  64  66  33  35  36
0005ca0    37  65  32  34  35  63  39  35  64  34  34  30  30  61  32  38
0005cb0    30  33  63  61  64  31  34  32  38  37  30  33  36  64  62  36
0005cc0    62  37  38  30  38  65  36  33  39  36  64  62  32  30  37  34
0005cd0    38  64  31  39  66  34  63  66  64  30  00  34  62  63  66  30
0005ce0    66  61  36  62  64  38  36  30  33  65  30  33  66  33  62  32
0005cf0    35  34  30  30  33  65  62  64  30  61  62  65  33  31  30  63
0005d00    61  62  35  30  33  66  39  39  39  36  30  37  33  35  61  63
0005d10    63  34  32  62  31  37  39  64  61  31  37  00  30  37  63  63
0005d20    35  31  30  34  37  66  61  36  37  33  62  36  32  35  63  63
0005d30    62  37  34  38  34  37  61  30  30  65  64  61  39  35  63  39
0005d40    36  63  32  31  35  65  33  32  31  38  37  30  61  66  62  66
0005d50    36  30  64  33  38  34  33  38  66  33  62  31  00  37  38  30
0005d60    32  31  37  65  61  37  64  61  65  33  62  64  38  35  63  36
0005d70    65  31  30  32  62  33  62  62  64  66  30  63  39  65  38  62
0005d80    62  38  62  64  61  37  30  34  34  33  61  36  65  61  30  38
0005d90    35  32  37  35  34  32  37  64  30  62  38  37  31  00  62  30
0005da0    33  64  30  31  61  34  64  61  64  32  62  63  36  37  35  33
0005db0    39  38  39  61  38  39  34  33  65  30  35  63  36  38  39  37
0005dc0    61  33  65  34  61  37  30  31  35  30  64  35  38  36  63  66
0005dd0    39  32  66  62  64  33  61  61  64  31  34  33  31  33  00  61
0005de0    63  33  30  35  65  33  38  30  62  36  66  32  37  62  34  30
0005df0    39  63  63  39  35  37  35  37  32  38  37  63  66  64  62  30
0005e00    61  62  30  32  63  65  35  61  62  61  33  34  64  65  37  39
0005e10    38  38  65  34  36  39  63  65  33  32  64  65  62  34  31  00
0005e20    66  31  37  38  36  65  35  62  65  33  62  37  39  66  37  35
0005e30    39  66  32  61  37  32  64  33  66  39  66  32  63  64  34  65
0005e40    32  63  32  62  34  64  34  33  39  65  65  31  39  39  36  34
0005e50    30  64  61  30  64  39  62  38  64  39  37  66  32  32  31  39
0005e60    00  66  34  31  35  34  66  66  33  64  38  66  63  66  32  33
0005e70    32  33  33  37  64  65  33  36  35  65  62  64  65  36  63  63
0005e80    30  35  31  31  34  36  38  31  63  65  31  65  30  37  65  35
0005e90    37  36  37  63  33  33  61  34  32  30  63  35  34  35  62  39
0005ea0    34  00  61  30  32  61  34  33  37  30  37  38  66  39  64  39
0005eb0    30  63  34  32  34  65  30  37  33  39  35  39  61  37  38  34
0005ec0    31  32  33  36  36  35  64  31  37  31  30  66  34  61  31  35
0005ed0    65  62  39  66  35  38  62  37  38  34  39  61  66  31  65  34
0005ee0    64  32  00  36  65  36  30  65  65  30  30  30  62  30  64  36
0005ef0    37  61  35  37  61  30  62  64  35  38  64  61  34  62  33  39
0005f00    36  32  66  32  65  37  64  39  66  36  34  64  31  64  36  37
0005f10    64  31  34  34  32  39  64  61  66  33  64  32  39  35  32  65
0005f20    38  30  65  00  66  61  62  34  63  62  63  31  35  30  39  61
0005f30    62  31  38  65  65  37  35  31  32  32  35  34  34  33  37  64
0005f40    62  35  30  61  30  64  37  65  30  64  31  38  33  33  32  33
0005f50    64  35  66  35  36  62  35  38  64  65  35  39  64  38  62  32
0005f60    63  32  36  64  00  61  32  61  37  61  36  64  34  39  33  34
0005f70    63  31  30  33  39  39  64  34  35  65  39  66  64  39  31  66
0005f80    33  61  61  38  63  34  37  64  64  36  32  32  66  63  65  63
0005f90    38  64  30  32  66  38  32  36  38  38  39  31  31  35  36  65
0005fa0    32  65  66  39  64  00  34  62  63  30  34  31  32  61  30  30
0005fb0    66  34  37  66  63  66  33  63  30  35  31  39  66  32  33  36
0005fc0    63  65  37  38  38  63  66  30  38  37  61  38  33  63  38  66
0005fd0    35  33  39  32  63  39  65  34  39  35  33  35  66  38  63  61
0005fe0    33  63  31  62  65  61  00  39  36  63  38  65  31  61  62  32
0005ff0    61  37  65  66  35  37  62  36  37  30  32  31  31  62  39  31
0006000    35  64  36  62  38  33  62  62  35  63  63  39  31  62  62  30
0006010    66  33  33  65  31  31  35  62  65  32  35  31  32  30  38  33
0006020    39  65  65  39  61  64  63  00  31  63  35  35  36  66  61  65
0006030    66  61  61  38  30  62  33  39  65  35  35  65  61  30  38  30
0006040    33  30  37  34  61  30  37  64  35  30  32  63  31  62  30  65
0006050    66  38  36  63  32  61  63  66  37  33  37  38  61  39  34  64
0006060    61  30  66  66  35  31  33  65  00  65  34  65  31  35  62  33
0006070    31  36  64  37  64  38  33  62  32  63  62  31  38  62  35  39
0006080    34  32  36  62  35  33  32  65  64  31  63  64  62  33  64  61
0006090    38  64  35  34  36  34  37  35  62  31  35  34  66  35  33  62
00060a0    35  61  62  65  39  36  65  36  31  00  61  66  35  33  38  31
00060b0    30  30  62  36  32  39  38  66  38  66  34  64  33  34  61  34
00060c0    31  35  62  32  35  33  65  65  36  64  66  63  37  35  33  33
00060d0    37  38  62  39  35  37  34  65  61  34  30  64  62  37  32  62
00060e0    38  34  34  66  34  34  39  38  61  62  00  36  37  34  34  31
00060f0    35  34  34  37  39  38  38  62  61  35  37  61  61  65  64  35
0006100    64  30  64  35  64  33  35  61  63  35  63  35  35  32  39  31
0006110    33  34  62  62  31  62  39  37  63  63  37  37  61  35  33  39
0006120    61  61  35  38  35  64  65  35  32  38  62  00  64  38  38  63
0006130    31  32  38  38  64  37  64  66  37  36  33  64  33  62  36  63
0006140    32  39  63  30  31  36  31  37  34  38  62  38  66  63  30  64
0006150    30  65  31  31  63  65  35  34  34  36  39  36  61  33  37  31
0006160    63  36  63  31  30  63  38  30  35  37  61  32  00  63  30  36
0006170    62  36  34  37  35  36  30  35  62  33  35  30  63  38  61  34
0006180    31  33  39  39  66  61  61  39  31  65  64  39  66  61  31  35
0006190    36  65  37  32  61  35  36  63  39  32  30  37  39  31  65  64
00061a0    61  30  61  63  36  39  33  62  66  35  36  38  35  00  30  64
00061b0    33  30  39  36  31  35  63  36  31  66  33  31  33  64  66  39
00061c0    32  37  65  61  39  66  64  35  61  65  31  62  64  65  63  62
00061d0    37  30  63  33  61  65  65  36  32  32  35  66  65  34  31  65
00061e0    63  64  33  31  33  38  39  30  32  64  63  31  35  63  00  38
00061f0    61  30  64  37  33  64  37  36  65  37  35  37  38  39  35  66
0006200    30  61  36  37  32  64  35  36  61  34  33  38  38  32  38  61
0006210    30  64  32  64  66  33  36  31  65  31  65  30  61  31  65  32
0006220    66  35  30  39  37  61  34  36  30  64  63  39  34  61  63  00
0006230    30  33  63  61  35  33  64  31  33  63  37  32  31  30  34  36
0006240    61  35  32  35  30  36  33  34  34  65  62  61  66  66  66  30
0006250    61  34  33  36  32  31  65  31  32  64  61  35  32  62  65  64
0006260    62  31  31  62  33  33  63  38  63  30  64  35  36  38  32  34
0006270    00  38  61  31  61  62  31  63  33  30  61  38  63  31  61  66
0006280    35  39  33  65  31  30  33  39  63  31  31  30  66  62  33  32
0006290    64  36  65  33  36  31  63  35  37  39  61  65  35  62  31  33
00062a0    38  39  37  61  36  39  63  62  38  39  33  35  31  39  62  62
00062b0    36  00  00  00  00  00  00  00  00  00  00  00  00  00  00  00
00062c0    00  00  00  00  00  00  00  00  00  00  00  00  00  00  00  00
00062d0    00  00  00  00  00  00  00  00  00  00  00  00  00  00  00  00
00062e0    00  00  00  00  00  00  00  00  00  00  00  00  00  00  00  00
00062f0    00  00  00  00  00  00  00  00  00  00  00  00  00  00  00  00
0006300    00  00  00  00  00  00  00  00  72  70  6d  00  00  00  72  70
0006310    6d  00  00  00  00  00  00  00  00  00  00  00  00  00  00  00
0006320    00  00  00  00  00  00  00  00  00  00  00  00  00  00  00  00
0006330    00  00  00  00  00  00  00  00  00  00  00  00  00  00  00  00
0006340    00  00  00  00  00  00  00  00  00  00  00  00  00  00  00  00
0006350    00  00  00  00  00  00  00  00  00  00  00  00  00  00  00  00
0006360    00  00  00  00  00  00  00  00  00  00  00  00  00  00  00  00
0006370    00  00  00  00  00  00  00  00  00  00  00  00  00  00  00  00
0006380    00  00  00  00  00  00  00  00  00  00  00  00  00  00  00  00
0006390    00  00  00  00  00  00  00  00  00  00  00  00  00  00  00  00
00063a0    00  00  00  00  00  00  00  00  00  00  00  00  00  00  6c  69
00063b0    62  72  70  6d  2e  73  6f  2e  31  30  2e  30  2e  32  00  00
00063c0    6c  69  62  72  70  6d  69  6f  2e  73  6f  2e  31  30  2e  30
00063d0    2e  32  00  00  6c  69  62  72  70  6d  73  69  67  6e  2e  73
00063e0    6f  2e  31  30  2e  30  2e  32  00  00  00  00  00  00  00  00
00063f0    00  00  00  00  00  00  00  00  00  00  00  00  00  00  00  00
0006400    00  00  00  00  00  00  00  00  00  00  00  00  00  00  00  00
0006410    00  00  00  00  00  00  00  00  00  00  00  00  00  00  00  00
0006420    00  00  00  00  00  00  00  00  00  00  00  00  00  00  00  00
0006430    00  00  00  00  00  00  00  00  00  00  00  00  00  00  00  00
0006440    00  00  00  00  00  00  00  00  00  00  00  00  00  00  00  00
0006450    00  00  00  00  00  00  00  00  00  00  00  00  00  00  00  00
0006460    00  00  00  00  00  00  00  00  00  00  00  00  00  00  00  00
0006470    00  00  00  00  00  00  00  00  00  00  00  00  00  00  00  00
0006480    00  00  00  00  00  00  00  00  00  00  00  00  00  00  00  00
0006490    00  00  00  00  00  00  00  00  00  00  00  00  00  00  00  00
00064a0    00  00  00  00  00  00  00  00  00  00  00  00  00  00  00  00
00064b0    00  00  00  00  00  00  00  00  00  00  00  00  00  00  00  00
00064c0    00  00  00  00  00  00  00  00  00  00  00  00  00  00  00  00
00064d0    00  00  00  00  00  00  00  00  00  00  00  00  00  00  00  00
00064e0    00  00  00  00  00  00  00  00  00  00  00  00  00  00  00  00
00064f0    00  00  00  00  00  00  00  00  00  00  00  00  00  00  00  00
0006500    00  00  00  00  00  00  00  00  00  00  00  00  00  00  00  00
0006510    00  00  00  00  00  00  00  00  00  00  00  00  00  00  00  00
0006520    00  00  00  00  00  00  00  00  00  00  00  00  00  00  00  00
0006530    00  00  00  00  00  00  00  00  00  00  00  00  00  00  00  00
0006540    00  00  00  00  00  00  00  00  00  00  00  00  00  00  00  00
0006550    00  00  00  00  00  00  00  00  00  00  00  00  00  00  00  00
0006560    00  00  00  00  00  00  00  00  00  00  00  00  00  00  00  00
0006570    00  00  00  00  00  00  00  00  00  00  00  00  00  00  00  00
0006580    00  00  00  00  00  00  00  00  00  00  00  00  00  00  00  00
0006590    00  00  00  00  00  00  00  00  00  00  00  00  00  00  00  00
00065a0    00  00  00  00  00  00  00  00  00  00  00  00  00  00  00  00
00065b0    00  00  00  00  00  00  00  00  00  00  00  00  00  00  00  00
00065c0    00  00  00  00  00  00  00  00  00  00  00  00  00  00  00  00
00065d0    00  00  00  00  00  00  00  00  00  00  00  00  00  00  00  00
00065e0    00  00  00  00  00  00  00  00  00  00  00  00  00  00  00  00
00065f0    00  00  00  00  00  00  00  00  00  00  00  00  00  00  00  00
0006600    00  00  00  00  00  00  00  00  00  00  00  00  00  00  00  00
0006610    00  00  00  00  00  00  00  00  00  00  00  00  00  00  00  00
0006620    00  00  00  00  00  00  00  00  00  00  00  00  00  00  00  00
0006630    00  00  00  00  00  00  00  00  00  00  00  00  00  00  00  00
0006640    00  00  00  00  00  00  00  00  00  00  00  00  00  00  00  00
0006650    00  00  00  00  00  00  00  00  00  00  00  00  00  00  00  00
0006660    00  00  00  00  00  00  00  00  00  00  00  00  00  00  00  00
0006670    00  00  00  00  00  00  00  00  00  00  00  00  00  00  00  00
0006680    00  00  00  00  00  00  00  00  00  00  00  00  00  00  00  00
0006690    00  00  00  00  00  00  00  00  00  00  00  00  00  00  00  00
00066a0    00  00  00  00  00  00  00  00  00  00  00  00  00  00  00  00
00066b0    00  00  00  00  00  00  00  00  00  00  00  00  00  00  00  00
00066c0    00  00  00  00  00  00  00  00  00  00  00  00  00  00  00  00
00066d0    00  00  00  00  00  00  00  00  00  00  00  00  00  00  00  00
00066e0    00  00  00  00  00  00  00  00  00  00  00  00  00  00  00  00
00066f0    00  00  00  00  00  00  00  00  00  00  00  00  00  00  00  00
0006700    00  00  00  00  00  00  00  00  00  00  00  00  00  00  00  00
0006710    00  00  00  00  00  00  00  00  00  00  00  00  00  00  00  00
0006720    00  00  00  00  00  00  00  00  00  00  00  00  00  00  00  00
0006730    00  00  00  00  00  00  00  00  00  00  00  00  00  00  00  00
0006740    00  00  00  00  00  00  00  00  00  00  00  00  00  00  00  00
0006750    00  00  00  00  00  00  00  00  00  00  00  00  00  00  00  00
0006760    00  00  00  00  00  00  00  00  00  00  00  00  00  00  00  00
0006770    00  00  00  00  00  00  00  02  00  00  00  02  00  00  00  02
0006780    00  00  00  02  00  00  00  02  00  00  00  02  00  00  00  02
0006790    00  00  00  02  00  00  00  02  00  00  00  02  00  00  00  02
00067a0    00  00  00  02  00  00  00  02  00  00  00  02  00  00  00  02
00067b0    00  00  00  02  00  00  00  02  00  00  00  02  00  00  00  02
00067c0    00  00  00  02  00  00  00  02  00  00  00  02  00  00  00  02
00067d0    00  00  00  02  00  00  00  02  00  00  00  02  00  00  00  02
00067e0    00  00  00  02  00  00  00  02  00  00  00  02  00  00  00  02
00067f0    00  00  00  02  00  00  00  00  00  00  00  00  00  00  00  80
0006800    00  00  00  00  00  00  00  00  00  00  00  00  00  00  00  00
0006810    00  00  00  00  00  00  00  00  00  00  00  00  00  00  00  00
0006820    00  00  00  00  00  00  00  00  00  00  00  00  00  00  00  00
0006830    00  00  00  00  00  00  00  00  00  00  00  00  00  00  00  00
0006840    00  00  00  00  00  00  00  00  00  00  00  00  00  00  00  00
0006850    00  00  00  00  00  00  00  00  00  00  00  00  00  00  00  00
0006860    00  00  00  00  00  00  00  00  00  00  00  00  00  00  00  00
0006870    00  00  00  00  00  00  00  00  00  00  00  00  00  00  00  00
0006880    00  00  00  00  00  00  00  00  00  00  00  00  00  00  00  00
0006890    00  00  00  00  00  00  00  00  00  00  00  02  00  00  00  02
00068a0    00  00  00  02  00  00  00  02  00  00  00  02  00  00  00  02
00068b0    00  00  00  02  00  00  00  02  00  00  00  02  00  00  00  02
00068c0    00  00  00  02  00  00  00  02  00  00  00  02  00  00  00  02
00068d0    00  00  00  02  00  00  00  02  00  00  00  02  00  00  00  02
00068e0    00  00  00  02  00  00  00  00  00  00  00  00  00  00  00  00
00068f0    00  00  00  00  00  00  00  00  00  00  00  00  00  00  00  00
0006900    00  00  00  00  00  00  00  00  00  00  00  00  00  00  00  00
0006910    00  00  00  00  00  00  00  00  00  00  00  00  00  00  00  00
0006920    00  00  00  00  00  00  00  00  00  00  00  00  00  00  00  00
0006930    00  00  00  00  00  00  00  00  00  00  00  00  00  00  00  00
0006940    00  00  00  00  00  00  00  00  00  00  00  00  00  00  00  00
0006950    00  00  00  00  00  00  00  00  00  00  00  00  00  00  00  00
0006960    00  00  00  00  00  00  00  00  00  00  00  00  00  00  00  00
0006970    00  00  00  00  00  00  00  00  00  00  00  00  00  00  00  00
0006980    00  00  00  00  00  00  00  00  00  00  00  00  00  00  00  00
0006990    00  00  00  00  00  00  00  00  00  00  00  00  00  00  00  00
00069a0    00  00  00  00  00  00  00  00  00  00  00  00  00  00  00  00
00069b0    00  00  00  00  00  00  00  00  00  00  00  00  00  00  00  00
00069c0    00  00  00  00  00  00  00  00  00  00  00  00  00  00  00  00
00069d0    00  00  00  00  00  00  00  00  00  00  00  00  00  00  00  00
00069e0    00  00  00  00  00  00  00  00  00  00  00  00  00  00  00  00
00069f0    00  00  00  00  00  00  00  00  00  00  00  00  00  00  00  00
0006a00    00  00  00  00  00  00  00  00  00  00  00  00  00  00  00  00
0006a10    00  00  00  00  00  00  00  40  72  6f  6f  74  00  72  6f  6f
0006a20    74  00  72  6f  6f  74  00  72  6f  6f  74  00  72  6f  6f  74
0006a30    00  72  6f  6f  74  00  72  6f  6f  74  00  72  6f  6f  74  00
0006a40    72  6f  6f  74  00  72  6f  6f  74  00  72  6f  6f  74  00  72
0006a50    6f  6f  74  00  72  6f  6f  74  00  72  6f  6f  74  00  72  6f
0006a60    6f  74  00  72  6f  6f  74  00  72  6f  6f  74  00  72  6f  6f
0006a70    74  00  72  6f  6f  74  00  72  6f  6f  74  00  72  6f  6f  74
0006a80    00  72  6f  6f  74  00  72  6f  6f  74  00  72  6f  6f  74  00
0006a90    72  6f  6f  74  00  72  6f  6f  74  00  72  6f  6f  74  00  72
0006aa0    6f  6f  74  00  72  6f  6f  74  00  72  6f  6f  74  00  72  6f
0006ab0    6f  74  00  72  6f  6f  74  00  72  6f  6f  74  00  72  6f  6f
0006ac0    74  00  72  6f  6f  74  00  72  6f  6f  74  00  72  6f  6f  74
0006ad0    00  72  6f  6f  74  00  72  6f  6f  74  00  72  6f  6f  74  00
0006ae0    72  6f  6f  74  00  72  6f  6f  74  00  72  6f  6f  74  00  72
0006af0    6f  6f  74  00  72  6f  6f  74  00  72  6f  6f  74  00  72  6f
0006b00    6f  74  00  72  6f  6f  74  00  72  6f  6f  74  00  72  6f  6f
0006b10    74  00  72  6f  6f  74  00  72  6f  6f  74  00  72  6f  6f  74
0006b20    00  72  6f  6f  74  00  72  6f  6f  74  00  72  6f  6f  74  00
0006b30    72  6f  6f  74  00  72  6f  6f  74  00  72  6f  6f  74  00  72
0006b40    6f  6f  74  00  72  6f  6f  74  00  72  6f  6f  74  00  72  6f
0006b50    6f  74  00  72  6f  6f  74  00  72  6f  6f  74  00  72  6f  6f
0006b60    74  00  72  6f  6f  74  00  72  6f  6f  74  00  72  6f  6f  74
0006b70    00  72  6f  6f  74  00  72  6f  6f  74  00  72  6f  6f  74  00
0006b80    72  6f  6f  74  00  72  6f  6f  74  00  72  6f  6f  74  00  72
0006b90    6f  6f  74  00  72  6f  6f  74  00  72  6f  6f  74  00  72  6f
0006ba0    6f  74  00  72  6f  6f  74  00  72  6f  6f  74  00  72  6f  6f
0006bb0    74  00  72  6f  6f  74  00  72  6f  6f  74  00  72  6f  6f  74
0006bc0    00  72  6f  6f  74  00  72  6f  6f  74  00  72  6f  6f  74  00
0006bd0    72  6f  6f  74  00  72  6f  6f  74  00  72  6f  6f  74  00  72
0006be0    6f  6f  74  00  72  6f  6f  74  00  72  6f  6f  74  00  72  6f
0006bf0    6f  74  00  72  6f  6f  74  00  72  6f  6f  74  00  72  6f  6f
0006c00    74  00  72  6f  6f  74  00  72  6f  6f  74  00  72  6f  6f  74
0006c10    00  72  6f  6f  74  00  72  6f  6f  74  00  72  6f  6f  74  00
0006c20    72  6f  6f  74  00  72  6f  6f  74  00  72  6f  6f  74  00  72
0006c30    6f  6f  74  00  72  6f  6f  74  00  72  6f  6f  74  00  72  6f
0006c40    6f  74  00  72  6f  6f  74  00  72  6f  6f  74  00  72  6f  6f
0006c50    74  00  72  6f  6f  74  00  72  6f  6f  74  00  72  6f  6f  74
0006c60    00  72  6f  6f  74  00  72  6f  6f  74  00  72  6f  6f  74  00
0006c70    72  6f  6f  74  00  72  6f  6f  74  00  72  6f  6f  74  00  72
0006c80    6f  6f  74  00  72  6f  6f  74  00  72  6f  6f  74  00  72  6f
0006c90    6f  74  00  72  6f  6f  74  00  72  6f  6f  74  00  72  6f  6f
0006ca0    74  00  72  6f  6f  74  00  72  6f  6f  74  00  72  6f  6f  74
0006cb0    00  72  6f  6f  74  00  72  6f  6f  74  00  72  6f  6f  74  00
0006cc0    72  6f  6f  74  00  72  6f  6f  74  00  72  6f  6f  74  00  72
0006cd0    6f  6f  74  00  72  6f  6f  74  00  72  6f  6f  74  00  72  6f
0006ce0    6f  74  00  72  6f  6f  74  00  72  6f  6f  74  00  72  6f  6f
0006cf0    74  00  72  6f  6f  74  00  72  6f  6f  74  00  72  6f  6f  74
0006d00    00  72  6f  6f  74  00  72  6f  6f  74  00  72  6f  6f  74  00
0006d10    72  6f  6f  74  00  72  6f  6f  74  00  72  6f  6f  74  00  72
0006d20    6f  6f  74  00  72  6f  6f  74  00  72  6f  6f  74  00  72  6f
0006d30    6f  74  00  72  6f  6f  74  00  72  6f  6f  74  00  72  6f  6f
0006d40    74  00  72  6f  6f  74  00  72  6f  6f  74  00  72  6f  6f  74
0006d50    00  72  6f  6f  74  00  72  6f  6f  74  00  72  6f  6f  74  00
0006d60    72  6f  6f  74  00  72  6f  6f  74  00  72  6f  6f  74  00  72
0006d70    6f  6f  74  00  72  6f  6f  74  00  72  6f  6f  74  00  72  6f
0006d80    6f  74  00  72  6f  6f  74  00  72  6f  6f  74  00  72  6f  6f
0006d90    74  00  72  6f  6f  74  00  72  6f  6f  74  00  72  6f  6f  74
0006da0    00  72  6f  6f  74  00  72  6f  6f  74  00  72  6f  6f  74  00
0006db0    72  6f  6f  74  00  72  6f  6f  74  00  72  6f  6f  74  00  72
0006dc0    6f  6f  74  00  72  6f  6f  74  00  72  6f  6f  74  00  72  6f
0006dd0    6f  74  00  72  6f  6f  74  00  72  6f  6f  74  00  72  6f  6f
0006de0    74  00  72  6f  6f  74  00  72  6f  6f  74  00  72  6f  6f  74
0006df0    00  72  6f  6f  74  00  72  6f  6f  74  00  72  6f  6f  74  00
0006e00    72  6f  6f  74  00  72  6f  6f  74  00  72  6f  6f  74  00  72
0006e10    6f  6f  74  00  72  6f  6f  74  00  72  6f  6f  74  00  72  6f
0006e20    6f  74  00  72  6f  6f  74  00  72  6f  6f  74  00  72  6f  6f
0006e30    74  00  72  6f  6f  74  00  72  6f  6f  74  00  72  6f  6f  74
0006e40    00  72  6f  6f  74  00  72  6f  6f  74  00  72  6f  6f  74  00
0006e50    72  6f  6f  74  00  72  6f  6f  74  00  72  6f  6f  74  00  72
0006e60    6f  6f  74  00  72  6f  6f  74  00  72  6f  6f  74  00  72  6f
0006e70    6f  74  00  72  6f  6f  74  00  72  6f  6f  74  00  72  6f  6f
0006e80    74  00  72  6f  6f  74  00  72  6f  6f  74  00  72  6f  6f  74
0006e90    00  72  6f  6f  74  00  72  6f  6f  74  00  72  6f  6f  74  00
0006ea0    72  6f  6f  74  00  72  6f  6f  74  00  72  6f  6f  74  00  72
0006eb0    6f  6f  74  00  72  6f  6f  74  00  72  6f  6f  74  00  72  6f
0006ec0    6f  74  00  72  6f  6f  74  00  72  6f  6f  74  00  72  6f  6f
0006ed0    74  00  72  6f  6f  74  00  72  6f  6f  74  00  72  6f  6f  74
0006ee0    00  72  6f  6f  74  00  72  6f  6f  74  00  72  6f  6f  74  00
0006ef0    72  6f  6f  74  00  72  6f  6f  74  00  72  6f  6f  74  00  72
0006f00    6f  6f  74  00  72  6f  6f  74  00  72  6f  6f  74  00  72  6f
0006f10    6f  74  00  72  6f  6f  74  00  72  6f  6f  74  00  72  6f  6f
0006f20    74  00  72  6f  6f  74  00  72  6f  6f  74  00  72  6f  6f  74
0006f30    00  72  6f  6f  74  00  72  6f  6f  74  00  72  6f  6f  74  00
0006f40    72  6f  6f  74  00  72  6f  6f  74  00  72  6f  6f  74  00  72
0006f50    6f  6f  74  00  72  6f  6f  74  00  72  6f  6f  74  00  72  6f
0006f60    6f  74  00  72  6f  6f  74  00  72  6f  6f  74  00  72  6f  6f
0006f70    74  00  72  6f  6f  74  00  72  6f  6f  74  00  72  6f  6f  74
0006f80    00  72  6f  6f  74  00  72  6f  6f  74  00  72  6f  6f  74  00
0006f90    72  6f  6f  74  00  72  6f  6f  74  00  72  6f  6f  74  00  72
0006fa0    6f  6f  74  00  72  6f  6f  74  00  72  6f  6f  74  00  72  6f
0006fb0    6f  74  00  72  6f  6f  74  00  72  6f  6f  74  00  72  6f  6f
0006fc0    74  00  72  6f  6f  74  00  72  6f  6f  74  00  72  6f  6f  74
0006fd0    00  72  6f  6f  74  00  72  6f  6f  74  00  72  6f  6f  74  00
0006fe0    72  6f  6f  74  00  72  6f  6f  74  00  72  6f  6f  74  00  72
0006ff0    6f  6f  74  00  72  6f  6f  74  00  72  6f  6f  74  00  72  6f
0007000    6f  74  00  72  6f  6f  74  00  72  6f  6f  74  00  72  6f  6f
0007010    74  00  72  6f  6f  74  00  72  6f  6f  74  00  72  6f  6f  74
0007020    00  72  6f  6f  74  00  72  6f  6f  74  00  72  6f  6f  74  00
0007030    72  6f  6f  74  00  72  6f  6f  74  00  72  6f  6f  74  00  72
0007040    6f  6f  74  00  72  6f  6f  74  00  72  6f  6f  74  00  72  6f
0007050    6f  74  00  72  6f  6f  74  00  72  6f  6f  74  00  72  6f  6f
0007060    74  00  72  6f  6f  74  00  72  6f  6f  74  00  72  6f  6f  74
0007070    00  72  6f  6f  74  00  72  6f  6f  74  00  72  6f  6f  74  00
0007080    72  6f  6f  74  00  72  6f  6f  74  00  72  6f  6f  74  00  72
0007090    6f  6f  74  00  72  6f  6f  74  00  72  6f  6f  74  00  72  6f
00070a0    6f  74  00  72  6f  6f  74  00  72  6f  6f  74  00  72  6f  6f
00070b0    74  00  72  6f  6f  74  00  72  6f  6f  74  00  72  6f  6f  74
00070c0    00  72  6f  6f  74  00  72  6f  6f  74  00  72  6f  6f  74  00
00070d0    72  6f  6f  74  00  72  6f  6f  74  00  72  6f  6f  74  00  72
00070e0    6f  6f  74  00  72  6f  6f  74  00  72  6f  6f  74  00  72  6f
00070f0    6f  74  00  72  6f  6f  74  00  72  6f  6f  74  00  72  6f  6f
0007100    74  00  72  6f  6f  74  00  72  6f  6f  74  00  72  6f  6f  74
0007110    00  72  6f  6f  74  00  72  6f  6f  74  00  72  6f  6f  74  00
0007120    72  6f  6f  74  00  72  6f  6f  74  00  72  6f  6f  74  00  72
0007130    6f  6f  74  00  72  6f  6f  74  00  72  6f  6f  74  00  72  6f
0007140    6f  74  00  72  6f  6f  74  00  72  6f  6f  74  00  72  6f  6f
0007150    74  00  72  6f  6f  74  00  72  6f  6f  74  00  72  6f  6f  74
0007160    00  72  6f  6f  74  00  72  6f  6f  74  00  72  6f  6f  74  00
0007170    72  6f  6f  74  00  72  6f  6f  74  00  72  6f  6f  74  00  72
0007180    6f  6f  74  00  72  6f  6f  74  00  72  6f  6f  74  00  72  6f
0007190    6f  74  00  72  6f  6f  74  00  72  6f  6f  74  00  72  6f  6f
00071a0    74  00  72  6f  6f  74  00  72  6f  6f  74  00  72  6f  6f  74
00071b0    00  72  6f  6f  74  00  72  6f  6f  74  00  72  6f  6f  74  00
00071c0    72  6f  6f  74  00  72  6f  6f  74  00  72  6f  6f  74  00  72
00071d0    6f  6f  74  00  72  6f  6f  74  00  72  6f  6f  74  00  72  6f
00071e0    6f  74  00  72  6f  6f  74  00  72  6f  6f  74  00  72  6f  6f
00071f0    74  00  72  6f  6f  74  00  72  6f  6f  74  00  72  6f  6f  74
0007200    00  72  6f  6f  74  00  72  6f  6f  74  00  72  6f  6f  74  00
0007210    72  6f  6f  74  00  72  6f  6f  74  00  72  6f  6f  74  00  72
0007220    6f  6f  74  00  72  6f  6f  74  00  72  6f  6f  74  00  72  6f
0007230    6f  74  00  72  6f  6f  74  00  72  6f  6f  74  00  72  6f  6f
0007240    74  00  72  6f  6f  74  00  72  6f  6f  74  00  72  6f  6f  74
0007250    00  72  6f  6f  74  00  72  6f  6f  74  00  72  6f  6f  74  00
0007260    72  6f  6f  74  00  72  6f  6f  74  00  72  6f  6f  74  00  72
0007270    6f  6f  74  00  72  6f  6f  74  00  72  6f  6f  74  00  72  6f
0007280    6f  74  00  72  6f  6f  74  00  72  6f  6f  74  00  72  6f  6f
0007290    74  00  72  6f  6f  74  00  72  6f  6f  74  00  72  6f  6f  74
00072a0    00  72  6f  6f  74  00  72  6f  6f  74  00  72  6f  6f  74  00
00072b0    72  6f  6f  74  00  72  6f  6f  74  00  72  6f  6f  74  00  72
00072c0    6f  6f  74  00  72  6f  6f  74  00  72  6f  6f  74  00  72  6f
00072d0    6f  74  00  72  6f  6f  74  00  72  6f  6f  74  00  72  6f  6f
00072e0    74  00  72  6f  6f  74  00  72  6f  6f  74  00  72  6f  6f  74
00072f0    00  72  6f  6f  74  00  72  6f  6f  74  00  72  6f  6f  74  00
0007300    72  6f  6f  74  00  72  6f  6f  74  00  72  6f  6f  74  00  72
0007310    6f  6f  74  00  72  6f  6f  74  00  72  6f  6f  74  00  72  6f
0007320    6f  74  00  72  6f  6f  74  00  72  6f  6f  74  00  72  6f  6f
0007330    74  00  72  6f  6f  74  00  72  6f  6f  74  00  72  6f  6f  74
0007340    00  72  6f  6f  74  00  72  6f  6f  74  00  72  6f  6f  74  00
0007350    72  6f  6f  74  00  72  6f  6f  74  00  72  6f  6f  74  00  72
0007360    6f  6f  74  00  72  6f  6f  74  00  72  6f  6f  74  00  72  6f
0007370    6f  74  00  72  6f  6f  74  00  72  6f  6f  74  00  72  6f  6f
0007380    74  00  72  6f  6f  74  00  72  6f  6f  74  00  72  6f  6f  74
0007390    00  72  6f  6f  74  00  72  6f  6f  74  00  72  6f  6f  74  00
00073a0    72  6f  6f  74  00  72  6f  6f  74  00  72  6f  6f  74  00  72
00073b0    6f  6f  74  00  72  6f  6f  74  00  72  6f  6f  74  00  72  6f
00073c0    6f  74  00  72  6f  6f  74  00  72  6f  6f  74  00  72  6f  6f
00073d0    74  00  72  6f  6f  74  00  72  6f  6f  74  00  72  6f  6f  74
00073e0    00  72  6f  6f  74  00  72  6f  6f  74  00  72  6f  6f  74  00
00073f0    72  6f  6f  74  00  72  6f  6f  74  00  72  6f  6f  74  00  72
0007400    6f  6f  74  00  72  6f  6f  74  00  72  6f  6f  74  00  72  6f
0007410    6f  74  00  72  6f  6f  74  00  72  6f  6f  74  00  72  6f  6f
0007420    74  00  72  6f  6f  74  00  72  6f  6f  74  00  72  6f  6f  74
0007430    00  72  6f  6f  74  00  72  6f  6f  74  00  72  6f  6f  74  00
0007440    72  6f  6f  74  00  72  6f  6f  74  00  72  6f  6f  74  00  72
0007450    6f  6f  74  00  72  6f  6f  74  00  72  6f  6f  74  00  72  6f
0007460    6f  74  00  72  6f  6f  74  00  72  6f  6f  74  00  72  6f  6f
0007470    74  00  72  6f  6f  74  00  72  6f  6f  74  00  72  6f  6f  74
0007480    00  72  6f  6f  74  00  72  6f  6f  74  00  72  6f  6f  74  00
0007490    72  6f  6f  74  00  72  6f  6f  74  00  72  6f  6f  74  00  72
00074a0    6f  6f  74  00  72  6f  6f  74  00  72  6f  6f  74  00  72  6f
00074b0    6f  74  00  72  6f  6f  74  00  72  6f  6f  74  00  72  6f  6f
00074c0    74  00  72  6f  6f  74  00  72  6f  6f  74  00  72  6f  6f  74
00074d0    00  72  6f  6f  74  00  72  6f  6f  74  00  72  6f  6f  74  00
00074e0    72  6f  6f  74  00  72  6f  6f  74  00  72  6f  6f  74  00  72
00074f0    6f  6f  74  00  72  6f  6f  74  00  72  6f  6f  74  00  72  6f
0007500    6f  74  00  72  6f  6f  74  00  72  6f  6f  74  00  72  6f  6f
0007510    74  00  72  6f  6f  74  00  72  6f  6f  74  00  72  6f  6f  74
0007520    00  72  6f  6f  74  00  72  6f  6f  74  00  72  6f  6f  74  00
0007530    72  6f  6f  74  00  72  6f  6f  74  00  72  6f  6f  74  00  72
0007540    6f  6f  74  00  72  6f  6f  74  00  72  6f  6f  74  00  72  6f
0007550    6f  74  00  72  6f  6f  74  00  72  6f  6f  74  00  72  6f  6f
0007560    74  00  72  6f  6f  74  00  72  6f  6f  74  00  72  6f  6f  74
0007570    00  72  6f  6f  74  00  72  6f  6f  74  00  72  6f  6f  74  00
0007580    72  6f  6f  74  00  72  6f  6f  74  00  72  6f  6f  74  00  72
0007590    6f  6f  74  00  72  6f  6f  74  00  72  6f  6f  74  00  72  6f
00075a0    6f  74  00  72  6f  6f  74  00  72  6f  6f  74  00  72  6f  6f
00075b0    74  00  72  6f  6f  74  00  72  6f  6f  74  00  72  6f  6f  74
00075c0    00  72  6f  6f  74  00  72  6f  6f  74  00  72  6f  6f  74  00
00075d0    72  6f  6f  74  00  72  6f  6f  74  00  72  6f  6f  74  00  72
00075e0    6f  6f  74  00  72  6f  6f  74  00  72  6f  6f  74  00  72  6f
00075f0    6f  74  00  72  6f  6f  74  00  72  6f  6f  74  00  72  6f  6f
0007600    74  00  72  6f  6f  74  00  72  6f  6f  74  00  72  6f  6f  74
0007610    00  72  6f  6f  74  00  72  6f  6f  74  00  72  6f  6f  74  00
0007620    72  6f  6f  74  00  72  6f  6f  74  00  72  6f  6f  74  00  72
0007630    6f  6f  74  00  72  6f  6f  74  00  72  6f  6f  74  00  72  6f
0007640    6f  74  00  72  6f  6f  74  00  72  6f  6f  74  00  72  6f  6f
0007650    74  00  72  6f  6f  74  00  72  6f  6f  74  00  72  6f  6f  74
0007660    00  72  6f  6f  74  00  72  6f  6f  74  00  72  6f  6f  74  00
0007670    72  6f  6f  74  00  72  6f  6f  74  00  72  6f  6f  74  00  72
0007680    6f  6f  74  00  72  6f  6f  74  00  72  6f  6f  74  00  72  6f
0007690    6f  74  00  72  6f  6f  74  00  72  6f  6f  74  00  72  6f  6f
00076a0    74  00  72  6f  6f  74  00  72  6f  6f  74  00  72  6f  6f  74
00076b0    00  72  6f  6f  74  00  72  6f  6f  74  00  72  6f  6f  74  00
00076c0    72  6f  6f  74  00  72  6f  6f  74  00  72  6f  6f  74  00  72
00076d0    6f  6f  74  00  72  6f  6f  74  00  72  6f  6f  74  00  72  6f
00076e0    6f  74  00  72  6f  6f  74  00  72  6f  6f  74  00  72  6f  6f
00076f0    74  00  72  6f  6f  74  00  72  6f  6f  74  00  72  6f  6f  74
0007700    00  72  6f  6f  74  00  72  6f  6f  74  00  72  6f  6f  74  00
0007710    72  6f  6f  74  00  72  6f  6f  74  00  72  6f  6f  74  00  72
0007720    6f  6f  74  00  72  6f  6f  74  00  72  6f  6f  74  00  72  6f
0007730    6f  74  00  72  6f  6f  74  00  72  6f  6f  74  00  72  6f  6f
0007740    74  00  72  6f  6f  74  00  72  6f  6f  74  00  72  6f  6f  74
0007750    00  72  6f  6f  74  00  72  6f  6f  74  00  72  6f  6f  74  00
0007760    72  6f  6f  74  00  72  6f  6f  74  00  72  6f  6f  74  00  72
0007770    6f  6f  74  00  72  6f  6f  74  00  72  6f  6f  74  00  72  6f
0007780    6f  74  00  72  6f  6f  74  00  72  6f  6f  74  00  72  6f  6f
0007790    74  00  72  6f  6f  74  00  72  6f  6f  74  00  72  6f  6f  74
00077a0    00  72  6f  6f  74  00  72  6f  6f  74  00  72  6f  6f  74  00
00077b0    72  6f  6f  74  00  72  6f  6f  74  00  72  6f  6f  74  00  72
00077c0    6f  6f  74  00  72  6f  6f  74  00  72  6f  6f  74  00  72  70
00077d0    6d  2d  34  2e  31  39  2e  31  2e  31  2d  33  2e  32  2e  73
00077e0    72  63  2e  72  70  6d  00  00  ff  ff  ff  ff  ff  ff  ff  ff
00077f0    ff  ff  ff  ff  ff  ff  ff  ff  ff  ff  ff  ff  ff  ff  ff  ff
0007800    ff  ff  ff  ff  ff  ff  ff  ff  ff  ff  ff  ff  ff  ff  ff  ff
0007810    ff  ff  ff  ff  ff  ff  ff  ff  ff  ff  ff  ff  ff  ff  ff  ff
0007820    ff  ff  ff  ff  ff  ff  ff  ff  ff  ff  ff  ff  ff  ff  ff  ff
0007830    ff  ff  ff  ff  ff  ff  ff  ff  ff  ff  ff  ff  ff  ff  ff  ff
0007840    ff  ff  ff  ff  ff  ff  ff  ff  ff  ff  ff  ff  ff  ff  ff  ff
0007850    ff  ff  ff  ff  ff  ff  ff  ff  ff  ff  ff  ff  ff  ff  ff  ff
0007860    ff  ff  ff  ff  ff  ff  ff  ff  ff  ff  ff  ff  ff  ff  ff  ff
0007870    ff  ff  ff  ff  ff  ff  ff  ff  ff  ff  ff  ff  ff  ff  ff  ff
0007880    ff  ff  ff  ff  ff  ff  ff  ff  ff  ff  ff  ff  ff  ff  ff  ff
0007890    ff  ff  ff  ff  ff  ff  ff  ff  ff  ff  ff  ff  ff  ff  ff  ff
00078a0    ff  ff  ff  ff  ff  ff  ff  ff  ff  ff  ff  ff  ff  ff  ff  ff
00078b0    ff  ff  ff  ff  ff  ff  ff  ff  ff  ff  ff  ff  ff  ff  ff  ff
00078c0    ff  ff  ff  ff  ff  ff  ff  ff  ff  ff  ff  ff  ff  ff  ff  ff
00078d0    ff  ff  ff  ff  ff  ff  ff  ff  ff  ff  ff  ff  ff  ff  ff  ff
00078e0    ff  ff  ff  ff  ff  ff  ff  ff  ff  ff  ff  ff  ff  ff  ff  ff
00078f0    ff  ff  ff  ff  ff  ff  ff  ff  ff  ff  ff  ff  ff  ff  ff  ff
0007900    ff  ff  ff  ff  ff  ff  ff  ff  ff  ff  ff  ff  ff  ff  ff  ff
0007910    ff  ff  ff  ff  ff  ff  ff  ff  ff  ff  ff  ff  ff  ff  ff  ff
0007920    ff  ff  ff  ff  ff  ff  ff  ff  ff  ff  ff  ff  ff  ff  ff  ff
0007930    ff  ff  ff  ff  ff  ff  ff  ff  ff  ff  ff  ff  ff  ff  ff  ff
0007940    ff  ff  ff  ff  ff  ff  ff  ff  ff  ff  ff  ff  ff  ff  ff  ff
0007950    ff  ff  ff  ff  ff  ff  ff  ff  ff  ff  ff  ff  ff  ff  ff  ff
0007960    ff  ff  ff  ff  ff  ff  ff  ff  ff  ff  ff  ff  ff  ff  ff  ff
0007970    ff  ff  ff  ff  ff  ff  ff  ff  ff  ff  ff  ff  ff  ff  ff  ff
0007980    ff  ff  ff  ff  ff  ff  ff  ff  ff  ff  ff  ff  ff  ff  ff  ff
0007990    ff  ff  ff  ff  ff  ff  ff  ff  ff  ff  ff  ff  ff  ff  ff  ff
00079a0    ff  ff  ff  ff  ff  ff  ff  ff  ff  ff  ff  ff  ff  ff  ff  ff
00079b0    ff  ff  ff  ff  ff  ff  ff  ff  ff  ff  ff  ff  ff  ff  ff  ff
00079c0    ff  ff  ff  ff  ff  ff  ff  ff  ff  ff  ff  ff  ff  ff  ff  ff
00079d0    ff  ff  ff  ff  ff  ff  ff  ff  ff  ff  ff  ff  ff  ff  ff  ff
00079e0    ff  ff  ff  ff  ff  ff  ff  ff  ff  ff  ff  ff  ff  ff  ff  ff
00079f0    ff  ff  ff  ff  ff  ff  ff  ff  ff  ff  ff  ff  ff  ff  ff  ff
0007a00    ff  ff  ff  ff  ff  ff  ff  ff  ff  ff  ff  ff  ff  ff  ff  ff
0007a10    ff  ff  ff  ff  ff  ff  ff  ff  ff  ff  ff  ff  ff  ff  ff  ff
0007a20    ff  ff  ff  ff  ff  ff  ff  ff  ff  ff  ff  ff  ff  ff  ff  ff
0007a30    ff  ff  ff  ff  ff  ff  ff  ff  ff  ff  ff  ff  ff  ff  ff  ff
0007a40    ff  ff  ff  ff  ff  ff  ff  ff  ff  ff  ff  ff  ff  ff  ff  ff
0007a50    ff  ff  ff  ff  ff  ff  ff  ff  ff  ff  ff  ff  ff  ff  ff  ff
0007a60    ff  ff  ff  ff  ff  ff  ff  ff  ff  ff  ff  ff  ff  ff  ff  ff
0007a70    ff  ff  ff  ff  ff  ff  ff  ff  ff  ff  ff  ff  ff  ff  ff  ff
0007a80    ff  ff  ff  ff  ff  ff  ff  ff  ff  ff  ff  ff  ff  ff  ff  ff
0007a90    ff  ff  ff  ff  ff  ff  ff  ff  ff  ff  ff  ff  ff  ff  ff  ff
0007aa0    ff  ff  ff  ff  ff  ff  ff  ff  ff  ff  ff  ff  ff  ff  ff  ff
0007ab0    ff  ff  ff  ff  ff  ff  ff  ff  ff  ff  ff  ff  ff  ff  ff  ff
0007ac0    ff  ff  ff  ff  ff  ff  ff  ff  ff  ff  ff  ff  ff  ff  ff  ff
0007ad0    ff  ff  ff  ff  ff  ff  ff  ff  ff  ff  ff  ff  ff  ff  ff  ff
0007ae0    ff  ff  ff  ff  ff  ff  ff  ff  ff  ff  ff  ff  ff  ff  ff  ff
0007af0    ff  ff  ff  ff  ff  ff  ff  ff  ff  ff  ff  ff  ff  ff  ff  ff
0007b00    ff  ff  ff  ff  ff  ff  ff  ff  ff  ff  ff  ff  ff  ff  ff  ff
0007b10    ff  ff  ff  ff  ff  ff  ff  ff  ff  ff  ff  ff  ff  ff  ff  ff
0007b20    ff  ff  ff  ff  ff  ff  ff  ff  ff  ff  ff  ff  ff  ff  ff  ff
0007b30    ff  ff  ff  ff  ff  ff  ff  ff  ff  ff  ff  ff  ff  ff  ff  ff
0007b40    ff  ff  ff  ff  ff  ff  ff  ff  ff  ff  ff  ff  ff  ff  ff  ff
0007b50    ff  ff  ff  ff  ff  ff  ff  ff  ff  ff  ff  ff  ff  ff  ff  ff
0007b60    ff  ff  ff  ff  ff  ff  ff  ff  ff  ff  ff  ff  ff  ff  ff  ff
0007b70    ff  ff  ff  ff  ff  ff  ff  ff  ff  ff  ff  ff  ff  ff  ff  ff
0007b80    ff  ff  ff  ff  ff  ff  ff  ff  ff  ff  ff  ff  ff  ff  ff  ff
0007b90    ff  ff  ff  ff  ff  ff  ff  ff  ff  ff  ff  ff  ff  ff  ff  ff
0007ba0    ff  ff  ff  ff  ff  ff  ff  ff  ff  ff  ff  ff  ff  ff  ff  ff
0007bb0    ff  ff  ff  ff  ff  ff  ff  ff  ff  ff  ff  ff  ff  ff  ff  ff
0007bc0    ff  ff  ff  ff  ff  ff  ff  ff  ff  ff  ff  ff  ff  ff  ff  ff
0007bd0    ff  ff  ff  ff  ff  ff  ff  ff  ff  ff  ff  ff  ff  ff  ff  ff
0007be0    ff  ff  ff  ff  ff  ff  ff  ff  ff  ff  ff  ff  ff  ff  ff  ff
0007bf0    ff  ff  ff  ff  ff  ff  ff  ff  ff  ff  ff  ff  ff  ff  ff  ff
0007c00    ff  ff  ff  ff  ff  ff  ff  ff  ff  ff  ff  ff  ff  ff  ff  ff
0007c10    ff  ff  ff  ff  ff  ff  ff  ff  ff  ff  ff  ff  ff  ff  ff  ff
0007c20    ff  ff  ff  ff  ff  ff  ff  ff  ff  ff  ff  ff  ff  ff  ff  ff
0007c30    ff  ff  ff  ff  ff  ff  ff  ff  ff  ff  ff  ff  ff  ff  ff  ff
0007c40    ff  ff  ff  ff  ff  ff  ff  ff  ff  ff  ff  ff  ff  ff  ff  ff
0007c50    ff  ff  ff  ff  ff  ff  ff  ff  ff  ff  ff  ff  ff  ff  ff  ff
0007c60    ff  ff  ff  ff  ff  ff  ff  ff  ff  ff  ff  ff  ff  ff  ff  ff
0007c70    ff  ff  ff  ff  ff  ff  ff  ff  ff  ff  ff  ff  ff  ff  ff  ff
0007c80    ff  ff  ff  ff  ff  ff  ff  ff  ff  ff  ff  ff  ff  ff  ff  ff
0007c90    ff  ff  ff  ff  ff  ff  ff  ff  ff  ff  ff  ff  ff  ff  ff  ff
0007ca0    ff  ff  ff  ff  ff  ff  ff  ff  ff  ff  ff  ff  ff  ff  ff  ff
0007cb0    ff  ff  ff  ff  ff  ff  ff  ff  ff  ff  ff  ff  ff  ff  ff  ff
0007cc0    ff  ff  ff  ff  ff  ff  ff  ff  ff  ff  ff  ff  ff  ff  ff  ff
0007cd0    ff  ff  ff  ff  ff  ff  ff  ff  ff  ff  ff  ff  ff  ff  ff  ff
0007ce0    ff  ff  ff  ff  ff  ff  ff  ff  ff  ff  ff  ff  ff  ff  ff  ff
0007cf0    ff  ff  ff  ff  ff  ff  ff  ff  ff  ff  ff  ff  ff  ff  ff  ff
0007d00    ff  ff  ff  ff  ff  ff  ff  ff  ff  ff  ff  ff  ff  ff  ff  ff
0007d10    ff  ff  ff  ff  ff  ff  ff  ff  ff  ff  ff  ff  ff  ff  ff  ff
0007d20    ff  ff  ff  ff  ff  ff  ff  ff  ff  ff  ff  ff  ff  ff  ff  ff
0007d30    ff  ff  ff  ff  ff  ff  ff  ff  ff  ff  ff  ff  ff  ff  ff  ff
0007d40    ff  ff  ff  ff  ff  ff  ff  ff  ff  ff  ff  ff  ff  ff  ff  ff
0007d50    ff  ff  ff  ff  ff  ff  ff  ff  ff  ff  ff  ff  ff  ff  ff  ff
0007d60    ff  ff  ff  d8  6c  69  62  72  70  6d  2e  73  6f  2e  31  30
0007d70    28  29  28  36  34  62  69  74  29  00  6c  69  62  72  70  6d
0007d80    69  6f  2e  73  6f  2e  31  30  28  29  28  36  34  62  69  74
0007d90    29  00  6c  69  62  72  70  6d  73  69  67  6e  2e  73  6f  2e
0007da0    31  30  28  29  28  36  34  62  69  74  29  00  72  70  6d  00
0007db0    72  70  6d  28  72  69  73  63  76  2d  36  34  29  00  72  70
0007dc0    6d  69  6e  73  74  00  00  00  00  00  01  20  00  00  05  00
0007dd0    00  00  40  00  00  00  04  00  00  00  04  00  00  00  04  00
0007de0    00  00  40  00  00  00  40  00  00  00  40  00  00  00  40  00
0007df0    00  00  40  00  00  00  40  00  00  00  40  00  00  00  40  00
0007e00    00  00  40  00  00  00  40  00  00  00  40  00  00  00  40  00
0007e10    00  00  40  00  00  00  40  00  00  00  40  00  00  00  40  00
0007e20    00  00  40  00  00  00  40  00  00  00  40  00  00  00  40  00
0007e30    00  00  40  00  00  00  40  00  00  00  40  00  00  00  40  00
0007e40    00  00  40  00  00  00  40  00  00  00  40  00  00  00  40  00
0007e50    00  00  40  00  00  00  00  00  01  00  00  0a  01  00  00  0a
0007e60    01  00  00  0a  01  00  00  0a  2f  62  69  6e  2f  73  68  00
0007e70    2f  62  69  6e  2f  73  68  00  2f  62  69  6e  2f  73  68  00
0007e80    2f  75  73  72  2f  62  69  6e  2f  6d  6b  64  69  72  00  2f
0007e90    75  73  72  2f  62  69  6e  2f  74  6f  75  63  68  00  66  69
0007ea0    6c  6c  75  70  00  6c  64  2d  6c  69  6e  75  78  2d  72  69
0007eb0    73  63  76  36  34  2d  6c  70  36  34  64  2e  73  6f  2e  31
0007ec0    28  29  28  36  34  62  69  74  29  00  6c  64  2d  6c  69  6e
0007ed0    75  78  2d  72  69  73  63  76  36  34  2d  6c  70  36  34  64
0007ee0    2e  73  6f  2e  31  28  47  4c  49  42  43  5f  32  2e  32  37
0007ef0    29  28  36  34  62  69  74  29  00  6c  69  62  61  63  6c  2e
0007f00    73  6f  2e  31  28  29  28  36  34  62  69  74  29  00  6c  69
0007f10    62  61  63  6c  2e  73  6f  2e  31  28  41  43  4c  5f  31  2e
0007f20    30  29  28  36  34  62  69  74  29  00  6c  69  62  62  7a  32
0007f30    2e  73  6f  2e  31  28  29  28  36  34  62  69  74  29  00  6c
0007f40    69  62  63  2e  73  6f  2e  36  28  29  28  36  34  62  69  74
0007f50    29  00  6c  69  62  63  2e  73  6f  2e  36  28  47  4c  49  42
0007f60    43  5f  32  2e  32  37  29  28  36  34  62  69  74  29  00  6c
0007f70    69  62  63  2e  73  6f  2e  36  28  47  4c  49  42  43  5f  32
0007f80    2e  32  38  29  28  36  34  62  69  74  29  00  6c  69  62  63
0007f90    2e  73  6f  2e  36  28  47  4c  49  42  43  5f  32  2e  33  32
0007fa0    29  28  36  34  62  69  74  29  00  6c  69  62  63  2e  73  6f
0007fb0    2e  36  28  47  4c  49  42  43  5f  32  2e  33  33  29  28  36
0007fc0    34  62  69  74  29  00  6c  69  62  63  2e  73  6f  2e  36  28
0007fd0    47  4c  49  42  43  5f  32  2e  33  34  29  28  36  34  62  69
0007fe0    74  29  00  6c  69  62  63  2e  73  6f  2e  36  28  47  4c  49
0007ff0    42  43  5f  32  2e  33  38  29  28  36  34  62  69  74  29  00
0008000    6c  69  62  63  61  70  2e  73  6f  2e  32  28  29  28  36  34
0008010    62  69  74  29  00  6c  69  62  67  63  72  79  70  74  2e  73
0008020    6f  2e  32  30  28  29  28  36  34  62  69  74  29  00  6c  69
0008030    62  67  63  72  79  70  74  2e  73  6f  2e  32  30  28  47  43
0008040    52  59  50  54  5f  31  2e  36  29  28  36  34  62  69  74  29
0008050    00  6c  69  62  6c  75  61  35  2e  34  2e  73  6f  2e  35  28
0008060    29  28  36  34  62  69  74  29  00  6c  69  62  6c  7a  6d  61
0008070    2e  73  6f  2e  35  28  29  28  36  34  62  69  74  29  00  6c
0008080    69  62  6c  7a  6d  61  2e  73  6f  2e  35  28  58  5a  5f  35
0008090    2e  30  29  28  36  34  62  69  74  29  00  6c  69  62  6c  7a
00080a0    6d  61  2e  73  6f  2e  35  28  58  5a  5f  35  2e  32  29  28
00080b0    36  34  62  69  74  29  00  6c  69  62  70  6f  70  74  2e  73
00080c0    6f  2e  30  28  29  28  36  34  62  69  74  29  00  6c  69  62
00080d0    70  6f  70  74  2e  73  6f  2e  30  28  4c  49  42  50  4f  50
00080e0    54  5f  30  29  28  36  34  62  69  74  29  00  6c  69  62  72
00080f0    70  6d  2e  73  6f  2e  31  30  28  29  28  36  34  62  69  74
0008100    29  00  6c  69  62  72  70  6d  69  6f  2e  73  6f  2e  31  30
0008110    28  29  28  36  34  62  69  74  29  00  6c  69  62  72  70  6d
0008120    73  69  67  6e  2e  73  6f  2e  31  30  28  29  28  36  34  62
0008130    69  74  29  00  6c  69  62  73  65  6c  69  6e  75  78  2e  73
0008140    6f  2e  31  28  29  28  36  34  62  69  74  29  00  6c  69  62
0008150    73  65  6c  69  6e  75  78  2e  73  6f  2e  31  28  4c  49  42
0008160    53  45  4c  49  4e  55  58  5f  31  2e  30  29  28  36  34  62
0008170    69  74  29  00  6c  69  62  7a  2e  73  6f  2e  31  28  29  28
0008180    36  34  62  69  74  29  00  6c  69  62  7a  2e  73  6f  2e  31
0008190    28  5a  4c  49  42  5f  31  2e  32  2e  33  2e  33  29  28  36
00081a0    34  62  69  74  29  00  6c  69  62  7a  73  74  64  2e  73  6f
00081b0    2e  31  28  29  28  36  34  62  69  74  29  00  72  70  6d  2d
00081c0    63  6f  6e  66  69  67  2d  53  55  53  45  00  72  70  6d  6c
00081d0    69  62  28  43  6f  6d  70  72  65  73  73  65  64  46  69  6c
00081e0    65  4e  61  6d  65  73  29  00  72  70  6d  6c  69  62  28  46
00081f0    69  6c  65  44  69  67  65  73  74  73  29  00  72  70  6d  6c
0008200    69  62  28  50  61  79  6c  6f  61  64  46  69  6c  65  73  48
0008210    61  76  65  50  72  65  66  69  78  29  00  72  70  6d  6c  69
0008220    62  28  50  61  79  6c  6f  61  64  49  73  42  7a  69  70  32
0008230    29  00  00  00  00  00  00  00  00  00  00  00  00  00  00  00
0008240    00  00  00  00  00  00  00  00  00  00  00  00  00  00  00  00
0008250    00  00  00  00  00  00  33  2e  30  2e  34  2d  31  00  34  2e
0008260    36  2e  30  2d  31  00  34  2e  30  2d  31  00  33  2e  30  2e
0008270    35  2d  31  00  34  2e  31  39  2e  31  2e  31  00  00  00  00
0008280    65  e1  c3  40  65  cd  fc  c0  65  c6  13  c0  65  c3  70  c0
0008290    65  bc  d9  40  65  79  9c  c0  65  3b  a6  40  65  26  8e  40
00082a0    64  d2  2e  40  64  75  e5  40  64  13  04  c0  64  09  ca  40
00082b0    63  aa  de  40  63  97  17  c0  63  91  d1  c0  63  89  e8  c0
00082c0    63  57  cf  c0  63  2d  9f  c0  63  1f  1f  40  63  14  93  40
00082d0    62  d9  3f  c0  62  b9  9b  c0  62  96  03  40  62  61  47  40
00082e0    62  44  46  40  62  2f  2e  40  62  27  45  40  62  16  21  c0
00082f0    61  f9  20  c0  61  f3  da  c0  61  f3  da  c0  61  f2  89  40
0008300    61  c3  13  40  61  68  1b  c0  61  4c  6c  40  60  9b  c3  40
0008310    60  79  7c  40  60  70  41  c0  60  6c  4d  40  60  63  12  c0
0008320    60  33  9c  c0  60  21  27  c0  60  00  32  40  4d  61  72  63
0008330    75  73  20  4d  65  69  73  73  6e  65  72  20  3c  6d  65  69
0008340    73  73  6e  65  72  40  73  75  73  65  2e  63  6f  6d  3e  00
0008350    4a  61  6e  20  5a  65  72  65  62  65  63  6b  69  20  3c  6a
0008360    61  6e  2e  73  75  73  65  40  7a  65  72  65  62  65  63  6b
0008370    69  2e  64  65  3e  00  6d  6c  73  40  73  75  73  65  2e  64
0008380    65  00  6d  6c  73  40  73  75  73  65  2e  64  65  00  42  65
0008390    6e  20  47  72  65  69  6e  65  72  20  3c  63  6f  64  65  40
00083a0    62  6e  61  76  69  67  61  74  6f  72  2e  64  65  3e  00  44
00083b0    69  72  6b  20  4d  c3  bc  6c  6c  65  72  20  3c  64  6d  75
00083c0    65  6c  6c  65  72  40  73  75  73  65  2e  63  6f  6d  3e  00
00083d0    6d  6c  73  40  73  75  73  65  2e  64  65  00  6d  6c  73  40
00083e0    73  75  73  65  2e  64  65  00  44  69  72  6b  20  4d  c3  bc
00083f0    6c  6c  65  72  20  3c  64  6d  75  65  6c  6c  65  72  40  73
0008400    75  73  65  2e  63  6f  6d  3e  00  4a  69  72  69  20  53  72
0008410    61  69  6e  20  3c  6a  73  72  61  69  6e  40  73  75  73  65
0008420    2e  63  6f  6d  3e  00  4d  61  72  74  69  6e  20  4c  69  c5
0008430    a1  6b  61  20  3c  6d  6c  69  73  6b  61  40  73  75  73  65
0008440    2e  63  7a  3e  00  46  61  62  69  61  6e  20  56  6f  67  74
0008450    20  3c  66  76  6f  67  74  40  73  75  73  65  2e  63  6f  6d
0008460    3e  00  4c  75  64  77  69  67  20  4e  75  73  73  65  6c  20
0008470    3c  6c  6e  75  73  73  65  6c  40  73  75  73  65  2e  63  6f
0008480    6d  3e  00  44  69  72  6b  20  4d  c3  bc  6c  6c  65  72  20
0008490    3c  64  6d  75  65  6c  6c  65  72  40  73  75  73  65  2e  63
00084a0    6f  6d  3e  00  44  69  72  6b  20  4d  c3  bc  6c  6c  65  72
00084b0    20  3c  64  6d  75  65  6c  6c  65  72  40  73  75  73  65  2e
00084c0    63  6f  6d  3e  00  6d  6c  73  40  73  75  73  65  2e  64  65
00084d0    00  4a  6f  68  61  6e  6e  65  73  20  53  65  67  69  74  7a
00084e0    20  3c  6a  73  65  67  69  74  7a  40  73  75  73  65  2e  63
00084f0    6f  6d  3e  00  53  74  65  70  68  61  6e  20  4b  75  6c  6f
0008500    77  20  3c  63  6f  6f  6c  6f  40  73  75  73  65  2e  63  6f
0008510    6d  3e  00  44  69  72  6b  20  4d  c3  bc  6c  6c  65  72  20
0008520    3c  64  6d  75  65  6c  6c  65  72  40  73  75  73  65  2e  63
0008530    6f  6d  3e  00  41  6e  64  72  65  61  73  20  53  74  69  65
0008540    67  65  72  20  3c  61  6e  64  72  65  61  73  2e  73  74  69
0008550    65  67  65  72  40  67  6d  78  2e  64  65  3e  00  6d  6c  73
0008560    40  73  75  73  65  2e  64  65  00  4c  75  64  77  69  67  20
0008570    4e  75  73  73  65  6c  20  3c  6c  6e  75  73  73  65  6c  40
0008580    73  75  73  65  2e  64  65  3e  00  44  69  72  6b  20  4d  c3
0008590    bc  6c  6c  65  72  20  3c  64  6d  75  65  6c  6c  65  72  40
00085a0    73  75  73  65  2e  63  6f  6d  3e  00  44  69  72  6b  20  4d
00085b0    c3  bc  6c  6c  65  72  20  3c  64  6d  75  65  6c  6c  65  72
00085c0    40  73  75  73  65  2e  63  6f  6d  3e  00  4d  61  72  74  69
00085d0    6e  20  4c  69  c5  a1  6b  61  20  3c  6d  6c  69  73  6b  61
00085e0    40  73  75  73  65  2e  63  7a  3e  00  44  69  72  6b  20  4d
00085f0    c3  bc  6c  6c  65  72  20  3c  64  6d  75  65  6c  6c  65  72
0008600    40  73  75  73  65  2e  63  6f  6d  3e  00  44  69  72  6b  20
0008610    4d  c3  bc  6c  6c  65  72  20  3c  64  6d  75  65  6c  6c  65
0008620    72  40  73  75  73  65  2e  63  6f  6d  3e  00  44  69  72  6b
0008630    20  4d  c3  bc  6c  6c  65  72  20  3c  64  6d  75  65  6c  6c
0008640    65  72  40  73  75  73  65  2e  63  6f  6d  3e  00  44  69  72
0008650    6b  20  4d  c3  bc  6c  6c  65  72  20  3c  64  6d  75  65  6c
0008660    6c  65  72  40  73  75  73  65  2e  63  6f  6d  3e  00  73  69
0008670    6d  6f  6e  2e  76  6f  67  6c  40  67  6d  78  2e  6e  65  74
0008680    00  44  69  72  6b  20  4d  c3  bc  6c  6c  65  72  20  3c  64
0008690    6d  75  65  6c  6c  65  72  40  73  75  73  65  2e  63  6f  6d
00086a0    3e  00  4c  75  64  77  69  67  20  4e  75  73  73  65  6c  20
00086b0    3c  6c  6e  75  73  73  65  6c  40  73  75  73  65  2e  64  65
00086c0    3e  00  6f  6c  61  66  40  61  65  70  66  6c  65  2e  64  65
00086d0    00  6d  6c  73  40  73  75  73  65  2e  64  65  00  6d  6c  73
00086e0    40  73  75  73  65  2e  64  65  00  41  6e  64  72  65  61  73
00086f0    20  53  63  68  77  61  62  20  3c  73  63  68  77  61  62  40
0008700    73  75  73  65  2e  64  65  3e  00  4d  61  72  74  69  6e  20
0008710    4c  69  c5  a1  6b  61  20  3c  6d  6c  69  73  6b  61  40  73
0008720    75  73  65  2e  63  7a  3e  00  6d  6c  73  40  73  75  73  65
0008730    2e  64  65  00  41  6e  64  72  65  61  73  20  53  63  68  77
0008740    61  62  20  3c  73  63  68  77  61  62  40  73  75  73  65  2e
0008750    64  65  3e  00  6d  6c  73  40  73  75  73  65  2e  64  65  00
0008760    4d  61  72  74  69  6e  20  4c  69  c5  a1  6b  61  20  3c  6d
0008770    6c  69  73  6b  61  40  73  75  73  65  2e  63  7a  3e  00  41
0008780    6e  64  72  65  61  73  20  53  63  68  77  61  62  20  3c  73
0008790    63  68  77  61  62  40  73  75  73  65  2e  64  65  3e  00  4d
00087a0    61  74  65  6a  20  43  65  70  6c  20  3c  6d  63  65  70  6c
00087b0    40  73  75  73  65  2e  63  6f  6d  3e  00  2d  20  61  64  64
00087c0    65  64  20  61  20  6d  69  73  73  69  6e  67  20  25  70  61
00087d0    74  63  68  20  4e  52  20  63  6f  6e  76  65  72  73  69  6f
00087e0    6e  00  2d  20  41  64  64  20  70  61  74  63  68  65  73  20
00087f0    74  6f  20  65  6e  61  62  6c  65  20  72  65  70  72  6f  64
0008800    75  63  69  62  6c  65  20  62  75  69  6c  64  73  20  62  79
0008810    20  64  65  66  61  75  6c  74  20  28  62  73  63  23  31  31
0008820    34  38  38  32  34  29  2e  20  46  6f  72  0a  20  20  75  70
0008830    73  74  72  65  61  6d  20  76  65  72  73  69  6f  6e  73  20
0008840    73  65  65  3a  0a  20  20  68  74  74  70  73  3a  2f  2f  67
0008850    69  74  68  75  62  2e  63  6f  6d  2f  72  70  6d  2d  73  6f
0008860    66  74  77  61  72  65  2d  6d  61  6e  61  67  65  6d  65  6e
0008870    74  2f  72  70  6d  2f  70  75  6c  6c  2f  32  38  38  30  0a
0008880    20  20  30  30  30  31  2d  41  64  64  2d  6f  70  74  69  6f
0008890    6e  2d  74  6f  2d  73  65  74  2d  6d  74  69  6d  65  2d  6f
00088a0    66  2d  66  69  6c  65  73  2d  69  6e  2d  72  70  6d  73  2e
00088b0    70  61  74  63  68  0a  20  20  30  30  30  32  2d  6c  6f  67
00088c0    2d  62  75  69  6c  64  2d  74  69  6d  65  2d  69  66  2d  69
00088d0    74  2d  69  73  2d  73  65  74  2d  66  72  6f  6d  2d  53  4f
00088e0    55  52  43  45  5f  44  41  54  45  5f  45  50  4f  43  48  2e
00088f0    70  61  74  63  68  0a  20  20  30  30  30  33  2d  45  72  72
0008900    6f  72  2d  6f  75  74  2d  6f  6e  2d  61  2d  6d  69  73  73
0008910    69  6e  67  2d  63  68  61  6e  67  65  6c  6f  67  2d  64  61
0008920    74  65  2e  70  61  74  63  68  00  2d  20  75  70  64  61  74
0008930    65  20  74  6f  20  72  70  6d  2d  34  2e  31  39  2e  31  2e
0008940    31  0a  20  20  2a  20  64  6f  6e  27  74  20  77  61  72  6e
0008950    20  61  62  6f  75  74  20  6d  69  73  73  69  6e  67  20  75
0008960    73  65  72  2f  67  72  6f  75  70  20  6f  6e  20  73  6b  69
0008970    70  70  65  64  20  66  69  6c  65  73  0a  20  20  2a  20  6d
0008980    61  6b  65  20  75  73  65  72  2f  67  72  6f  75  70  20  6c
0008990    6f  6f  6b  75  70  20  63  61  63  68  69  6e  67  20  74  68
00089a0    72  65  61  64  2d  73  61  66  65  0a  20  20  2a  20  66  69
00089b0    78  20  72  65  67  72  65  73  73  69  6f  6e  20  69  6e  20
00089c0    4c  75  61  20  73  63  72  69  70  74  6c  65  74  20  72  75
00089d0    6e  61  77  61  79  20  63  68  69  6c  64  20  64  65  74  65
00089e0    63  74  69  6f  6e  0a  20  20  2a  20  72  65  73  74  6f  72
00089f0    65  20  72  65  61  64  6c  69  6e  65  20  73  75  70  70  6f
0008a00    72  74  20  61  73  20  61  6e  20  65  78  70  6c  69  63  69
0008a10    74  20  6f  70  74  69  6f  6e  0a  2d  20  72  65  66  72  65
0008a20    73  68  65  64  20  70  61  74  63  68  65  73  3a  0a  20  20
0008a30    2a  20  72  70  6d  71  70  61  63  6b  2e  64  69  66  66  0a
0008a40    2d  20  66  69  78  20  5f  68  6f  73  74  5f  63  70  75  20
0008a50    62  65  69  6e  67  20  77  72  6f  6e  67  20  6f  6e  20  61
0008a60    72  6d  20  61  6e  64  20  70  70  63  00  2d  20  66  69  78
0008a70    20  25  5f  68  6f  73  74  20  6e  6f  74  20  63  6f  6e  74
0008a80    61  69  6e  69  6e  67  20  74  68  65  20  61  62  69  20  73
0008a90    75  66  66  69  78  20  6f  6e  20  61  72  6d  20  5b  62  6e
0008aa0    63  23  31  32  31  39  36  32  37  5d  0a  20  20  75  70  64
0008ab0    61  74  65  64  20  70  61  74  63  68  3a  20  63  61  6e  6f
0008ac0    6e  67  6e  75  2e  64  69  66  66  00  2d  20  4e  65  65  64
0008ad0    20  74  6f  20  6d  65  6e  74  69  6f  6e  20  74  68  65  20
0008ae0    63  68  61  6e  67  65  64  20  70  61  74  63  68  65  73  20
0008af0    66  6f  72  20  74  68  65  20  70  79  74  68  6f  6e  2d  73
0008b00    65  74  75  70  74  6f  6f  6c  73  20  74  6f  0a  20  20  63
0008b10    6d  61  6b  65  20  6d  69  67  72  61  74  69  6f  6e  3a  0a
0008b20    20  20  2a  20  44  72  6f  70  20  70  79  74  68  6f  6e  5f
0008b30    73  65  74  75  70  2e  64  69  66  66  0a  20  20  2a  20  41
0008b40    64  64  20  63  6d  61  6b  65  5f  70  79  74  68  6f  6e  5f
0008b50    76  65  72  73  69  6f  6e  2e  64  69  66  66  00  2d  20  66
0008b60    69  78  20  53  6f  75  72  63  65  20  75  72  6c  20  74  6f
0008b70    20  6d  61  74  63  68  20  77  68  61  74  20  69  73  20  6c
0008b80    69  73  74  65  64  20  6f  6e  20  68  74  74  70  73  3a  2f
0008b90    2f  72  70  6d  2e  6f  72  67  2f  64  6f  77  6e  6c  6f  61
0008ba0    64  2e  68  74  6d  6c  00  2d  20  64  69  73  61  62  6c  65
0008bb0    20  73  79  73  75  73  65  72  73  20  68  61  6e  64  6c  69
0008bc0    6e  67  20  66  6f  72  20  6e  6f  77  00  2d  20  75  70  64
0008bd0    61  74  65  20  74  6f  20  72  70  6d  2d  34  2e  31  39  2e
0008be0    31  0a  20  20  2a  20  6e  65  77  20  73  70  65  63  20  73
0008bf0    6e  69  70  70  65  74  20  73  75  70  70  6f  72  74  20  66
0008c00    6f  72  20  64  79  6e  61  6d  69  63  20  73  70  65  63  20
0008c10    67  65  6e  65  72  61  74  69  6f  6e  0a  20  20  2a  20  6e
0008c20    65  77  20  73  79  73  75  73  65  72  73  2e  64  20  69  6e
0008c30    74  65  67  72  61  74  69  6f  6e  20  66  6f  72  20  61  75
0008c40    74  6f  6d  61  74  65  64  20  75  73  65  72  20  61  6e  64
0008c50    20  67  72  6f  75  70  20  68  61  6e  64  6c  69  6e  67  0a
0008c60    20  20  2a  20  6e  65  77  20  43  4d  61  6b  65  20  62  75
0008c70    69  6c  64  20  73  79  73  74  65  6d  0a  20  20  2a  20  72
0008c80    65  6d  6f  76  61  6c  20  6f  66  20  76  61  72  69  6f  75
0008c90    73  20  64  65  70  72  65  63  61  74  65  64  20  61  6e  64
0008ca0    2f  6f  72  20  75  6e  75  73  65  64  20  41  50  49  73  0a
0008cb0    20  20  2a  20  76  61  72  69  6f  75  73  20  69  6e  74  65
0008cc0    72  6e  61  6c  20  63  6f  64  65  20  63  6c  65  61  6e  75
0008cd0    70  73  0a  2d  20  72  65  66  72  65  73  68  65  64  20  70
0008ce0    61  74  63  68  65  73  3a  0a  20  20  2a  20  62  72  70  2d
0008cf0    63  6f  6d  70  72  65  73  73  2d  6e  6f  2d  69  6d  67  2e
0008d00    70  61  74  63  68  0a  20  20  2a  20  62  72  70  2e  64  69
0008d10    66  66  0a  20  20  2a  20  62  72  70  63  6f  6d  70  72  65
0008d20    73  73  2e  64  69  66  66  0a  20  20  2a  20  62  75  69  6c
0008d30    64  2e  64  69  66  66  0a  20  20  2a  20  65  6e  61  62  6c
0008d40    65  2d  70  6f  73  74  69  6e  2d  73  63  72  69  70  74  73
0008d50    2d  65  72  72  6f  72  2e  64  69  66  66  0a  20  20  2a  20
0008d60    66  69  6c  65  61  74  74  72  73  2e  64  69  66  66  0a  20
0008d70    20  2a  20  66  69  6e  64  6c  61  6e  67  2e  64  69  66  66
0008d80    0a  20  20  2a  20  66  69  6e  64  73  75  70  70  6c  65  6d
0008d90    65  6e  74  73  2e  64  69  66  66  0a  20  20  2a  20  6c  61
0008da0    6e  67  6e  6f  63  2e  64  69  66  66  0a  20  20  2a  20  6d
0008db0    61  63  72  6f  73  69  6e  2e  64  69  66  66  0a  20  20  2a
0008dc0    20  70  6c  61  74  66  6f  72  6d  69  6e  2e  64  69  66  66
0008dd0    0a  20  20  2a  20  70  6f  73  74  74  72  61  6e  73  2e  64
0008de0    69  66  66  0a  20  20  2a  20  72  65  66  72  65  73  68  74
0008df0    65  73  74  61  72  63  68  2e  64  69  66  66  0a  20  20  2a
0008e00    20  72  70  6d  2d  66  69  6e  64  6c  61  6e  67  2d  69  6e
0008e10    6a  65  63  74  2d  6d  65  74  61  69  6e  66  6f  2e  70  61
0008e20    74  63  68  0a  20  20  2a  20  72  70  6d  71  70  61  63  6b
0008e30    2e  64  69  66  66  0a  20  20  2a  20  72  70  6d  72  63  2e
0008e40    64  69  66  66  0a  20  20  2a  20  73  65  6c  69  6e  75  78
0008e50    5f  74  72  61  6e  73  61  63  74  69  6f  6e  61  6c  5f  75
0008e60    70  64  61  74  65  2e  70  61  74  63  68  0a  20  20  2a  20
0008e70    6c  6f  63  61  6c  65  74  61  67  2e  64  69  66  66  0a  20
0008e80    20  2a  20  77  65  61  6b  64  65  70  73  63  6f  6d  70  61
0008e90    74  2e  64  69  66  66  0a  20  20  2a  20  7a  73  74  64  70
0008ea0    6f  6f  6c  2e  64  69  66  66  0a  2d  20  64  65  6c  65  74
0008eb0    65  64  20  70  61  74  63  68  65  73  3a  0a  20  20  2a  20
0008ec0    63  70  75  69  64  5f  6c  7a  63  6e  74  2e  70  61  74  63
0008ed0    68  0a  20  20  2a  20  6c  69  62  6d  61  67  69  63  2d  65
0008ee0    78  63  65  70  74  69  6f  6e  73  2e  70  61  74  63  68  0a
0008ef0    20  20  2a  20  72  65  6d  6f  76  65  2d  61  77  6b  2d  64
0008f00    65  70  65  6e  64  65  6e  63  79  2e  70  61  74  63  68  0a
0008f10    20  20  2a  20  77  68  61  74  72  65  71  75  69  72  65  73
0008f20    2d  64  6f  63  2e  64  69  66  66  0a  20  20  2a  20  78  38
0008f30    36  5f  36  34  2d  6d  69  63  72  6f  61  72  63  68  69  74
0008f40    65  63  74  75  72  65  73  2e  70  61  74  63  68  0a  2d  20
0008f50    6e  65  77  20  70  61  74  63  68  65  73  3a  0a  20  20  2a
0008f60    20  70  79  74  68  6f  6e  5f  73  65  74  75  70  2e  64  69
0008f70    66  66  0a  20  20  2a  20  72  70  6d  73  6f  72  74  5f  72
0008f80    65  76  65  72  73  65  2e  64  69  66  66  0a  20  20  2a  20
0008f90    63  61  6e  6f  6e  67  6e  75  2e  64  69  66  66  0a  2d  20
0008fa0    6e  65  77  20  66  69  6c  65  3a  0a  20  20  2a  20  62  75
0008fb0    69  6c  64  2d  61  75  78  2e  74  61  72  2e  62  7a  32  20
0008fc0    28  74  61  6b  65  6e  20  66  72  6f  6d  20  72  70  6d  2d
0008fd0    34  2e  31  38  29  0a  2d  20  66  69  78  20  2d  2d  72  75
0008fe0    6e  70  6f  73  74  74  72  61  6e  73  20  6e  6f  74  20  77
0008ff0    6f  72  6b  69  6e  67  20  63  6f  72  72  65  63  74  6c  79
0009000    20  77  69  74  68  20  74  68  65  20  2d  2d  72  6f  6f  74
0009010    0a  20  20  6f  70  74  69  6f  6e  20  5b  62  6e  63  23  31
0009020    32  31  36  30  39  31  5d  00  2d  20  61  64  64  20  72  65
0009030    6d  6f  76  65  2d  61  77  6b  2d  64  65  70  65  6e  64  65
0009040    6e  63  79  2e  70  61  74  63  68  20  74  6f  20  62  65  20
0009050    61  62  6c  65  20  74  6f  20  64  72  6f  70  20  61  77  6b
0009060    20  64  65  70  65  6e  64  65  6e  63  79  0a  20  20  66  72
0009070    6f  6d  20  63  6f  6e  74  61  69  6e  65  72  73  00  2d  20
0009080    61  64  64  20  5f  6d  75  6c  74  69  62  75  69  6c  64  20
0009090    66  6f  72  20  6d  75  6c  74  69  70  6c  65  20  2e  73  70
00090a0    65  63  2d  66  69  6c  65  73  00  2d  20  41  64  64  20  75
00090b0    70  73  74  72  65  61  6d  20  70  61  74  63  68  20  6c  69
00090c0    62  6d  61  67  69  63  2d  65  78  63  65  70  74  69  6f  6e
00090d0    73  2e  70  61  74  63  68  20  74  68  61  74  20  73  70  65
00090e0    65  64  73  20  75  70  20  6c  69  62  72  65  6f  66  66  69
00090f0    63  65  0a  20  20  70  61  63  6b  61  67  65  20  62  75  69
0009100    6c  64  2e  00  2d  20  61  64  64  20  63  70  75  69  64  5f
0009110    6c  7a  63  6e  74  2e  70  61  74  63  68  00  2d  20  52  65
0009120    70  6c  61  63  65  20  74  72  61  6e  73  69  74  69  6f  6e
0009130    61  6c  20  25  75  73  72  6d  65  72  67  65  64  20  6d  61
0009140    63  72  6f  20  77  69  74  68  20  72  65  67  75  6c  61  72
0009150    20  76  65  72  73  69  6f  6e  20  63  68  65  63  6b  20  28
0009160    62  6f  6f  23  31  32  30  36  37  39  38  29  00  2d  20  73
0009170    77  69  74  63  68  20  74  6f  20  70  6b  67  63  6f  6e  66
0009180    69  67  28  7a  6c  69  62  29  20  73  6f  20  74  68  61  74
0009190    20  61  6c  74  65  72  6e  61  74  69  76  65  20  70  72  6f
00091a0    76  69  64  65  72  73  20  63  61  6e  20  62  65  0a  20  20
00091b0    75  73  65  64  00  2d  20  61  64  64  20  78  38  36  5f  36
00091c0    34  2d  6d  69  63  72  6f  61  72  63  68  69  74  65  63  74
00091d0    75  72  65  73  2e  70  61  74  63  68  00  2d  20  75  70  64
00091e0    61  74  65  20  74  6f  20  72  70  6d  2d  34  2e  31  38  2e
00091f0    30  0a  20  20  2a  20  64  6f  63  75  6d  65  6e  74  61  74
0009200    69  6f  6e  20  75  70  64  61  74  65  73  0a  20  20  2a  20
0009210    66  69  78  20  71  75  65  72  79  20  61  72  67  75  6d  65
0009220    6e  74  73  20  63  6f  6e  74  61  69  6e  69  6e  67  20  5e
0009230    20  6e  6f  74  20  77  6f  72  6b  69  6e  67  0a  20  20  2a
0009240    20  61  64  64  20  64  6f  77  6e  67  72  61  64  65  20  28
0009250    2d  2d  6f  6c  64  70  61  63  6b  61  67  65  29  20  73  75
0009260    70  70  6f  72  74  20  74  6f  20  2d  2d  66  72  65  73  68
0009270    65  0a  20  20  2a  20  61  64  64  20  2d  2d  70  61  74  68
0009280    20  71  75  65  72  79  20  66  6f  72  20  73  75  70  70  6f
0009290    72  74  20  66  6f  72  20  73  74  61  74  65  6c  65  73  73
00092a0    20  66  69  6c  65  20  69  6e  66  6f  72  6d  61  74  69  6f
00092b0    6e  0a  20  20  2a  20  61  64  64  20  2d  2d  73  68  65  6c
00092c0    6c  20  6f  70  74  69  6f  6e  20  66  6f  72  20  69  6e  74
00092d0    65  72  61  63  74  69  76  65  20  6d  61  63  72  6f  20  73
00092e0    68  65  6c  6c  20  74  6f  20  72  70  6d  73  70  65  63  0a
00092f0    20  20  2a  20  61  64  64  20  2d  2d  6a  75  73  74  64  62
0009300    20  63  6f  75  6e  74  65  72  70  61  72  74  20  2d  2d  6e
0009310    6f  64  62  20  6f  70  74  69  6f  6e  20  61  6e  64  20  6d
0009320    61  74  63  68  69  6e  67  20  41  50  49  20  66  6c  61  67
0009330    0a  20  20  2a  20  66  69  78  20  69  6e  74  65  72  6d  65
0009340    64  69  61  74  65  20  73  79  6d  6c  69  6e  6b  73  20  6e
0009350    6f  74  20  76  65  72  69  66  69  65  64  20  28  43  56  45
0009360    2d  32  30  32  31  2d  33  35  39  33  39  29  0a  20  20  2a
0009370    20  66  69  78  20  75  6e  6f  77  6e  65  64  20  64  69  72
0009380    65  63  74  6f  72  69  65  73  20  63  72  65  61  74  65  64
0009390    20  75  6e  73  61  66  65  6c  79  20  28  62  73  63  23  31
00093a0    31  35  37  38  38  30  29  0a  20  20  20  20  28  43  56  45
00093b0    2d  32  30  32  31  2d  33  35  39  33  38  29  0a  20  20  2a
00093c0    20  66  69  78  20  25  70  6f  73  74  74  72  61  6e  73  20
00093d0    61  72  67  75  6d  65  6e  74  20  6f  6e  20  75  70  67  72
00093e0    61  64  65  0a  20  20  2a  20  66  69  78  20  70  61  63  6b
00093f0    61  67  65  20  62  75  69  6c  64  20  74  72  65  65  20  6e
0009400    6f  74  20  67  65  74  74  69  6e  67  20  72  65  6d  6f  76
0009410    65  64  20  6f  6e  20  73  75  63  63  65  73  73  66  75  6c
0009420    20  62  75  69  6c  64  0a  20  20  2a  20  61  64  64  20  6e
0009430    65  77  20  25  63  6f  6e  66  20  73  70  65  63  20  73  65
0009440    63  74  69  6f  6e  20  66  6f  72  20  62  75  69  6c  64  20
0009450    63  6f  6e  66  69  67  75  72  61  74  69  6f  6e  0a  20  20
0009460    2a  20  61  64  64  20  25  62  63  6f  6e  64  20  6d  61  63
0009470    72  6f  20  61  73  20  61  20  6e  69  63  65  72  20  77  61
0009480    79  20  6f  66  20  64  65  66  69  6e  69  6e  67  20  62  75
0009490    69  6c  64  20  63  6f  6e  64  69  74  69  6f  6e  61  6c  73
00094a0    0a  20  20  2a  20  61  64  64  20  6e  65  77  20  72  70  6d
00094b0    75  6e  63  6f  6d  70  72  65  73  73  20  63  6c  69  20  74
00094c0    6f  6f  6c  0a  20  20  2a  20  64  65  70  72  65  63  61  74
00094d0    65  20  69  6d  70  6c  69  63  69  74  20  22  25  70  61  74
00094e0    63  68  20  6e  75  6d  62  65  72  20  7a  65  72  6f  22  20
00094f0    73  79  6e  74  61  78  0a  2d  20  72  65  66  72  65  73  68
0009500    65  64  20  70  61  74  63  68  65  73  3a  0a  20  20  2a  20
0009510    62  72  70  2d  63  6f  6d  70  72  65  73  73  2d  6e  6f  2d
0009520    69  6d  67  2e  70  61  74  63  68  0a  20  20  2a  20  62  72
0009530    70  2e  64  69  66  66  0a  20  20  2a  20  62  72  70  63  6f
0009540    6d  70  72  65  73  73  2e  64  69  66  66  0a  20  20  2a  20
0009550    64  62  5f  63  6f  6e  76  65  72  73  69  6f  6e  2e  64  69
0009560    66  66  0a  20  20  2a  20  66  69  6e  64  73  75  70  70  6c
0009570    65  6d  65  6e  74  73  2e  64  69  66  66  0a  20  20  2a  20
0009580    68  65  61  64  65  72  61  64  64  64  62  2e  64  69  66  66
0009590    0a  20  20  2a  20  6e  65  78  74  69  74  65  72  61  74  6f
00095a0    72  68  65  61  64  65  72  62  6c  6f  62  2e  64  69  66  66
00095b0    0a  20  20  2a  20  70  6f  73  74  74  72  61  6e  73  2e  64
00095c0    69  66  66  0a  20  20  2a  20  72  70  6d  71  70  61  63  6b
00095d0    2e  64  69  66  66  0a  20  20  2a  20  72  70  6d  72  63  2e
00095e0    64  69  66  66  0a  20  20  2a  20  73  65  6c  69  6e  75  78
00095f0    5f  74  72  61  6e  73  61  63  74  69  6f  6e  61  6c  5f  75
0009600    70  64  61  74  65  2e  70  61  74  63  68  0a  2d  20  72  65
0009610    6d  6f  76  65  64  20  70  61  74  63  68  65  73  3a  0a  20
0009620    20  2a  20  64  62  72  6f  69  6e  74  65  72  72  75  70  74
0009630    61  62  6c  65  2e  64  69  66  66  0a  20  20  2a  20  6c  65
0009640    61  76  65  2d  6d  61  6c  6c  6f  63  2d  63  68  65  63  6b
0009650    2d  73  65  74  2e  64  69  66  66  00  2d  20  41  64  64  20
0009660    73  65  6c  69  6e  75  78  5f  74  72  61  6e  73  61  63  74
0009670    69  6f  6e  61  6c  5f  75  70  64  61  74  65  2e  70  61  74
0009680    63  68  20  74  6f  20  69  67  6e  6f  72  65  20  65  72  72
0009690    6f  72  73  20  77  68  65  6e  20  73  65  74  74  69  6e  67
00096a0    0a  20  20  66  69  6c  65  20  6c  61  62  65  6c  73  20  64
00096b0    75  72  69  6e  67  20  74  72  61  6e  73  61  63  74  69  6f
00096c0    6e  61  6c  20  75  70  64  61  74  65  73  2e  20  54  68  65
00096d0    79  20  77  69  6c  6c  20  62  65  20  73  65  74  20  75  70
00096e0    6f  6e  0a  20  20  72  65  62  6f  6f  74  20  6f  6e  63  65
00096f0    20  74  68  65  20  6e  65  77  20  70  6f  6c  69  63  79  20
0009700    69  73  20  6c  6f  61  64  65  64  20  28  62  73  63  23  31
0009710    32  30  34  36  30  35  29  00  2d  20  55  70  64  61  74  65
0009720    20  74  68  65  20  6d  61  63  72  6f  73  20  66  69  6c  65
0009730    20  74  6f  20  73  69  6d  70  6c  69  66  79  20  74  68  65
0009740    20  64  65  62  75  67  69  6e  66  6f  20  69  6e  73  74  61
0009750    6c  6c  61  74  69  6f  6e  0a  20  20  57  65  20  64  6f  6e
0009760    27  74  20  73  75  70  70  6f  72  74  20  70  61  72  61  6c
0009770    6c  65  6c  20  69  6e  73  74  61  6c  6c  61  74  69  6f  6e
0009780    20  6f  66  20  74  68  65  20  73  61  6d  65  20  64  65  62
0009790    75  67  69  6e  66  6f  20  2d  20  61  6e  64  20  73  6f  0a
00097a0    20  20  64  6f  6e  27  74  20  70  61  74  63  68  20  74  68
00097b0    65  20  62  69  6e  61  72  69  65  73  20  74  6f  20  63  72
00097c0    65  61  74  65  20  75  6e  69  71  75  65  20  62  75  69  6c
00097d0    64  20  69  64  73  20  28  65  61  73  69  6e  67  20  70  72
00097e0    65  73  73  75  72  65  0a  20  20  6f  6e  20  72  65  70  72
00097f0    6f  64  75  63  61  62  6c  65  20  62  75  69  6c  64  73  20
0009800    77  68  65  6e  20  63  6f  6d  70  69  6c  69  6e  67  20  74
0009810    77  69  63  65  29  0a  20  20  50  61  74  63  68  69  6e  67
0009820    20  74  68  69  73  20  69  6e  20  72  70  6d  2d  63  6f  6e
0009830    66  69  67  2d  53  55  53  45  20  69  73  20  74  65  63  68
0009840    6e  69  63  61  6c  6c  79  20  6e  6f  74  20  70  6f  73  73
0009850    69  62  6c  65  20  28  61  73  20  79  6f  75  0a  20  20  63
0009860    61  6e  27  74  20  72  65  6c  69  61  62  6c  65  20  75  6e
0009870    64  65  66  69  6e  65  20  74  68  69  6e  67  73  20  64  65
0009880    66  69  6e  65  64  20  69  6e  20  75  70  73  74  72  65  61
0009890    6d  20  6d  61  63  72  6f  29  2e  20  57  65  20  74  72  69
00098a0    65  64  20  69  6e  0a  20  20  68  74  74  70  73  3a  2f  2f
00098b0    67  69  74  68  75  62  2e  63  6f  6d  2f  6f  70  65  6e  53
00098c0    55  53  45  2f  72  70  6d  2d  63  6f  6e  66  69  67  2d  53
00098d0    55  53  45  2f  70  75  6c  6c  2f  35  39  20  61  6e  64  20
00098e0    2f  36  30  3a  00  2d  20  75  70  64  61  74  65  20  74  6f
00098f0    20  72  70  6d  2d  34  2e  31  37  2e  31  2e  31  0a  20  20
0009900    2a  20  46  69  78  20  75  70  73  74  72  65  61  6d  20  62
0009910    72  61  6e  63  68  20  73  65  74  74  69  6e  67  20  69  6e
0009920    20  22  25  61  75  74  6f  73  65  74  75  70  20  2d  53  20
0009930    67  69  74  22  0a  20  20  2a  20  52  65  76  65  72  74  20
0009940    22  53  74  72  69  70  20  74  68  65  20  74  61  72  67  65
0009950    74  20  74  72  69  70  6c  65  74  20  47  4e  55  20  73  75
0009960    66  66  69  78  20  6d  6f  72  65  20  70  72  65  63  69  73
0009970    65  6c  79  2e  22  00  2d  20  72  65  6d  6f  76  65  2d  74
0009980    72  61  6e  73  6c  61  74  69  6f  6e  73  2e  64  69  66  66
0009990    3a  20  63  6f  6e  76  65  72  74  20  64  65  70  72  65  63
00099a0    61  74  65  64  20  65  67  72  65  70  20  74  6f  20  67  72
00099b0    65  70  20  2d  45  0a  20  20  28  62  6f  6f  23  31  32  30
00099c0    33  30  39  32  29  00  2d  20  75  70  64  61  74  65  20  74
00099d0    6f  20  72  70  6d  2d  34  2e  31  37  2e  31  0a  20  20  2a
00099e0    20  6e  65  77  20  62  63  6f  6e  64  20  6d  61  63  72  6f
00099f0    20  66  6f  72  20  61  20  6e  69  63  65  72  20  77  61  79
0009a00    20  74  6f  20  64  65  66  69  6e  65  20  62  75  69  6c  64
0009a10    20  63  6f  6e  64  69  74  69  6f  6e  61  6c  73  0a  20  20
0009a20    2a  20  6f  70  65  6e  50  47  50  20  70  61  72  73  65  72
0009a30    20  61  6e  64  20  49  4d  41  20  73  65  63  75  72  69  74
0009a40    79  20  66  69  78  65  73  20  28  43  56  45  2d  32  30  32
0009a50    31  2d  33  35  32  31  29  0a  20  20  2a  20  62  75  69  6c
0009a60    64  72  6f  6f  74  20  70  6f  6c  69  63  79  20  66  69  78
0009a70    65  73  0a  2d  20  72  65  66  72  65  73  68  65  64  20  70
0009a80    61  74  63  68  65  73  3a  0a  20  20  2a  20  62  72  70  2e
0009a90    64  69  66  66  0a  2d  20  72  65  6d  6f  76  65  64  20  70
0009aa0    61  74  63  68  65  73  3a  0a  20  20  2a  20  76  65  72  62
0009ab0    6f  73  65  61  72  67  2e  64  69  66  66  0a  20  20  2a  20
0009ac0    6f  63  61  6d  6c  2d  63  6d  78  73  2e  64  69  66  66  0a
0009ad0    20  20  2a  20  30  30  30  31  2d  66  69  78  2d  6d  69  6e
0009ae0    69  6d  69  7a  65  5f  77  72  69  74  65  73  2e  70  61  74
0009af0    63  68  00  2d  20  72  65  6d  6f  76  65  20  6f  62  73  6f
0009b00    6c  65  74  65  20  52  50  4d  2d  48  4f  57  54  4f  20  66
0009b10    72  6f  6d  20  31  39  39  39  20  28  72  65  6d  6f  76  65
0009b20    64  20  52  50  4d  2d  48  4f  57  54  4f  2e  74  61  72  2e
0009b30    62  7a  32  29  0a  2d  20  6d  6f  76  65  20  64  65  62  75
0009b40    67  65  64  69  74  20  74  6f  20  73  65  70  61  72  61  74
0009b50    65  20  70  61  63  6b  61  67  65  0a  20  20  28  52  65  6d
0009b60    6f  76  65  64  20  64  65  62  75  67  69  6e  66  6f  2d  6d
0009b70    6f  6e  6f  2e  70  61  74  63  68  2c  20  64  65  62  75  67
0009b80    6c  69  6e  6b  2e  64  69  66  66  2c  20  64  65  62  75  67
0009b90    73  75  62  70  6b  67  2e  64  69  66  66  2c  0a  20  20  66
0009ba0    69  6e  64  64  65  62  75  67  69  6e  66  6f  2d  61  62  73
0009bb0    6f  6c  75  74  65  2d  6c  69  6e  6b  73  2e  64  69  66  66
0009bc0    2c  20  66  69  6e  64  64  65  62  75  67  69  6e  66  6f  2e
0009bd0    64  69  66  66  2c  0a  20  20  73  69  6e  67  6c  65  66  69
0009be0    6c  65  6d  6f  64  65  2e  64  69  66  66  2c  20  64  65  62
0009bf0    75  67  65  64  69  74  2d  35  2e  30  2e  74  61  72  2e  78
0009c00    7a  29  0a  2d  20  6d  6f  76  65  20  70  79  74  68  6f  6e
0009c10    2d  72  70  6d  2d  70  61  63  6b  61  67  69  6e  67  20  74
0009c20    6f  20  73  65  70  61  72  61  74  65  20  70  61  63  6b  61
0009c30    67  65  0a  20  20  28  52  65  6d  6f  76  65  64  20  70  79
0009c40    74  68  6f  6e  2d  72  70  6d  2d  70  61  63  6b  61  67  69
0009c50    6e  67  2e  64  69  66  66  2c  20  70  79  74  68  6f  6e  2d
0009c60    72  70  6d  2d  70  61  63  6b  61  67  69  6e  67  2e  74  61
0009c70    72  2e  62  7a  32  29  00  2d  20  64  72  6f  70  20  72  65
0009c80    71  75  69  72  65  73  2d  67  65  2d  6d  61  63  72  6f  2e
0009c90    64  69  66  66  3a  20  74  68  69  73  20  69  73  20  61  6c
0009ca0    72  65  61  64  79  20  69  6e  20  72  70  6d  2d  63  6f  6e
0009cb0    66  69  67  2d  53  55  53  45  0a  2d  20  65  6e  61  62  6c
0009cc0    65  2d  70  6f  73  74  69  6e  2d  73  63  72  69  70  74  73
0009cd0    2d  65  72  72  6f  72  2e  64  69  66  66  3a  20  72  65  66
0009ce0    72  65  73  68  00  2d  20  75  70  64  61  74  65  20  72  70
0009cf0    6d  2d  73  68  6f  72  74  65  6e  2d  63  68  61  6e  67  65
0009d00    6c  6f  67  2e  64  69  66  66  3a  20  66  69  78  20  73  68
0009d10    6f  72  74  65  6e  69  6e  67  20  6f  66  20  63  68  61  6e
0009d20    67  65  6c  6f  67  2c  0a  20  20  74  68  65  20  6e  6f  6e
0009d30    2d  70  72  69  6d  61  72  79  20  62  69  6e  61  72  79  20
0009d40    70  61  63  6b  61  67  65  73  20  68  61  64  20  74  68  65
0009d50    20  66  75  6c  6c  20  63  68  61  6e  67  65  6c  6f  67  0a
0009d60    2d  20  75  70  64  61  74  65  20  6d  61  63  72  6f  73  69
0009d70    6e  2e  64  69  66  66  3a  20  72  65  6d  6f  76  65  20  62
0009d80    69  6e  61  72  79  63  68  61  6e  67  65  6c  6f  67  20  63
0009d90    75  74  6f  66  66  20  73  65  74  74  69  6e  67  2c  0a  20
0009da0    20  74  68  69  73  20  63  6f  6d  65  73  20  66  72  6f  6d
0009db0    20  72  70  6d  2d  63  6f  6e  66  69  67  2d  53  55  53  45
0009dc0    20  6e  6f  77  00  2d  20  55  70  64  61  74  65  20  7a  73
0009dd0    74  64  70  6f  6f  6c  2e  64  69  66  66  20  69  6e  20  6f
0009de0    72  64  65  72  20  74  6f  20  66  69  78  20  62  6f  6f  23
0009df0    31  31  39  37  36  34  33  2e  00  2d  20  64  72  6f  70  20
0009e00    72  70  6d  2d  64  65  70  74  72  61  63  6b  69  6e  67  2e
0009e10    70  61  74  63  68  2c  20  74  68  69  73  20  69  73  20  61
0009e20    6c  72  65  61  64  79  20  75  70  73  74  72  65  61  6d  20
0009e30    61  6e  64  0a  20  20  77  65  20  77  65  72  65  20  6a  75
0009e40    73  74  20  61  64  64  69  6e  67  20  69  74  20  74  77  69
0009e50    63  65  00  2d  20  75  73  65  20  66  69  6c  65  70  72  6f
0009e60    76  69  64  65  20  2f  75  73  72  2f  62  69  6e  2f  67  7a
0009e70    69  70  20  66  6f  72  20  22  72  70  6d  2d  62  75  69  6c
0009e80    64  22  20  74  6f  20  6d  61  6b  65  20  61  6c  74  65  72
0009e90    6e  61  74  69  76  65  0a  20  20  70  72  6f  76  69  64  65
0009ea0    72  73  20  70  6f  73  73  69  62  6c  65  00  2d  20  61  64
0009eb0    64  20  6c  65  61  76  65  2d  6d  61  6c  6c  6f  63  2d  63
0009ec0    68  65  63  6b  2d  73  65  74  2e  64  69  66  66  20  74  6f
0009ed0    20  61  63  74  75  61  6c  6c  79  20  75  73  65  20  4d  41
0009ee0    4c  4c  4f  43  5f  43  48  45  43  4b  5f  20  64  75  72  69
0009ef0    6e  67  0a  20  20  62  75  69  6c  64  00  2d  20  69  6e  76
0009f00    6f  6b  65  20  66  69  6e  64  2d  6c  61  6e  67  2e  73  68
0009f10    20  77  69  74  68  20  62  61  73  68  2c  20  69  74  20  69
0009f20    73  20  61  20  62  61  73  68  20  73  63  72  69  70  74  20
0009f30    28  62  73  63  23  31  31  39  35  33  39  31  29  00  2d  20
0009f40    46  69  78  20  6d  69  6e  69  6d  69  7a  65  5f  77  72  69
0009f50    74  65  73  20  6e  6f  74  20  6d  69  6e  69  6d  69  7a  69
0009f60    6e  67  20  77  72  69  74  65  73  20  73  69  6e  63  65  20
0009f70    34  2e  31  35  20  72  65  67  72  65  73  73  69  6f  6e  0a
0009f80    20  20  6e  65  77  20  70  61  74  63  68  3a  20  30  30  30
0009f90    31  2d  66  69  78  2d  6d  69  6e  69  6d  69  7a  65  5f  77
0009fa0    72  69  74  65  73  2e  70  61  74  63  68  00  2d  20  73  77
0009fb0    69  74  63  68  20  74  6f  20  67  6c  69  62  63  2d  6c  6f
0009fc0    63  61  6c  65  2d  62  61  73  65  20  74  6f  20  72  65  64
0009fd0    75  63  65  20  73  79  73  74  65  6d  20  69  6e  73  74  61
0009fe0    6c  6c  61  74  69  6f  6e  20  73  69  7a  65  0a  20  20  62
0009ff0    79  20  7e  32  32  30  4d  42  20  28  62  73  63  23  31  31
000a000    39  35  33  39  30  29  00  2d  20  6d  61  6b  65  20  70  61
000a010    74  63  68  65  73  20  67  69  74  20  71  75  69  6c  74  69
000a020    6d  70  6f  72  74  20  66  72  69  65  6e  64  6c  69  65  72
000a030    00  2d  20  55  70  64  61  74  65  20  4f  43  61  6d  6c  20
000a040    72  65  71  75  69  72  65  73  2f  70  72  6f  76  69  64  65
000a050    73  20  67  65  6e  65  72  61  74  6f  72  73  20  74  6f  20
000a060    69  67  6e  6f  72  65  20  63  6d  78  73  0a  20  20  6e  65
000a070    77  20  70  61  74  63  68  3a  20  6f  63  61  6d  6c  2d  63
000a080    6d  78  73  2e  64  69  66  66  00  2d  20  41  64  64  20  73
000a090    75  70  70  6f  72  74  20  66  6f  72  20  75  73  69  6e  67
000a0a0    20  61  20  74  68  72  65  61  64  20  70  6f  6f  6c  20  66
000a0b0    6f  72  20  74  68  72  65  61  64  65  64  20  7a  73  74  64
000a0c0    20  63  6f  6d  70  72  65  73  73  69  6f  6e  0a  20  20  6e
000a0d0    65  77  20  70  61  74  63  68  3a  20  7a  73  74  64  70  6f
000a0e0    6f  6c  2e  64  69  66  66  0a  2d  20  53  77  69  74  63  68
000a0f0    20  74  6f  20  74  68  72  65  61  64  65  64  20  7a  73  74
000a100    64  20  63  6f  6d  70  72  65  73  73  69  6f  6e  20  77  69
000a110    74  68  20  61  20  70  6f  6f  6c  20  6f  66  20  38  20  74
000a120    68  72  65  61  64  73  0a  20  20  6e  65  77  20  70  61  74
000a130    63  68  3a  20  7a  73  74  64  74  68  72  65  61  64  65  64
000a140    2e  64  69  66  66  00  2d  20  75  70  64  61  74  65  20  74
000a150    6f  20  72  70  6d  2d  34  2e  31  37  2e  30  0a  2d  20  64
000a160    72  6f  70  70  65  64  20  73  75  70  70  6f  72  74  20  66
000a170    6f  72  20  62  65  72  6b  65  6c  65  79  20  64  62  0a  2d
000a180    20  61  72  63  68  69  76  65  20  75  6e  70  61  63  6b  69
000a190    6e  67  20  66  61  69  6c  75  72  65  73  20  6e  6f  20  6c
000a1a0    6f  6e  67  65  72  20  6c  65  61  76  65  20  67  61  72  62
000a1b0    61  67  65  0a  2d  20  75  6e  69  66  69  65  64  20  62  75
000a1c0    69  6c  74  2d  69  6e  20  61  6e  64  20  75  73  65  72  2d
000a1d0    64  65  66  69  6e  65  20  6d  61  63  72  6f  20  73  79  6e
000a1e0    74  61  78  20  61  6e  64  20  63  61  6c  6c  69  6e  67  20
000a1f0    63  6f  6e  76  65  6e  74  69  6f  6e  73  0a  2d  20  70  79
000a200    74  68  6f  6e  20  67  65  6e  65  72  61  74  6f  72  73  20
000a210    61  6e  64  20  64  65  62  75  67  69  6e  66  6f  20  65  78
000a220    74  72  61  63  74  69  6f  6e  20  68  61  73  20  62  65  65
000a230    6e  20  73  70  6c  69  74  20  69  6e  74  6f  20  61  0a  20
000a240    20  73  65  70  61  72  61  74  65  20  75  70  73  74  72  65
000a250    61  6d  20  70  72  6f  6a  65  63  74  0a  2d  20  73  75  70
000a260    70  6f  72  74  20  66  6f  72  20  65  64  32  35  35  31  39
000a270    20  73  69  67  6e  61  74  75  72  65  73  0a  2d  20  65  61
000a280    73  69  65  72  20  72  70  6d  20  6d  61  63  72  6f  20  61
000a290    63  63  65  73  73  20  69  6e  20  6c  75  61  0a  2d  20  6e
000a2a0    65  77  20  70  61  74  63  68  65  73  3a  0a  20  20  2a  20
000a2b0    70  79  74  68  6f  6e  2d  72  70  6d  2d  70  61  63  6b  61
000a2c0    67  69  6e  67  2e  64  69  66  66  0a  20  20  2a  20  73  69
000a2d0    6e  67  6c  65  66  69  6c  65  6d  6f  64  65  2e  64  69  66
000a2e0    66  0a  20  20  2a  20  76  65  72  62  6f  73  65  61  72  67
000a2f0    2e  64  69  66  66  0a  2d  20  6d  6f  64  69  66  69  65  64
000a300    20  70  61  74  63  68  65  73  3a  0a  20  20  2a  20  75  73
000a310    72  2d  6c  69  62  2d  73  79  73  69  6d  61  67  65  2d  72
000a320    70  6d  2e  70  61  74  63  68  0a  20  20  2a  20  6c  6f  63
000a330    61  6c  65  74  61  67  2e  64  69  66  66  0a  20  20  2a  20
000a340    62  72  70  2e  64  69  66  66  0a  20  20  2a  20  66  69  6e
000a350    64  6c  61  6e  67  2e  64  69  66  66  0a  20  20  2a  20  6d
000a360    61  63  72  6f  73  69  6e  2e  64  69  66  66  0a  20  20  2a
000a370    20  72  70  6d  71  70  61  63  6b  2e  64  69  66  66  0a  20
000a380    20  2a  20  62  75  69  6c  64  2e  64  69  66  66  0a  20  20
000a390    2a  20  77  68  61  74  72  65  71  75  69  72  65  73  2d  64
000a3a0    6f  63  2e  64  69  66  66  0a  20  20  2a  20  72  65  6d  6f
000a3b0    76  65  2d  62  72  70  2d  73  74  72  69  70  73  2e  64  69
000a3c0    66  66  0a  20  20  2a  20  66  69  6c  65  61  74  74  72  73
000a3d0    2e  64  69  66  66  0a  20  20  2a  20  6c  61  6e  67  6e  6f
000a3e0    63  2e  64  69  66  66  0a  20  20  2a  20  66  69  6e  64  2d
000a3f0    6c  61  6e  67  2d  71  74  2d  71  6d  2e  70  61  74  63  68
000a400    0a  20  20  2a  20  66  69  6e  64  73  75  70  70  6c  65  6d
000a410    65  6e  74  73  2e  64  69  66  66  0a  20  20  2a  20  66  69
000a420    6e  64  64  65  62  75  67  69  6e  66  6f  2e  64  69  66  66
000a430    0a  20  20  2a  20  66  69  6e  64  64  65  62  75  67  69  6e
000a440    66  6f  2d  61  62  73  6f  6c  75  74  65  2d  6c  69  6e  6b
000a450    73  2e  64  69  66  66  0a  20  20  2a  20  64  65  62  75  67
000a460    73  75  62  70  6b  67  2e  64  69  66  66  0a  20  20  2a  20
000a470    64  65  62  75  67  6c  69  6e  6b  2e  64  69  66  66  0a  20
000a480    20  2a  20  64  65  62  75  67  69  6e  66  6f  2d  6d  6f  6e
000a490    6f  2e  70  61  74  63  68  0a  2d  20  64  72  6f  70  70  65
000a4a0    64  20  70  61  74  63  68  65  73  3a  0a  20  20  2a  20  64
000a4b0    62  2e  64  69  66  66  0a  20  20  2a  20  64  62  66  73  79
000a4c0    6e  63  2e  64  69  66  66  0a  20  20  2a  20  64  62  70  72
000a4d0    69  76  61  74  65  2e  64  69  66  66  0a  20  20  2a  20  64
000a4e0    77  61  72  66  35  2e  64  69  66  66  0a  20  20  2a  20  6e
000a4f0    64  62  67  6c  75  65  2e  64  69  66  66  0a  20  20  2a  20
000a500    70  79  74  68  6f  6e  64  69  73  74  64  65  70  73  2e  64
000a510    69  66  66  0a  20  20  2a  20  73  75  73  70  65  6e  64  6c
000a520    6f  63  6b  2e  64  69  66  66  0a  20  20  2a  20  74  61  67
000a530    67  65  64  66  69  6c  65  69  6e  64  65  78  2e  64  69  66
000a540    66  0a  20  20  2a  20  77  61  69  74  6c  6f  63  6b  2e  64
000a550    69  66  66  0a  20  20  2a  20  61  64  64  2d  64  77  7a  2d
000a560    73  69  6e  67  6c  65  2d  66  69  6c  65  2d  6d  6f  64  65
000a570    2d  6f  70  74  69  6f  6e  2e  70  61  74  63  68  00  2d  20
000a580    61  75  74  6f  2d  63  6f  6e  66  69  67  2d  75  70  64  61
000a590    74  65  2d  61  61  72  63  68  36  34  2d  70  70  63  36  34
000a5a0    6c  65  2e  64  69  66  66  3a  20  54  72  65  61  74  20  6d
000a5b0    69  73  73  69  6e  67  20  74  69  6d  65  73  74  61  6d  70
000a5c0    20  61  73  0a  20  20  69  6e  66  69  6e  69  74  65  6c  79
000a5d0    20  6f  6c  64  2e  00  2d  20  55  73  65  20  2d  2d  64  77
000a5e0    7a  2d  73  69  6e  67  6c  65  2d  66  69  6c  65  2d  6d  6f
000a5f0    64  65  20  66  6f  72  20  70  61  63  6b  61  67  65  73  20
000a600    74  68  61  74  20  75  73  65  0a  20  20  62  61  73  65  6c
000a610    69  62  73  2e  63  6f  6e  66  20  6d  65  63  68  61  6e  69
000a620    73  6d  2e  0a  2d  20  41  64  64  20  61  64  64  2d  64  77
000a630    7a  2d  73  69  6e  67  6c  65  2d  66  69  6c  65  2d  6d  6f
000a640    64  65  2d  6f  70  74  69  6f  6e  2e  70  61  74  63  68  20
000a650    70  61  74  63  68  2e  00  2d  20  63  68  61  6e  67  65  20
000a660    64  75  6d  70  5f  70  6f  73  74  74  72  61  6e  73  20  6d
000a670    65  63  68  61  6e  69  73  6d  20  74  6f  20  69  6d  70  6c
000a680    79  20  2d  2d  6e  6f  70  6f  73  74  74  72  61  6e  73  20
000a690    73  6f  20  74  68  61  74  0a  20  20  6c  69  62  7a  79  70
000a6a0    70  20  63  61  6e  20  62  65  20  63  6f  6d  70  61  74  69
000a6b0    62  6c  65  20  77  69  74  68  20  6f  6c  64  65  72  20  72
000a6c0    70  6d  20  76  65  72  73  69  6f  6e  73  0a  20  20  63  68
000a6d0    61  6e  67  65  64  20  70  61  74  63  68  3a  20  70  6f  73
000a6e0    74  74  72  61  6e  73  2e  64  69  66  66  00  2d  20  61  75
000a6f0    74  6f  2d  63  6f  6e  66  69  67  2d  75  70  64  61  74  65
000a700    2d  61  61  72  63  68  36  34  2d  70  70  63  36  34  6c  65
000a710    2e  64  69  66  66  3a  20  55  73  65  20  74  69  6d  65  73
000a720    74  61  6d  70  20  69  6e  20  66  69  6c  65  20  69  6e  73
000a730    74  65  61  64  0a  20  20  6f  66  20  73  65  61  72  63  68
000a740    69  6e  67  20  66  6f  72  20  61  72  63  68  20  6e  61  6d
000a750    65  2c  20  77  68  69  63  68  20  63  61  6e  6e  6f  74  20
000a760    68  61  6e  64  6c  65  20  61  6c  6c  20  63  61  73  65  73
000a770    00  2d  20  75  70  64  61  74  65  20  74  6f  20  72  70  6d
000a780    2d  34  2e  31  36  2e  31  2e  33  0a  20  20  2a  20  73  65
000a790    63  75  72  69  74  79  20  66  69  78  65  73  20  66  6f  72
000a7a0    20  43  56  45  2d  32  30  32  31  2d  33  34  32  31  2c  20
000a7b0    43  56  45  2d  32  30  32  31  2d  32  30  32  37  31  2c  20
000a7c0    43  56  45  2d  32  30  32  31  2d  32  30  32  36  36  0a  20
000a7d0    20  2a  20  66  69  78  20  62  64  62  5f  72  6f  20  66  61
000a7e0    69  6c  69  6e  67  20  74  6f  20  6f  70  65  6e  20  64  61
000a7f0    74  61  62  61  73  65  20  77  69  74  68  20  6d  69  73  73
000a800    69  6e  67  20  73  65  63  6f  6e  64  61  72  79  20  69  6e
000a810    64  65  78  65  73  0a  20  20  2a  20  64  72  6f  70  70  65
000a820    64  3a  20  66  69  6e  64  64  65  62  75  67  69  6e  66  6f
000a830    2d  63  68  65  63  6b  2d  72  65  73  2d  66  69  6c  65  2e
000a840    70  61  74  63  68  0a  20  20  2a  20  64  72  6f  70  70  65
000a850    64  3a  20  65  6d  70  74  79  5f  64  62  62  61  63  6b  65
000a860    6e  64  2e  64  69  66  66  0a  2d  20  72  65  71  75  69  72
000a870    65  20  74  68  65  20  65  78  61  63  74  20  76  65  72  73
000a880    69  6f  6e  20  6f  66  20  6c  69  62  72  70  6d  62  75  69
000a890    6c  64  20  69  6e  20  74  68  65  20  72  70  6d  2d  62  75
000a8a0    69  6c  64  0a  20  20  70  61  63  6b  61  67  65  20  5b  62
000a8b0    6e  63  23  31  31  38  30  39  36  35  5d  0a  2d  20  72  65
000a8c0    66  6f  72  6d  61  74  20  64  77  61  72  66  35  2e  64  69
000a8d0    66  66  0a  2d  20  61  64  64  20  64  75  6d  70  5f  70  6f
000a8e0    73  74  74  72  61  6e  73  20  61  6e  64  20  2d  2d  72  75
000a8f0    6e  70  6f  73  74  74  72  61  6e  73  20  6f  70  74  69  6f
000a900    6e  73  20  74  6f  20  6d  61  6b  65  20  69  74  20  70  6f
000a910    73  73  69  62  6c  65  0a  20  20  66  6f  72  20  6c  69  62
000a920    7a  79  70  70  20  74  6f  20  69  6d  70  6c  65  6d  65  6e
000a930    74  20  66  69  6c  65  20  74  72  69  67  67  65  72  73  0a
000a940    20  20  6e  65  77  20  70  61  74  63  68  3a  20  70  6f  73
000a950    74  74  72  61  6e  73  2e  64  69  66  66  00  2d  20  52  65
000a960    6d  6f  76  65  20  64  65  62  75  67  65  64  69  74  2e  64
000a970    69  66  66  20  61  6e  64  20  69  6e  63  6c  75  64  65  20
000a980    64  77  61  72  66  35  2e  64  69  66  66  20  69  6e  20  6f
000a990    72  64  65  72  20  74  6f  20  73  75  70  70  6f  72  74  0a
000a9a0    20  20  64  65  62  75  67  20  44  57  41  52  46  20  35  20
000a9b0    74  68  61  74  20  77  69  6c  6c  20  62  65  20  61  64  64
000a9c0    65  64  20  77  69  74  68  20  47  43  43  20  31  31  2e  00
000a9d0    2d  20  55  73  65  20  73  68  69  70  70  65  64  20  63  6f
000a9e0    6e  66  69  67  2e  73  75  62  2f  63  6f  6e  66  69  67  2e
000a9f0    67  75  65  73  73  20  69  6e  73  74  65  61  64  20  6f  66
000aa00    20  73  74  6f  6e  65  2d  61  67  65  64  20  66  72  6f  6d
000aa10    20  6c  69  62  74  6f  6f  6c  0a  2d  20  61  75  74  6f  2d
000aa20    63  6f  6e  66  69  67  2d  75  70  64  61  74  65  2d  61  61
000aa30    72  63  68  36  34  2d  70  70  63  36  34  6c  65  2e  64  69
000aa40    66  66  3a  20  75  70  64  61  74  65  20  67  72  65  70  20
000aa50    72  65  67  65  78  00  2d  20  41  64  64  20  65  78  70  6c
000aa60    69  63  69  74  20  72  65  71  75  69  72  65  6d  65  6e  74
000aa70    20  6f  6e  20  70  79  74  68  6f  6e  2d  72  70  6d  2d  6d
000aa80    61  63  72  6f  73  20  74  6f  20  61  76  6f  69  64  20  77
000aa90    69  64  65  73  70  72  65  61  64  0a  20  20  62  72  65  61
000aaa0    6b  61  67  65  20  62  79  20  70  61  63  6b  61  67  65  20
000aab0    6d  69  73  74  61  6b  65  6e  6c  79  20  69  67  6e  6f  72
000aac0    69  6e  67  20  74  68  65  69  72  20  72  65  71  75  69  72
000aad0    65  6d  65  6e  74  20  6f  66  0a  20  20  70  79  74  68  6f
000aae0    6e  2d  72  70  6d  2d  6d  61  63  72  6f  73  20  28  62  73
000aaf0    63  23  31  31  38  30  31  32  35  29  2e  00  2f  62  69  6e
000ab00    2f  73  68  00  72  65  70  72  6f  64  75  63  69  62  6c  65
000ab10    20  31  37  30  39  32  39  37  37  32  37  00  00  00  00  01
000ab20    00  00  00  01  00  00  00  01  00  00  00  01  00  00  00  01
000ab30    00  00  00  01  00  00  00  01  00  00  00  01  00  00  00  01
000ab40    00  00  00  01  00  00  00  01  00  00  00  01  00  00  00  01
000ab50    00  00  00  01  00  00  00  01  00  00  00  01  00  00  00  01
000ab60    00  00  00  01  00  00  00  01  00  00  00  01  00  00  00  01
000ab70    00  00  00  01  00  00  00  01  00  00  00  01  00  00  00  01
000ab80    00  00  00  01  00  00  00  01  00  00  00  01  00  00  00  01
000ab90    00  00  00  01  00  00  00  01  00  00  00  01  00  00  00  01
000aba0    00  00  00  01  00  00  00  01  00  00  00  01  00  00  00  01
000abb0    00  00  00  01  00  00  00  01  00  00  00  01  00  00  00  01
000abc0    00  00  00  01  00  00  00  01  00  00  00  01  00  00  00  01
000abd0    00  00  00  01  00  00  00  01  00  00  00  01  00  00  00  01
000abe0    00  00  00  01  00  00  00  01  00  00  00  01  00  00  00  01
000abf0    00  00  00  01  00  00  00  01  00  00  00  01  00  00  00  01
000ac00    00  00  00  01  00  00  00  01  00  00  00  01  00  00  00  01
000ac10    00  00  00  01  00  00  00  01  00  00  00  01  00  00  00  01
000ac20    00  00  00  01  00  00  00  01  00  00  00  01  00  00  00  01
000ac30    00  00  00  01  00  00  00  01  00  00  00  01  00  00  00  01
000ac40    00  00  00  01  00  00  00  01  00  00  00  01  00  00  00  01
000ac50    00  00  00  01  00  00  00  01  00  00  00  01  00  00  00  01
000ac60    00  00  00  01  00  00  00  01  00  00  00  01  00  00  00  01
000ac70    00  00  00  01  00  00  00  01  00  00  00  01  00  00  00  01
000ac80    00  00  00  01  00  00  00  01  00  00  00  01  00  00  00  01
000ac90    00  00  00  01  00  00  00  01  00  00  00  01  00  00  00  01
000aca0    00  00  00  01  00  00  00  01  00  00  00  01  00  00  00  01
000acb0    00  00  00  01  00  00  00  01  00  00  00  01  00  00  00  01
000acc0    00  00  00  01  00  00  00  01  00  00  00  01  00  00  00  01
000acd0    00  00  00  01  00  00  00  01  00  00  00  01  00  00  00  01
000ace0    00  00  00  01  00  00  00  01  00  00  00  01  00  00  00  01
000acf0    00  00  00  01  00  00  00  01  00  00  00  01  00  00  00  01
000ad00    00  00  00  01  00  00  00  01  00  00  00  01  00  00  00  01
000ad10    00  00  00  01  00  00  00  01  00  00  00  01  00  00  00  01
000ad20    00  00  00  01  00  00  00  01  00  00  00  01  00  00  00  01
000ad30    00  00  00  01  00  00  00  01  00  00  00  01  00  00  00  01
000ad40    00  00  00  01  00  00  00  01  00  00  00  01  00  00  00  01
000ad50    00  00  00  01  00  00  00  01  00  00  00  01  00  00  00  01
000ad60    00  00  00  01  00  00  00  01  00  00  00  01  00  00  00  01
000ad70    00  00  00  01  00  00  00  01  00  00  00  01  00  00  00  01
000ad80    00  00  00  01  00  00  00  01  00  00  00  01  00  00  00  01
000ad90    00  00  00  01  00  00  00  01  00  00  00  01  00  00  00  01
000ada0    00  00  00  01  00  00  00  01  00  00  00  01  00  00  00  01
000adb0    00  00  00  01  00  00  00  01  00  00  00  01  00  00  00  01
000adc0    00  00  00  01  00  00  00  01  00  00  00  01  00  00  00  01
000add0    00  00  00  01  00  00  00  01  00  00  00  01  00  00  00  01
000ade0    00  00  00  01  00  00  00  01  00  00  00  01  00  00  00  01
000adf0    00  00  00  01  00  00  00  01  00  00  00  01  00  00  00  01
000ae00    00  00  00  01  00  00  00  01  00  00  00  01  00  00  00  01
000ae10    00  00  00  01  00  00  00  01  00  00  00  01  00  00  00  01
000ae20    00  00  00  01  00  00  00  01  00  00  00  01  00  00  00  01
000ae30    00  00  00  01  00  00  00  01  00  00  00  01  00  00  00  01
000ae40    00  00  00  01  00  00  00  01  00  00  00  01  00  00  00  01
000ae50    00  00  00  01  00  00  00  01  00  00  00  01  00  00  00  01
000ae60    00  00  00  01  00  00  00  01  00  00  00  01  00  00  00  01
000ae70    00  00  00  01  00  00  00  01  00  00  00  01  00  00  00  01
000ae80    00  00  00  01  00  00  00  01  00  00  00  01  00  00  00  01
000ae90    00  00  00  01  00  00  00  01  00  00  00  01  00  00  00  01
000aea0    00  00  00  01  00  00  00  01  00  00  00  01  00  00  00  01
000aeb0    00  00  00  01  00  00  00  01  00  00  00  01  00  00  00  01
000aec0    00  00  00  01  00  00  00  01  00  00  00  01  00  00  00  01
000aed0    00  00  00  01  00  00  00  01  00  00  00  01  00  00  00  01
000aee0    00  00  00  01  00  00  00  01  00  00  00  01  00  00  00  01
000aef0    00  00  00  01  00  00  00  01  00  00  00  01  00  00  00  01
000af00    00  00  00  01  00  00  00  01  00  00  00  01  00  00  00  01
000af10    00  00  00  01  00  00  00  01  00  00  00  01  00  00  00  01
000af20    00  00  00  01  00  00  00  01  00  00  00  01  00  00  00  01
000af30    00  00  00  01  00  00  00  01  00  00  00  01  00  00  00  01
000af40    00  00  00  01  00  00  00  01  00  00  00  01  00  00  00  01
000af50    00  00  00  01  00  00  00  01  00  00  00  01  00  00  00  01
000af60    00  00  00  01  00  00  00  01  00  00  00  01  00  00  00  01
000af70    00  00  00  01  00  00  00  01  00  00  00  01  00  00  00  01
000af80    00  00  00  01  00  00  00  01  00  00  00  01  00  00  00  01
000af90    00  00  00  01  00  00  00  01  00  00  00  01  00  00  00  01
000afa0    00  00  00  01  00  00  00  01  00  00  00  01  00  00  00  01
000afb0    00  00  00  01  00  00  00  01  00  00  00  01  00  00  00  01
000afc0    00  00  00  01  00  00  00  01  00  00  00  01  00  00  00  01
000afd0    00  00  00  01  00  00  00  01  00  00  00  01  00  00  00  01
000afe0    00  00  00  01  00  00  00  01  00  00  00  01  00  00  00  01
000aff0    00  00  00  01  00  00  00  01  00  00  00  01  00  00  00  01
000b000    00  00  00  01  00  00  00  01  00  00  00  01  00  00  00  01
000b010    00  00  00  01  00  00  00  01  00  00  00  01  00  00  00  01
000b020    00  00  00  01  00  00  00  01  00  00  00  01  00  00  00  01
000b030    00  00  00  01  00  00  00  01  00  00  00  01  00  00  00  01
000b040    00  00  00  01  00  00  00  01  00  00  00  01  00  00  00  01
000b050    00  00  00  01  00  00  00  01  00  00  00  01  00  00  00  01
000b060    00  00  00  01  00  00  00  01  00  00  00  01  00  00  00  01
000b070    00  00  00  01  00  00  00  01  00  00  00  01  00  00  00  01
000b080    00  00  00  01  00  00  00  01  00  00  00  01  00  00  00  01
000b090    00  00  00  01  00  00  00  00  00  00  00  01  00  00  00  02
000b0a0    00  00  00  03  00  00  00  04  00  00  00  05  00  00  00  06
000b0b0    00  00  00  07  00  00  00  08  00  00  00  09  00  00  00  0a
000b0c0    00  00  00  0b  00  00  00  0c  00  00  00  0d  00  00  00  0e
000b0d0    00  00  00  0f  00  00  00  10  00  00  00  11  00  00  00  12
000b0e0    00  00  00  13  00  00  00  14  00  00  00  15  00  00  00  16
000b0f0    00  00  00  17  00  00  00  18  00  00  00  19  00  00  00  1a
000b100    00  00  00  1b  00  00  00  1c  00  00  00  1d  00  00  00  1e
000b110    00  00  00  1f  00  00  00  20  00  00  00  21  00  00  00  22
000b120    00  00  00  23  00  00  00  24  00  00  00  25  00  00  00  26
000b130    00  00  00  27  00  00  00  28  00  00  00  29  00  00  00  2a
000b140    00  00  00  2b  00  00  00  2c  00  00  00  2d  00  00  00  2e
000b150    00  00  00  2f  00  00  00  30  00  00  00  31  00  00  00  32
000b160    00  00  00  33  00  00  00  34  00  00  00  35  00  00  00  36
000b170    00  00  00  37  00  00  00  38  00  00  00  39  00  00  00  3a
000b180    00  00  00  3b  00  00  00  3c  00  00  00  3d  00  00  00  3e
000b190    00  00  00  3f  00  00  00  40  00  00  00  41  00  00  00  42
000b1a0    00  00  00  43  00  00  00  44  00  00  00  45  00  00  00  46
000b1b0    00  00  00  47  00  00  00  48  00  00  00  49  00  00  00  4a
000b1c0    00  00  00  4b  00  00  00  4c  00  00  00  4d  00  00  00  4e
000b1d0    00  00  00  4f  00  00  00  50  00  00  00  51  00  00  00  52
000b1e0    00  00  00  53  00  00  00  54  00  00  00  55  00  00  00  56
000b1f0    00  00  00  57  00  00  00  58  00  00  00  59  00  00  00  5a
000b200    00  00  00  5b  00  00  00  5c  00  00  00  5d  00  00  00  5e
000b210    00  00  00  5f  00  00  00  60  00  00  00  61  00  00  00  62
000b220    00  00  00  63  00  00  00  64  00  00  00  65  00  00  00  66
000b230    00  00  00  67  00  00  00  68  00  00  00  69  00  00  00  6a
000b240    00  00  00  6b  00  00  00  6c  00  00  00  6d  00  00  00  6e
000b250    00  00  00  6f  00  00  00  70  00  00  00  71  00  00  00  72
000b260    00  00  00  73  00  00  00  74  00  00  00  75  00  00  00  76
000b270    00  00  00  77  00  00  00  78  00  00  00  79  00  00  00  7a
000b280    00  00  00  7b  00  00  00  7c  00  00  00  7d  00  00  00  7e
000b290    00  00  00  7f  00  00  00  80  00  00  00  81  00  00  00  82
000b2a0    00  00  00  83  00  00  00  84  00  00  00  85  00  00  00  86
000b2b0    00  00  00  87  00  00  00  88  00  00  00  89  00  00  00  8a
000b2c0    00  00  00  8b  00  00  00  8c  00  00  00  8d  00  00  00  8e
000b2d0    00  00  00  8f  00  00  00  90  00  00  00  91  00  00  00  92
000b2e0    00  00  00  93  00  00  00  94  00  00  00  95  00  00  00  96
000b2f0    00  00  00  97  00  00  00  98  00  00  00  99  00  00  00  9a
000b300    00  00  00  9b  00  00  00  9c  00  00  00  9d  00  00  00  9e
000b310    00  00  00  9f  00  00  00  a0  00  00  00  a1  00  00  00  a2
000b320    00  00  00  a3  00  00  00  a4  00  00  00  a5  00  00  00  a6
000b330    00  00  00  a7  00  00  00  a8  00  00  00  a9  00  00  00  aa
000b340    00  00  00  ab  00  00  00  ac  00  00  00  ad  00  00  00  ae
000b350    00  00  00  af  00  00  00  b0  00  00  00  b1  00  00  00  b2
000b360    00  00  00  b3  00  00  00  b4  00  00  00  b5  00  00  00  b6
000b370    00  00  05  9d  00  00  05  9e  00  00  05  9f  00  00  05  a0
000b380    00  00  05  a1  00  00  05  a2  00  00  05  a3  00  00  05  a4
000b390    00  00  05  a5  00  00  05  a6  00  00  05  a7  00  00  05  a8
000b3a0    00  00  05  a9  00  00  05  aa  00  00  05  ab  00  00  05  ac
000b3b0    00  00  05  ad  00  00  05  ae  00  00  05  af  00  00  05  b0
000b3c0    00  00  05  b1  00  00  05  b2  00  00  05  b3  00  00  05  b4
000b3d0    00  00  05  b5  00  00  05  b6  00  00  05  b7  00  00  05  b8
000b3e0    00  00  05  b9  00  00  05  ba  00  00  05  bb  00  00  05  bc
000b3f0    00  00  05  bd  00  00  05  be  00  00  05  bf  00  00  05  c0
000b400    00  00  05  c1  00  00  05  c2  00  00  05  c3  00  00  05  c4
000b410    00  00  05  c5  00  00  05  c6  00  00  05  c7  00  00  05  c8
000b420    00  00  05  c9  00  00  05  ca  00  00  05  cb  00  00  05  cc
000b430    00  00  05  cd  00  00  05  ce  00  00  05  cf  00  00  05  d0
000b440    00  00  05  d1  00  00  05  d2  00  00  05  d3  00  00  05  d4
000b450    00  00  05  d5  00  00  05  d6  00  00  05  d7  00  00  05  d8
000b460    00  00  05  d9  00  00  05  da  00  00  05  db  00  00  05  dc
000b470    00  00  05  dd  00  00  05  de  00  00  05  df  00  00  05  e0
000b480    00  00  05  e1  00  00  05  e2  00  00  05  e3  00  00  05  e4
000b490    00  00  05  e5  00  00  05  e6  00  00  05  e7  00  00  05  e8
000b4a0    00  00  05  e9  00  00  05  ea  00  00  05  eb  00  00  05  ec
000b4b0    00  00  05  ed  00  00  05  ee  00  00  05  ef  00  00  05  f0
000b4c0    00  00  05  f1  00  00  05  f2  00  00  05  f3  00  00  05  f4
000b4d0    00  00  05  f5  00  00  05  f6  00  00  05  f7  00  00  05  f8
000b4e0    00  00  05  f9  00  00  05  fa  00  00  05  fb  00  00  05  fc
000b4f0    00  00  05  fd  00  00  05  fe  00  00  05  ff  00  00  06  00
000b500    00  00  06  01  00  00  06  02  00  00  06  03  00  00  06  04
000b510    00  00  06  05  00  00  06  06  00  00  06  07  00  00  06  08
000b520    00  00  06  09  00  00  06  0a  00  00  06  0b  00  00  06  0c
000b530    00  00  06  0d  00  00  06  0e  00  00  06  0f  00  00  06  10
000b540    00  00  06  11  00  00  06  12  00  00  06  13  00  00  06  14
000b550    00  00  06  15  00  00  06  16  00  00  06  17  00  00  06  18
000b560    00  00  06  19  00  00  06  1a  00  00  06  1b  00  00  06  1c
000b570    00  00  06  1d  00  00  06  1e  00  00  06  1f  00  00  06  20
000b580    00  00  06  21  00  00  06  22  00  00  06  23  00  00  06  24
000b590    00  00  06  25  00  00  06  26  00  00  06  27  00  00  06  28
000b5a0    00  00  06  29  00  00  06  2a  00  00  06  2b  00  00  06  2c
000b5b0    00  00  06  2d  00  00  06  2e  00  00  06  2f  00  00  06  30
000b5c0    00  00  06  31  00  00  06  32  00  00  06  33  00  00  06  34
000b5d0    00  00  06  35  00  00  06  36  00  00  06  37  00  00  06  38
000b5e0    00  00  06  39  00  00  06  3a  00  00  06  3b  00  00  06  3c
000b5f0    00  00  06  3d  00  00  06  3e  00  00  06  3f  00  00  06  40
000b600    00  00  06  41  00  00  06  42  00  00  06  43  00  00  06  44
000b610    00  00  06  45  00  00  00  00  00  00  00  00  00  00  00  00
000b620    00  00  00  00  00  00  00  00  00  00  00  00  00  00  00  00
000b630    00  00  00  00  00  00  00  00  00  00  00  00  00  00  00  00
000b640    00  00  00  00  00  00  00  00  00  00  00  00  00  00  00  00
000b650    00  00  00  00  00  00  00  00  00  00  00  00  00  00  00  00
000b660    00  00  00  00  00  00  00  00  00  00  00  00  00  00  00  00
000b670    00  00  00  00  00  00  00  00  00  00  00  00  00  00  00  00
000b680    00  00  00  00  00  00  00  00  00  00  00  00  00  00  00  00
000b690    00  00  00  00  00  00  00  00  00  00  00  00  00  00  00  00
000b6a0    00  00  00  00  00  00  00  00  00  00  00  00  00  00  00  00
000b6b0    00  00  00  00  00  00  00  00  00  00  00  00  00  00  00  00
000b6c0    00  00  00  00  00  00  00  00  00  00  00  00  00  00  00  00
000b6d0    00  00  00  00  00  00  00  00  00  00  00  00  00  00  00  00
000b6e0    00  00  00  00  00  00  00  00  00  00  00  00  00  61  72  00
000b6f0    62  72  00  63  61  00  63  73  00  64  61  00  65  6c  00  65
000b700    6f  00  65  73  00  66  69  00  66  72  00  67  75  00  68  65
000b710    00  69  64  00  69  73  00  69  74  00  6a  61  00  6b  61  00
000b720    6b  6f  00  6d  73  00  6e  62  00  6e  6c  00  70  61  00  70
000b730    6c  00  70  74  00  70  74  00  72  75  00  73  69  00  73  6b
000b740    00  73  6c  00  73  72  00  73  72  40  6c  61  74  69  6e  00
000b750    73  76  00  74  65  00  74  72  00  75  6b  00  76  69  00  7a
000b760    68  00  7a  68  00  00  00  00  00  00  00  00  00  00  00  00
000b770    00  00  00  00  00  00  00  00  00  00  00  00  00  00  00  00
000b780    00  00  00  00  00  00  00  00  00  00  00  00  00  00  00  00
000b790    00  00  00  00  00  00  00  00  00  00  00  00  00  00  00  00
000b7a0    00  00  00  00  00  00  00  00  00  00  00  00  00  00  00  00
000b7b0    00  00  00  00  00  00  00  00  00  00  00  00  00  00  00  00
000b7c0    00  00  00  00  00  00  00  00  00  00  80  00  00  00  80  00
000b7d0    00  00  80  00  00  00  00  08  00  00  00  08  00  00  00  00
000b7e0    00  00  00  34  2e  31  39  2e  31  2e  31  2d  33  2e  32  00
000b7f0    34  2e  31  39  2e  31  2e  31  2d  33  2e  32  00  00  00  00
000b800    00  00  00  00  00  00  00  01  00  00  00  01  00  00  00  01
000b810    00  00  00  01  00  00  00  01  00  00  00  01  00  00  00  01
000b820    00  00  00  01  00  00  00  01  00  00  00  01  00  00  00  01
000b830    00  00  00  01  00  00  00  02  00  00  00  03  00  00  00  03
000b840    00  00  00  03  00  00  00  04  00  00  00  05  00  00  00  04
000b850    00  00  00  06  00  00  00  04  00  00  00  07  00  00  00  04
000b860    00  00  00  08  00  00  00  04  00  00  00  09  00  00  00  04
000b870    00  00  00  0a  00  00  00  04  00  00  00  0b  00  00  00  04
000b880    00  00  00  0c  00  00  00  04  00  00  00  0d  00  00  00  04
000b890    00  00  00  0e  00  00  00  04  00  00  00  0f  00  00  00  04
000b8a0    00  00  00  10  00  00  00  04  00  00  00  11  00  00  00  04
000b8b0    00  00  00  12  00  00  00  04  00  00  00  13  00  00  00  04
000b8c0    00  00  00  14  00  00  00  04  00  00  00  15  00  00  00  04
000b8d0    00  00  00  16  00  00  00  04  00  00  00  17  00  00  00  04
000b8e0    00  00  00  18  00  00  00  04  00  00  00  19  00  00  00  04
000b8f0    00  00  00  1a  00  00  00  04  00  00  00  1b  00  00  00  04
000b900    00  00  00  1c  00  00  00  04  00  00  00  1d  00  00  00  04
000b910    00  00  00  1e  00  00  00  04  00  00  00  1f  00  00  00  04
000b920    00  00  00  20  00  00  00  04  00  00  00  21  00  00  00  04
000b930    00  00  00  22  00  00  00  04  00  00  00  23  00  00  00  04
000b940    00  00  00  24  00  00  00  04  00  00  00  25  00  00  00  04
000b950    00  00  00  26  00  00  00  04  00  00  00  27  00  00  00  04
000b960    00  00  00  28  00  00  00  04  00  00  00  29  00  00  00  04
000b970    00  00  00  2a  00  00  00  04  00  00  00  2b  00  00  00  04
000b980    00  00  00  2c  00  00  00  04  00  00  00  2d  00  00  00  04
000b990    00  00  00  2e  00  00  00  04  00  00  00  2f  00  00  00  04
000b9a0    00  00  00  30  00  00  00  04  00  00  00  31  00  00  00  04
000b9b0    00  00  00  32  00  00  00  04  00  00  00  33  00  00  00  04
000b9c0    00  00  00  34  00  00  00  04  00  00  00  35  00  00  00  04
000b9d0    00  00  00  36  00  00  00  04  00  00  00  37  00  00  00  04
000b9e0    00  00  00  38  00  00  00  04  00  00  00  39  00  00  00  04
000b9f0    00  00  00  3a  00  00  00  04  00  00  00  3b  00  00  00  04
000ba00    00  00  00  3c  00  00  00  04  00  00  00  3d  00  00  00  04
000ba10    00  00  00  3e  00  00  00  04  00  00  00  3f  00  00  00  04
000ba20    00  00  00  40  00  00  00  04  00  00  00  41  00  00  00  04
000ba30    00  00  00  42  00  00  00  04  00  00  00  43  00  00  00  04
000ba40    00  00  00  44  00  00  00  04  00  00  00  45  00  00  00  04
000ba50    00  00  00  46  00  00  00  04  00  00  00  47  00  00  00  04
000ba60    00  00  00  48  00  00  00  04  00  00  00  49  00  00  00  04
000ba70    00  00  00  4a  00  00  00  03  00  00  00  03  00  00  00  03
000ba80    00  00  00  03  00  00  00  03  00  00  00  03  00  00  00  03
000ba90    00  00  00  03  00  00  00  03  00  00  00  02  00  00  00  4b
000baa0    00  00  00  4c  00  00  00  4d  00  00  00  4d  00  00  00  4d
000bab0    00  00  00  4d  00  00  00  4d  00  00  00  4d  00  00  00  4d
000bac0    00  00  00  4e  00  00  00  4e  00  00  00  4e  00  00  00  4e
000bad0    00  00  00  4f  00  00  00  50  00  00  00  51  00  00  00  51
000bae0    00  00  00  51  00  00  00  51  00  00  00  51  00  00  00  51
000baf0    00  00  00  51  00  00  00  51  00  00  00  51  00  00  00  51
000bb00    00  00  00  51  00  00  00  51  00  00  00  51  00  00  00  51
000bb10    00  00  00  51  00  00  00  51  00  00  00  51  00  00  00  51
000bb20    00  00  00  51  00  00  00  51  00  00  00  51  00  00  00  51
000bb30    00  00  00  51  00  00  00  51  00  00  00  51  00  00  00  51
000bb40    00  00  00  51  00  00  00  51  00  00  00  51  00  00  00  51
000bb50    00  00  00  51  00  00  00  51  00  00  00  52  00  00  00  53
000bb60    00  00  00  54  00  00  00  55  00  00  00  56  00  00  00  57
000bb70    00  00  00  58  00  00  00  59  00  00  00  5a  00  00  00  5b
000bb80    00  00  00  5c  00  00  00  5d  00  00  00  5e  00  00  00  5f
000bb90    00  00  00  60  00  00  00  61  00  00  00  62  00  00  00  63
000bba0    00  00  00  64  00  00  00  65  00  00  00  66  00  00  00  67
000bbb0    00  00  00  68  00  00  00  69  00  00  00  6a  00  00  00  6b
000bbc0    00  00  00  6c  00  00  00  6d  00  00  00  6e  00  00  00  6f
000bbd0    00  00  00  70  00  00  00  71  00  00  00  72  00  00  00  73
000bbe0    00  00  00  74  00  00  00  75  00  00  00  76  00  00  00  77
000bbf0    00  00  00  78  00  00  00  79  00  00  00  7a  00  00  00  7b
000bc00    00  00  00  7c  00  00  00  7c  00  00  00  7c  00  00  00  7c
000bc10    00  00  00  7c  00  00  00  7c  00  00  00  7c  00  00  00  7c
000bc20    00  00  00  7c  00  00  00  7c  00  00  00  7c  00  00  00  7c
000bc30    00  00  00  7c  00  00  00  7c  00  00  00  7c  00  00  00  7c
000bc40    00  00  00  7c  00  00  00  7c  00  00  00  7d  00  00  00  7d
000bc50    00  00  00  7d  00  00  00  7e  00  00  00  7e  00  00  00  7e
000bc60    00  00  00  7e  00  00  00  7e  00  00  00  7e  00  00  00  7e
000bc70    00  00  00  7e  00  00  00  7e  00  00  00  7e  00  00  00  7e
000bc80    00  00  00  7e  00  00  00  7e  00  00  00  7e  00  00  00  7e
000bc90    00  00  00  7e  00  00  00  7e  00  00  00  7e  00  00  00  7e
000bca0    00  00  00  7e  00  00  00  7e  00  00  00  7e  00  00  00  7e
000bcb0    00  00  00  7e  00  00  00  7e  00  00  00  7e  00  00  00  7e
000bcc0    00  00  00  7e  00  00  00  7e  00  00  00  7e  00  00  00  7e
000bcd0    00  00  00  7e  00  00  00  7e  00  00  00  7e  00  00  00  7e
000bce0    00  00  00  7e  00  00  00  7e  00  00  00  7e  00  00  00  7e
000bcf0    00  00  00  7e  00  00  00  7e  00  00  00  7e  00  00  00  7e
000bd00    00  00  00  7e  00  00  00  7e  00  00  00  7e  00  00  00  7e
000bd10    00  00  00  7e  00  00  00  7e  00  00  00  7e  00  00  00  7e
000bd20    00  00  00  7e  00  00  00  7e  00  00  00  7e  00  00  00  7e
000bd30    00  00  00  7e  00  00  00  7e  00  00  00  7e  00  00  00  7e
000bd40    00  00  00  7e  00  00  00  7e  00  00  00  7e  00  00  00  7e
000bd50    00  00  00  7e  00  00  00  7e  00  00  00  7e  00  00  00  7e
000bd60    00  00  00  7e  00  00  00  7e  00  00  00  7e  00  00  00  7d
000bd70    00  00  00  7d  00  00  00  7d  00  00  00  7f  72  70  6d  00
000bd80    67  65  6e  64  69  66  66  00  72  70  6d  00  72  70  6d  32
000bd90    63  70  69  6f  00  72  70  6d  64  62  00  72  70  6d  67  72
000bda0    61  70  68  00  72  70  6d  6b  65  79  73  00  72  70  6d  6c
000bdb0    75  61  00  72  70  6d  71  70  61  63  6b  00  72  70  6d  71
000bdc0    75  65  72  79  00  72  70  6d  73  69  67  6e  00  72  70  6d
000bdd0    73  6f  72  74  00  72  70  6d  76  65  72  69  66  79  00  72
000bde0    70  6d  00  6d  61  63  72  6f  73  00  6d  61  63  72  6f  73
000bdf0    2e  64  00  70  6c  61  74  66  6f  72  6d  00  61  61  72  63
000be00    68  36  34  2d  6c  69  6e  75  78  00  6d  61  63  72  6f  73
000be10    00  61  6c  70  68  61  2d  6c  69  6e  75  78  00  6d  61  63
000be20    72  6f  73  00  61  6c  70  68  61  65  76  35  2d  6c  69  6e
000be30    75  78  00  6d  61  63  72  6f  73  00  61  6c  70  68  61  65
000be40    76  35  36  2d  6c  69  6e  75  78  00  6d  61  63  72  6f  73
000be50    00  61  6c  70  68  61  65  76  36  2d  6c  69  6e  75  78  00
000be60    6d  61  63  72  6f  73  00  61  6c  70  68  61  65  76  36  37
000be70    2d  6c  69  6e  75  78  00  6d  61  63  72  6f  73  00  61  6c
000be80    70  68  61  70  63  61  35  36  2d  6c  69  6e  75  78  00  6d
000be90    61  63  72  6f  73  00  61  6d  64  36  34  2d  6c  69  6e  75
000bea0    78  00  6d  61  63  72  6f  73  00  61  72  6d  76  33  6c  2d
000beb0    6c  69  6e  75  78  00  6d  61  63  72  6f  73  00  61  72  6d
000bec0    76  34  62  2d  6c  69  6e  75  78  00  6d  61  63  72  6f  73
000bed0    00  61  72  6d  76  34  6c  2d  6c  69  6e  75  78  00  6d  61
000bee0    63  72  6f  73  00  61  72  6d  76  35  74  65  6a  6c  2d  6c
000bef0    69  6e  75  78  00  6d  61  63  72  6f  73  00  61  72  6d  76
000bf00    35  74  65  6c  2d  6c  69  6e  75  78  00  6d  61  63  72  6f
000bf10    73  00  61  72  6d  76  35  74  6c  2d  6c  69  6e  75  78  00
000bf20    6d  61  63  72  6f  73  00  61  72  6d  76  36  68  6c  2d  6c
000bf30    69  6e  75  78  00  6d  61  63  72  6f  73  00  61  72  6d  76
000bf40    36  6c  2d  6c  69  6e  75  78  00  6d  61  63  72  6f  73  00
000bf50    61  72  6d  76  37  68  6c  2d  6c  69  6e  75  78  00  6d  61
000bf60    63  72  6f  73  00  61  72  6d  76  37  68  6e  6c  2d  6c  69
000bf70    6e  75  78  00  6d  61  63  72  6f  73  00  61  72  6d  76  37
000bf80    6c  2d  6c  69  6e  75  78  00  6d  61  63  72  6f  73  00  61
000bf90    72  6d  76  38  68  6c  2d  6c  69  6e  75  78  00  6d  61  63
000bfa0    72  6f  73  00  61  72  6d  76  38  6c  2d  6c  69  6e  75  78
000bfb0    00  6d  61  63  72  6f  73  00  61  74  68  6c  6f  6e  2d  6c
000bfc0    69  6e  75  78  00  6d  61  63  72  6f  73  00  67  65  6f  64
000bfd0    65  2d  6c  69  6e  75  78  00  6d  61  63  72  6f  73  00  69
000bfe0    33  38  36  2d  6c  69  6e  75  78  00  6d  61  63  72  6f  73
000bff0    00  69  34  38  36  2d  6c  69  6e  75  78  00  6d  61  63  72
000c000    6f  73  00  69  35  38  36  2d  6c  69  6e  75  78  00  6d  61
000c010    63  72  6f  73  00  69  36  38  36  2d  6c  69  6e  75  78  00
000c020    6d  61  63  72  6f  73  00  69  61  33  32  65  2d  6c  69  6e
000c030    75  78  00  6d  61  63  72  6f  73  00  69  61  36  34  2d  6c
000c040    69  6e  75  78  00  6d  61  63  72  6f  73  00  6c  6f  6f  6e
000c050    67  61  72  63  68  36  34  2d  6c  69  6e  75  78  00  6d  61
000c060    63  72  6f  73  00  6d  36  38  6b  2d  6c  69  6e  75  78  00
000c070    6d  61  63  72  6f  73  00  6d  69  70  73  2d  6c  69  6e  75
000c080    78  00  6d  61  63  72  6f  73  00  6d  69  70  73  36  34  2d
000c090    6c  69  6e  75  78  00  6d  61  63  72  6f  73  00  6d  69  70
000c0a0    73  36  34  65  6c  2d  6c  69  6e  75  78  00  6d  61  63  72
000c0b0    6f  73  00  6d  69  70  73  36  34  72  36  2d  6c  69  6e  75
000c0c0    78  00  6d  61  63  72  6f  73  00  6d  69  70  73  36  34  72
000c0d0    36  65  6c  2d  6c  69  6e  75  78  00  6d  61  63  72  6f  73
000c0e0    00  6d  69  70  73  65  6c  2d  6c  69  6e  75  78  00  6d  61
000c0f0    63  72  6f  73  00  6d  69  70  73  72  36  2d  6c  69  6e  75
000c100    78  00  6d  61  63  72  6f  73  00  6d  69  70  73  72  36  65
000c110    6c  2d  6c  69  6e  75  78  00  6d  61  63  72  6f  73  00  6e
000c120    6f  61  72  63  68  2d  6c  69  6e  75  78  00  6d  61  63  72
000c130    6f  73  00  70  65  6e  74  69  75  6d  33  2d  6c  69  6e  75
000c140    78  00  6d  61  63  72  6f  73  00  70  65  6e  74  69  75  6d
000c150    34  2d  6c  69  6e  75  78  00  6d  61  63  72  6f  73  00  70
000c160    70  63  2d  6c  69  6e  75  78  00  6d  61  63  72  6f  73  00
000c170    70  70  63  33  32  64  79  34  2d  6c  69  6e  75  78  00  6d
000c180    61  63  72  6f  73  00  70  70  63  36  34  2d  6c  69  6e  75
000c190    78  00  6d  61  63  72  6f  73  00  70  70  63  36  34  69  73
000c1a0    65  72  69  65  73  2d  6c  69  6e  75  78  00  6d  61  63  72
000c1b0    6f  73  00  70  70  63  36  34  6c  65  2d  6c  69  6e  75  78
000c1c0    00  6d  61  63  72  6f  73  00  70  70  63  36  34  70  37  2d
000c1d0    6c  69  6e  75  78  00  6d  61  63  72  6f  73  00  70  70  63
000c1e0    36  34  70  73  65  72  69  65  73  2d  6c  69  6e  75  78  00
000c1f0    6d  61  63  72  6f  73  00  70  70  63  38  32  36  30  2d  6c
000c200    69  6e  75  78  00  6d  61  63  72  6f  73  00  70  70  63  38
000c210    35  36  30  2d  6c  69  6e  75  78  00  6d  61  63  72  6f  73
000c220    00  70  70  63  69  73  65  72  69  65  73  2d  6c  69  6e  75
000c230    78  00  6d  61  63  72  6f  73  00  70  70  63  70  73  65  72
000c240    69  65  73  2d  6c  69  6e  75  78  00  6d  61  63  72  6f  73
000c250    00  72  69  73  63  76  36  34  2d  6c  69  6e  75  78  00  6d
000c260    61  63  72  6f  73  00  73  33  39  30  2d  6c  69  6e  75  78
000c270    00  6d  61  63  72  6f  73  00  73  33  39  30  78  2d  6c  69
000c280    6e  75  78  00  6d  61  63  72  6f  73  00  73  68  2d  6c  69
000c290    6e  75  78  00  6d  61  63  72  6f  73  00  73  68  33  2d  6c
000c2a0    69  6e  75  78  00  6d  61  63  72  6f  73  00  73  68  34  2d
000c2b0    6c  69  6e  75  78  00  6d  61  63  72  6f  73  00  73  68  34
000c2c0    61  2d  6c  69  6e  75  78  00  6d  61  63  72  6f  73  00  73
000c2d0    70  61  72  63  2d  6c  69  6e  75  78  00  6d  61  63  72  6f
000c2e0    73  00  73  70  61  72  63  36  34  2d  6c  69  6e  75  78  00
000c2f0    6d  61  63  72  6f  73  00  73  70  61  72  63  36  34  76  2d
000c300    6c  69  6e  75  78  00  6d  61  63  72  6f  73  00  73  70  61
000c310    72  63  76  38  2d  6c  69  6e  75  78  00  6d  61  63  72  6f
000c320    73  00  73  70  61  72  63  76  39  2d  6c  69  6e  75  78  00
000c330    6d  61  63  72  6f  73  00  73  70  61  72  63  76  39  76  2d
000c340    6c  69  6e  75  78  00  6d  61  63  72  6f  73  00  78  38  36
000c350    5f  36  34  2d  6c  69  6e  75  78  00  6d  61  63  72  6f  73
000c360    00  78  38  36  5f  36  34  5f  76  32  2d  6c  69  6e  75  78
000c370    00  6d  61  63  72  6f  73  00  78  38  36  5f  36  34  5f  76
000c380    33  2d  6c  69  6e  75  78  00  6d  61  63  72  6f  73  00  78
000c390    38  36  5f  36  34  5f  76  34  2d  6c  69  6e  75  78  00  6d
000c3a0    61  63  72  6f  73  00  72  70  6d  2e  73  75  70  70  00  72
000c3b0    70  6d  64  62  5f  64  75  6d  70  00  72  70  6d  64  62  5f
000c3c0    6c  6f  61  64  00  72  70  6d  70  6f  70  74  2d  34  2e  31
000c3d0    39  2e  31  2e  31  00  72  70  6d  72  63  00  72  70  6d  73
000c3e0    6f  72  74  00  72  70  6d  75  6e  63  6f  6d  70  72  65  73
000c3f0    73  00  73  75  73  65  00  74  67  70  67  00  73  79  73  69
000c400    6d  61  67  65  00  72  70  6d  00  72  70  6d  63  6f  6e  66
000c410    69  67  63  68  65  63  6b  2e  73  65  72  76  69  63  65  00
000c420    6c  69  62  72  70  6d  2e  73  6f  2e  31  30  00  6c  69  62
000c430    72  70  6d  2e  73  6f  2e  31  30  2e  30  2e  32  00  6c  69
000c440    62  72  70  6d  69  6f  2e  73  6f  2e  31  30  00  6c  69  62
000c450    72  70  6d  69  6f  2e  73  6f  2e  31  30  2e  30  2e  32  00
000c460    6c  69  62  72  70  6d  73  69  67  6e  2e  73  6f  2e  31  30
000c470    00  6c  69  62  72  70  6d  73  69  67  6e  2e  73  6f  2e  31
000c480    30  2e  30  2e  32  00  72  70  6d  2d  70  6c  75  67  69  6e
000c490    73  00  66  61  70  6f  6c  69  63  79  64  2e  73  6f  00  70
000c4a0    72  69  6f  72  65  73  65  74  2e  73  6f  00  73  65  6c  69
000c4b0    6e  75  78  2e  73  6f  00  73  79  73  6c  6f  67  2e  73  6f
000c4c0    00  72  70  6d  63  6f  6e  66  69  67  63  68  65  63  6b  00
000c4d0    72  70  6d  00  43  4f  4e  54  52  49  42  55  54  49  4e  47
000c4e0    2e  6d  64  00  43  4f  50  59  49  4e  47  00  43  52  45  44
000c4f0    49  54  53  00  49  4e  53  54  41  4c  4c  00  52  45  41  44
000c500    4d  45  00  52  45  41  44  4d  45  2e  6d  64  00  61  72  63
000c510    68  5f  64  65  70  65  6e  64  65  6e  63  69  65  73  2e  6d
000c520    64  00  61  75  74  6f  73  65  74  75  70  2e  6d  64  00  62
000c530    6f  6f  6c  65  61  6e  5f  64  65  70  65  6e  64  65  6e  63
000c540    69  65  73  2e  6d  64  00  62  75  69  6c  64  70  72  6f  63
000c550    65  73  73  2e  6d  64  00  63  6f  6e  64  69  74  69  6f  6e
000c560    61  6c  62  75  69  6c  64  73  2e  6d  64  00  64  65  70  65
000c570    6e  64  65  6e  63  69  65  73  2e  6d  64  00  64  65  70  65
000c580    6e  64  65  6e  63  79  5f  67  65  6e  65  72  61  74  6f  72
000c590    73  2e  6d  64  00  64  65  76  65  6c  5f  64  6f  63  75  6d
000c5a0    65  6e  74  61  74  69  6f  6e  2e  6d  64  00  64  79  6e  61
000c5b0    6d  69  63  5f  73  70  65  63  73  2e  6d  64  00  66  69  6c
000c5c0    65  5f  74  72  69  67  67  65  72  73  2e  6d  64  00  66  6f
000c5d0    72  6d  61  74  2e  6d  64  00  68  72  65  67  69  6f  6e  73
000c5e0    2e  6d  64  00  69  6e  64  65  78  2e  6d  64  00  6c  61  72
000c5f0    67  65  5f  66  69  6c  65  73  2e  6d  64  00  6c  75  61  2e
000c600    6d  64  00  6d  61  63  72  6f  73  2e  6d  64  00  6d  6f  72
000c610    65  5f  64  65  70  65  6e  64  65  6e  63  69  65  73  2e  6d
000c620    64  00  70  6c  75  67  69  6e  73  2e  6d  64  00  71  75  65
000c630    72  79  66  6f  72  6d  61  74  2e  6d  64  00  72  65  6c  6f
000c640    63  61  74  61  62  6c  65  2e  6d  64  00  73  63  72  69  70
000c650    74  6c  65  74  5f  65  78  70  61  6e  73  69  6f  6e  2e  6d
000c660    64  00  73  69  67  6e  61  74  75  72  65  73  5f  64  69  67
000c670    65  73  74  73  2e  6d  64  00  73  70  65  63  2e  6d  64  00
000c680    74  61  67  73  2e  6d  64  00  74  72  69  67  67  65  72  73
000c690    2e  6d  64  00  74  73  6f  72  74  2e  6d  64  00  73  79  73
000c6a0    63  6f  6e  66  69  67  2e  73  65  72  76  69  63  65  73  2d
000c6b0    72  70  6d  00  72  70  6d  00  43  4f  50  59  49  4e  47  00
000c6c0    72  70  6d  2e  6d  6f  00  72  70  6d  2e  6d  6f  00  72  70
000c6d0    6d  2e  6d  6f  00  72  70  6d  2e  6d  6f  00  72  70  6d  2e
000c6e0    6d  6f  00  72  70  6d  2e  6d  6f  00  72  70  6d  2e  6d  6f
000c6f0    00  72  70  6d  2e  6d  6f  00  72  70  6d  2e  6d  6f  00  72
000c700    70  6d  2e  6d  6f  00  72  70  6d  2e  6d  6f  00  72  70  6d
000c710    2e  6d  6f  00  72  70  6d  2e  6d  6f  00  72  70  6d  2e  6d
000c720    6f  00  72  70  6d  2e  6d  6f  00  72  70  6d  2e  6d  6f  00
000c730    72  70  6d  2e  6d  6f  00  72  70  6d  2e  6d  6f  00  72  70
000c740    6d  2e  6d  6f  00  72  70  6d  2e  6d  6f  00  72  70  6d  2e
000c750    6d  6f  00  72  70  6d  2e  6d  6f  00  72  70  6d  2e  6d  6f
000c760    00  72  70  6d  2e  6d  6f  00  72  70  6d  2e  6d  6f  00  72
000c770    70  6d  2e  6d  6f  00  72  70  6d  2e  6d  6f  00  72  70  6d
000c780    2e  6d  6f  00  72  70  6d  2e  6d  6f  00  72  70  6d  2e  6d
000c790    6f  00  72  70  6d  2e  6d  6f  00  72  70  6d  2e  6d  6f  00
000c7a0    72  70  6d  2e  6d  6f  00  72  70  6d  2e  6d  6f  00  72  70
000c7b0    6d  2e  6d  6f  00  72  70  6d  2e  6d  6f  00  72  70  6d  2e
000c7c0    6d  6f  00  72  70  6d  2e  6d  6f  00  67  65  6e  64  69  66
000c7d0    66  2e  31  2e  67  7a  00  72  70  6d  2d  6d  69  73  63  2e
000c7e0    38  2e  67  7a  00  72  70  6d  2d  70  6c  75  67  69  6e  2d
000c7f0    66  61  70  6f  6c  69  63  79  64  2e  38  2e  67  7a  00  72
000c800    70  6d  2d  70  6c  75  67  69  6e  2d  70  72  69  6f  72  65
000c810    73  65  74  2e  38  2e  67  7a  00  72  70  6d  2d  70  6c  75
000c820    67  69  6e  2d  73  65  6c  69  6e  75  78  2e  38  2e  67  7a
000c830    00  72  70  6d  2d  70  6c  75  67  69  6e  2d  73  79  73  6c
000c840    6f  67  2e  38  2e  67  7a  00  72  70  6d  2d  70  6c  75  67
000c850    69  6e  73  2e  38  2e  67  7a  00  72  70  6d  2e  38  2e  67
000c860    7a  00  72  70  6d  32  63  70  69  6f  2e  38  2e  67  7a  00
000c870    72  70  6d  62  75  69  6c  64  2e  38  2e  67  7a  00  72  70
000c880    6d  64  62  2e  38  2e  67  7a  00  72  70  6d  64  65  70  73
000c890    2e  38  2e  67  7a  00  72  70  6d  67  72  61  70  68  2e  38
000c8a0    2e  67  7a  00  72  70  6d  6b  65  79  73  2e  38  2e  67  7a
000c8b0    00  72  70  6d  6c  75  61  2e  38  2e  67  7a  00  72  70  6d
000c8c0    71  70  61  63  6b  2e  38  2e  67  7a  00  72  70  6d  73  69
000c8d0    67  6e  2e  38  2e  67  7a  00  72  70  6d  73  6f  72  74  2e
000c8e0    38  2e  67  7a  00  72  70  6d  73  70  65  63  2e  38  2e  67
000c8f0    7a  00  42  55  49  4c  44  00  42  55  49  4c  44  52  4f  4f
000c900    54  00  52  50  4d  53  00  61  61  72  63  68  36  34  00  61
000c910    6c  70  68  61  00  61  6c  70  68  61  65  76  35  00  61  6c
000c920    70  68  61  65  76  35  36  00  61  6c  70  68  61  65  76  36
000c930    00  61  6c  70  68  61  65  76  36  37  00  61  6c  70  68  61
000c940    70  63  61  35  36  00  61  6d  64  36  34  00  61  72  6d  76
000c950    33  6c  00  61  72  6d  76  34  62  00  61  72  6d  76  34  6c
000c960    00  61  72  6d  76  35  74  65  6a  6c  00  61  72  6d  76  35
000c970    74  65  6c  00  61  72  6d  76  35  74  6c  00  61  72  6d  76
000c980    36  68  6c  00  61  72  6d  76  36  6c  00  61  72  6d  76  37
000c990    68  6c  00  61  72  6d  76  37  68  6e  6c  00  61  72  6d  76
000c9a0    37  6c  00  61  72  6d  76  38  68  6c  00  61  72  6d  76  38
000c9b0    6c  00  61  74  68  6c  6f  6e  00  67  65  6f  64  65  00  69
000c9c0    33  38  36  00  69  34  38  36  00  69  35  38  36  00  69  36
000c9d0    38  36  00  69  61  33  32  65  00  69  61  36  34  00  6c  6f
000c9e0    6f  6e  67  61  72  63  68  36  34  00  6d  36  38  6b  00  6d
000c9f0    69  70  73  00  6d  69  70  73  36  34  00  6d  69  70  73  36
000ca00    34  65  6c  00  6d  69  70  73  36  34  72  36  00  6d  69  70
000ca10    73  36  34  72  36  65  6c  00  6d  69  70  73  65  6c  00  6d
000ca20    69  70  73  72  36  00  6d  69  70  73  72  36  65  6c  00  6e
000ca30    6f  61  72  63  68  00  70  65  6e  74  69  75  6d  33  00  70
000ca40    65  6e  74  69  75  6d  34  00  70  70  63  00  70  70  63  33
000ca50    32  64  79  34  00  70  70  63  36  34  00  70  70  63  36  34
000ca60    69  73  65  72  69  65  73  00  70  70  63  36  34  6c  65  00
000ca70    70  70  63  36  34  70  37  00  70  70  63  36  34  70  73  65
000ca80    72  69  65  73  00  70  70  63  38  32  36  30  00  70  70  63
000ca90    38  35  36  30  00  70  70  63  69  73  65  72  69  65  73  00
000caa0    70  70  63  70  73  65  72  69  65  73  00  72  69  73  63  76
000cab0    36  34  00  73  33  39  30  00  73  33  39  30  78  00  73  68
000cac0    00  73  68  33  00  73  68  34  00  73  68  34  61  00  73  70
000cad0    61  72  63  00  73  70  61  72  63  36  34  00  73  70  61  72
000cae0    63  36  34  76  00  73  70  61  72  63  76  38  00  73  70  61
000caf0    72  63  76  39  00  73  70  61  72  63  76  39  76  00  78  38
000cb00    36  5f  36  34  00  78  38  36  5f  36  34  5f  76  32  00  78
000cb10    38  36  5f  36  34  5f  76  33  00  78  38  36  5f  36  34  5f
000cb20    76  34  00  53  4f  55  52  43  45  53  00  53  50  45  43  53
000cb30    00  53  52  50  4d  53  00  72  70  6d  00  2f  65  74  63  2f
000cb40    00  2f  75  73  72  2f  62  69  6e  2f  00  2f  75  73  72  2f
000cb50    6c  69  62  2f  00  2f  75  73  72  2f  6c  69  62  2f  72  70
000cb60    6d  2f  00  2f  75  73  72  2f  6c  69  62  2f  72  70  6d  2f
000cb70    70  6c  61  74  66  6f  72  6d  2f  00  2f  75  73  72  2f  6c
000cb80    69  62  2f  72  70  6d  2f  70  6c  61  74  66  6f  72  6d  2f
000cb90    61  61  72  63  68  36  34  2d  6c  69  6e  75  78  2f  00  2f
000cba0    75  73  72  2f  6c  69  62  2f  72  70  6d  2f  70  6c  61  74
000cbb0    66  6f  72  6d  2f  61  6c  70  68  61  2d  6c  69  6e  75  78
000cbc0    2f  00  2f  75  73  72  2f  6c  69  62  2f  72  70  6d  2f  70
000cbd0    6c  61  74  66  6f  72  6d  2f  61  6c  70  68  61  65  76  35
000cbe0    2d  6c  69  6e  75  78  2f  00  2f  75  73  72  2f  6c  69  62
000cbf0    2f  72  70  6d  2f  70  6c  61  74  66  6f  72  6d  2f  61  6c
000cc00    70  68  61  65  76  35  36  2d  6c  69  6e  75  78  2f  00  2f
000cc10    75  73  72  2f  6c  69  62  2f  72  70  6d  2f  70  6c  61  74
000cc20    66  6f  72  6d  2f  61  6c  70  68  61  65  76  36  2d  6c  69
000cc30    6e  75  78  2f  00  2f  75  73  72  2f  6c  69  62  2f  72  70
000cc40    6d  2f  70  6c  61  74  66  6f  72  6d  2f  61  6c  70  68  61
000cc50    65  76  36  37  2d  6c  69  6e  75  78  2f  00  2f  75  73  72
000cc60    2f  6c  69  62  2f  72  70  6d  2f  70  6c  61  74  66  6f  72
000cc70    6d  2f  61  6c  70  68  61  70  63  61  35  36  2d  6c  69  6e
000cc80    75  78  2f  00  2f  75  73  72  2f  6c  69  62  2f  72  70  6d
000cc90    2f  70  6c  61  74  66  6f  72  6d  2f  61  6d  64  36  34  2d
000cca0    6c  69  6e  75  78  2f  00  2f  75  73  72  2f  6c  69  62  2f
000ccb0    72  70  6d  2f  70  6c  61  74  66  6f  72  6d  2f  61  72  6d
000ccc0    76  33  6c  2d  6c  69  6e  75  78  2f  00  2f  75  73  72  2f
000ccd0    6c  69  62  2f  72  70  6d  2f  70  6c  61  74  66  6f  72  6d
000cce0    2f  61  72  6d  76  34  62  2d  6c  69  6e  75  78  2f  00  2f
000ccf0    75  73  72  2f  6c  69  62  2f  72  70  6d  2f  70  6c  61  74
000cd00    66  6f  72  6d  2f  61  72  6d  76  34  6c  2d  6c  69  6e  75
000cd10    78  2f  00  2f  75  73  72  2f  6c  69  62  2f  72  70  6d  2f
000cd20    70  6c  61  74  66  6f  72  6d  2f  61  72  6d  76  35  74  65
000cd30    6a  6c  2d  6c  69  6e  75  78  2f  00  2f  75  73  72  2f  6c
000cd40    69  62  2f  72  70  6d  2f  70  6c  61  74  66  6f  72  6d  2f
000cd50    61  72  6d  76  35  74  65  6c  2d  6c  69  6e  75  78  2f  00
000cd60    2f  75  73  72  2f  6c  69  62  2f  72  70  6d  2f  70  6c  61
000cd70    74  66  6f  72  6d  2f  61  72  6d  76  35  74  6c  2d  6c  69
000cd80    6e  75  78  2f  00  2f  75  73  72  2f  6c  69  62  2f  72  70
000cd90    6d  2f  70  6c  61  74  66  6f  72  6d  2f  61  72  6d  76  36
000cda0    68  6c  2d  6c  69  6e  75  78  2f  00  2f  75  73  72  2f  6c
000cdb0    69  62  2f  72  70  6d  2f  70  6c  61  74  66  6f  72  6d  2f
000cdc0    61  72  6d  76  36  6c  2d  6c  69  6e  75  78  2f  00  2f  75
000cdd0    73  72  2f  6c  69  62  2f  72  70  6d  2f  70  6c  61  74  66
000cde0    6f  72  6d  2f  61  72  6d  76  37  68  6c  2d  6c  69  6e  75
000cdf0    78  2f  00  2f  75  73  72  2f  6c  69  62  2f  72  70  6d  2f
000ce00    70  6c  61  74  66  6f  72  6d  2f  61  72  6d  76  37  68  6e
000ce10    6c  2d  6c  69  6e  75  78  2f  00  2f  75  73  72  2f  6c  69
000ce20    62  2f  72  70  6d  2f  70  6c  61  74  66  6f  72  6d  2f  61
000ce30    72  6d  76  37  6c  2d  6c  69  6e  75  78  2f  00  2f  75  73
000ce40    72  2f  6c  69  62  2f  72  70  6d  2f  70  6c  61  74  66  6f
000ce50    72  6d  2f  61  72  6d  76  38  68  6c  2d  6c  69  6e  75  78
000ce60    2f  00  2f  75  73  72  2f  6c  69  62  2f  72  70  6d  2f  70
000ce70    6c  61  74  66  6f  72  6d  2f  61  72  6d  76  38  6c  2d  6c
000ce80    69  6e  75  78  2f  00  2f  75  73  72  2f  6c  69  62  2f  72
000ce90    70  6d  2f  70  6c  61  74  66  6f  72  6d  2f  61  74  68  6c
000cea0    6f  6e  2d  6c  69  6e  75  78  2f  00  2f  75  73  72  2f  6c
000ceb0    69  62  2f  72  70  6d  2f  70  6c  61  74  66  6f  72  6d  2f
000cec0    67  65  6f  64  65  2d  6c  69  6e  75  78  2f  00  2f  75  73
000ced0    72  2f  6c  69  62  2f  72  70  6d  2f  70  6c  61  74  66  6f
000cee0    72  6d  2f  69  33  38  36  2d  6c  69  6e  75  78  2f  00  2f
000cef0    75  73  72  2f  6c  69  62  2f  72  70  6d  2f  70  6c  61  74
000cf00    66  6f  72  6d  2f  69  34  38  36  2d  6c  69  6e  75  78  2f
000cf10    00  2f  75  73  72  2f  6c  69  62  2f  72  70  6d  2f  70  6c
000cf20    61  74  66  6f  72  6d  2f  69  35  38  36  2d  6c  69  6e  75
000cf30    78  2f  00  2f  75  73  72  2f  6c  69  62  2f  72  70  6d  2f
000cf40    70  6c  61  74  66  6f  72  6d  2f  69  36  38  36  2d  6c  69
000cf50    6e  75  78  2f  00  2f  75  73  72  2f  6c  69  62  2f  72  70
000cf60    6d  2f  70  6c  61  74  66  6f  72  6d  2f  69  61  33  32  65
000cf70    2d  6c  69  6e  75  78  2f  00  2f  75  73  72  2f  6c  69  62
000cf80    2f  72  70  6d  2f  70  6c  61  74  66  6f  72  6d  2f  69  61
000cf90    36  34  2d  6c  69  6e  75  78  2f  00  2f  75  73  72  2f  6c
000cfa0    69  62  2f  72  70  6d  2f  70  6c  61  74  66  6f  72  6d  2f
000cfb0    6c  6f  6f  6e  67  61  72  63  68  36  34  2d  6c  69  6e  75
000cfc0    78  2f  00  2f  75  73  72  2f  6c  69  62  2f  72  70  6d  2f
000cfd0    70  6c  61  74  66  6f  72  6d  2f  6d  36  38  6b  2d  6c  69
000cfe0    6e  75  78  2f  00  2f  75  73  72  2f  6c  69  62  2f  72  70
000cff0    6d  2f  70  6c  61  74  66  6f  72  6d  2f  6d  69  70  73  2d
000d000    6c  69  6e  75  78  2f  00  2f  75  73  72  2f  6c  69  62  2f
000d010    72  70  6d  2f  70  6c  61  74  66  6f  72  6d  2f  6d  69  70
000d020    73  36  34  2d  6c  69  6e  75  78  2f  00  2f  75  73  72  2f
000d030    6c  69  62  2f  72  70  6d  2f  70  6c  61  74  66  6f  72  6d
000d040    2f  6d  69  70  73  36  34  65  6c  2d  6c  69  6e  75  78  2f
000d050    00  2f  75  73  72  2f  6c  69  62  2f  72  70  6d  2f  70  6c
000d060    61  74  66  6f  72  6d  2f  6d  69  70  73  36  34  72  36  2d
000d070    6c  69  6e  75  78  2f  00  2f  75  73  72  2f  6c  69  62  2f
000d080    72  70  6d  2f  70  6c  61  74  66  6f  72  6d  2f  6d  69  70
000d090    73  36  34  72  36  65  6c  2d  6c  69  6e  75  78  2f  00  2f
000d0a0    75  73  72  2f  6c  69  62  2f  72  70  6d  2f  70  6c  61  74
000d0b0    66  6f  72  6d  2f  6d  69  70  73  65  6c  2d  6c  69  6e  75
000d0c0    78  2f  00  2f  75  73  72  2f  6c  69  62  2f  72  70  6d  2f
000d0d0    70  6c  61  74  66  6f  72  6d  2f  6d  69  70  73  72  36  2d
000d0e0    6c  69  6e  75  78  2f  00  2f  75  73  72  2f  6c  69  62  2f
000d0f0    72  70  6d  2f  70  6c  61  74  66  6f  72  6d  2f  6d  69  70
000d100    73  72  36  65  6c  2d  6c  69  6e  75  78  2f  00  2f  75  73
000d110    72  2f  6c  69  62  2f  72  70  6d  2f  70  6c  61  74  66  6f
000d120    72  6d  2f  6e  6f  61  72  63  68  2d  6c  69  6e  75  78  2f
000d130    00  2f  75  73  72  2f  6c  69  62  2f  72  70  6d  2f  70  6c
000d140    61  74  66  6f  72  6d  2f  70  65  6e  74  69  75  6d  33  2d
000d150    6c  69  6e  75  78  2f  00  2f  75  73  72  2f  6c  69  62  2f
000d160    72  70  6d  2f  70  6c  61  74  66  6f  72  6d  2f  70  65  6e
000d170    74  69  75  6d  34  2d  6c  69  6e  75  78  2f  00  2f  75  73
000d180    72  2f  6c  69  62  2f  72  70  6d  2f  70  6c  61  74  66  6f
000d190    72  6d  2f  70  70  63  2d  6c  69  6e  75  78  2f  00  2f  75
000d1a0    73  72  2f  6c  69  62  2f  72  70  6d  2f  70  6c  61  74  66
000d1b0    6f  72  6d  2f  70  70  63  33  32  64  79  34  2d  6c  69  6e
000d1c0    75  78  2f  00  2f  75  73  72  2f  6c  69  62  2f  72  70  6d
000d1d0    2f  70  6c  61  74  66  6f  72  6d  2f  70  70  63  36  34  2d
000d1e0    6c  69  6e  75  78  2f  00  2f  75  73  72  2f  6c  69  62  2f
000d1f0    72  70  6d  2f  70  6c  61  74  66  6f  72  6d  2f  70  70  63
000d200    36  34  69  73  65  72  69  65  73  2d  6c  69  6e  75  78  2f
000d210    00  2f  75  73  72  2f  6c  69  62  2f  72  70  6d  2f  70  6c
000d220    61  74  66  6f  72  6d  2f  70  70  63  36  34  6c  65  2d  6c
000d230    69  6e  75  78  2f  00  2f  75  73  72  2f  6c  69  62  2f  72
000d240    70  6d  2f  70  6c  61  74  66  6f  72  6d  2f  70  70  63  36
000d250    34  70  37  2d  6c  69  6e  75  78  2f  00  2f  75  73  72  2f
000d260    6c  69  62  2f  72  70  6d  2f  70  6c  61  74  66  6f  72  6d
000d270    2f  70  70  63  36  34  70  73  65  72  69  65  73  2d  6c  69
000d280    6e  75  78  2f  00  2f  75  73  72  2f  6c  69  62  2f  72  70
000d290    6d  2f  70  6c  61  74  66  6f  72  6d  2f  70  70  63  38  32
000d2a0    36  30  2d  6c  69  6e  75  78  2f  00  2f  75  73  72  2f  6c
000d2b0    69  62  2f  72  70  6d  2f  70  6c  61  74  66  6f  72  6d  2f
000d2c0    70  70  63  38  35  36  30  2d  6c  69  6e  75  78  2f  00  2f
000d2d0    75  73  72  2f  6c  69  62  2f  72  70  6d  2f  70  6c  61  74
000d2e0    66  6f  72  6d  2f  70  70  63  69  73  65  72  69  65  73  2d
000d2f0    6c  69  6e  75  78  2f  00  2f  75  73  72  2f  6c  69  62  2f
000d300    72  70  6d  2f  70  6c  61  74  66  6f  72  6d  2f  70  70  63
000d310    70  73  65  72  69  65  73  2d  6c  69  6e  75  78  2f  00  2f
000d320    75  73  72  2f  6c  69  62  2f  72  70  6d  2f  70  6c  61  74
000d330    66  6f  72  6d  2f  72  69  73  63  76  36  34  2d  6c  69  6e
000d340    75  78  2f  00  2f  75  73  72  2f  6c  69  62  2f  72  70  6d
000d350    2f  70  6c  61  74  66  6f  72  6d  2f  73  33  39  30  2d  6c
000d360    69  6e  75  78  2f  00  2f  75  73  72  2f  6c  69  62  2f  72
000d370    70  6d  2f  70  6c  61  74  66  6f  72  6d  2f  73  33  39  30
000d380    78  2d  6c  69  6e  75  78  2f  00  2f  75  73  72  2f  6c  69
000d390    62  2f  72  70  6d  2f  70  6c  61  74  66  6f  72  6d  2f  73
000d3a0    68  2d  6c  69  6e  75  78  2f  00  2f  75  73  72  2f  6c  69
000d3b0    62  2f  72  70  6d  2f  70  6c  61  74  66  6f  72  6d  2f  73
000d3c0    68  33  2d  6c  69  6e  75  78  2f  00  2f  75  73  72  2f  6c
000d3d0    69  62  2f  72  70  6d  2f  70  6c  61  74  66  6f  72  6d  2f
000d3e0    73  68  34  2d  6c  69  6e  75  78  2f  00  2f  75  73  72  2f
000d3f0    6c  69  62  2f  72  70  6d  2f  70  6c  61  74  66  6f  72  6d
000d400    2f  73  68  34  61  2d  6c  69  6e  75  78  2f  00  2f  75  73
000d410    72  2f  6c  69  62  2f  72  70  6d  2f  70  6c  61  74  66  6f
000d420    72  6d  2f  73  70  61  72  63  2d  6c  69  6e  75  78  2f  00
000d430    2f  75  73  72  2f  6c  69  62  2f  72  70  6d  2f  70  6c  61
000d440    74  66  6f  72  6d  2f  73  70  61  72  63  36  34  2d  6c  69
000d450    6e  75  78  2f  00  2f  75  73  72  2f  6c  69  62  2f  72  70
000d460    6d  2f  70  6c  61  74  66  6f  72  6d  2f  73  70  61  72  63
000d470    36  34  76  2d  6c  69  6e  75  78  2f  00  2f  75  73  72  2f
000d480    6c  69  62  2f  72  70  6d  2f  70  6c  61  74  66  6f  72  6d
000d490    2f  73  70  61  72  63  76  38  2d  6c  69  6e  75  78  2f  00
000d4a0    2f  75  73  72  2f  6c  69  62  2f  72  70  6d  2f  70  6c  61
000d4b0    74  66  6f  72  6d  2f  73  70  61  72  63  76  39  2d  6c  69
000d4c0    6e  75  78  2f  00  2f  75  73  72  2f  6c  69  62  2f  72  70
000d4d0    6d  2f  70  6c  61  74  66  6f  72  6d  2f  73  70  61  72  63
000d4e0    76  39  76  2d  6c  69  6e  75  78  2f  00  2f  75  73  72  2f
000d4f0    6c  69  62  2f  72  70  6d  2f  70  6c  61  74  66  6f  72  6d
000d500    2f  78  38  36  5f  36  34  2d  6c  69  6e  75  78  2f  00  2f
000d510    75  73  72  2f  6c  69  62  2f  72  70  6d  2f  70  6c  61  74
000d520    66  6f  72  6d  2f  78  38  36  5f  36  34  5f  76  32  2d  6c
000d530    69  6e  75  78  2f  00  2f  75  73  72  2f  6c  69  62  2f  72
000d540    70  6d  2f  70  6c  61  74  66  6f  72  6d  2f  78  38  36  5f
000d550    36  34  5f  76  33  2d  6c  69  6e  75  78  2f  00  2f  75  73
000d560    72  2f  6c  69  62  2f  72  70  6d  2f  70  6c  61  74  66  6f
000d570    72  6d  2f  78  38  36  5f  36  34  5f  76  34  2d  6c  69  6e
000d580    75  78  2f  00  2f  75  73  72  2f  6c  69  62  2f  73  79  73
000d590    69  6d  61  67  65  2f  00  2f  75  73  72  2f  6c  69  62  2f
000d5a0    73  79  73  74  65  6d  64  2f  73  79  73  74  65  6d  2f  00
000d5b0    2f  75  73  72  2f  6c  69  62  36  34  2f  00  2f  75  73  72
000d5c0    2f  6c  69  62  36  34  2f  72  70  6d  2d  70  6c  75  67  69
000d5d0    6e  73  2f  00  2f  75  73  72  2f  73  62  69  6e  2f  00  2f
000d5e0    75  73  72  2f  73  68  61  72  65  2f  64  6f  63  2f  70  61
000d5f0    63  6b  61  67  65  73  2f  00  2f  75  73  72  2f  73  68  61
000d600    72  65  2f  64  6f  63  2f  70  61  63  6b  61  67  65  73  2f
000d610    72  70  6d  2f  00  2f  75  73  72  2f  73  68  61  72  65  2f
000d620    66  69  6c  6c  75  70  2d  74  65  6d  70  6c  61  74  65  73
000d630    2f  00  2f  75  73  72  2f  73  68  61  72  65  2f  6c  69  63
000d640    65  6e  73  65  73  2f  00  2f  75  73  72  2f  73  68  61  72
000d650    65  2f  6c  69  63  65  6e  73  65  73  2f  72  70  6d  2f  00
000d660    2f  75  73  72  2f  73  68  61  72  65  2f  6c  6f  63  61  6c
000d670    65  2f  61  72  2f  4c  43  5f  4d  45  53  53  41  47  45  53
000d680    2f  00  2f  75  73  72  2f  73  68  61  72  65  2f  6c  6f  63
000d690    61  6c  65  2f  62  72  2f  4c  43  5f  4d  45  53  53  41  47
000d6a0    45  53  2f  00  2f  75  73  72  2f  73  68  61  72  65  2f  6c
000d6b0    6f  63  61  6c  65  2f  63  61  2f  4c  43  5f  4d  45  53  53
000d6c0    41  47  45  53  2f  00  2f  75  73  72  2f  73  68  61  72  65
000d6d0    2f  6c  6f  63  61  6c  65  2f  63  73  2f  4c  43  5f  4d  45
000d6e0    53  53  41  47  45  53  2f  00  2f  75  73  72  2f  73  68  61
000d6f0    72  65  2f  6c  6f  63  61  6c  65  2f  64  61  2f  4c  43  5f
000d700    4d  45  53  53  41  47  45  53  2f  00  2f  75  73  72  2f  73
000d710    68  61  72  65  2f  6c  6f  63  61  6c  65  2f  65  6c  2f  4c
000d720    43  5f  4d  45  53  53  41  47  45  53  2f  00  2f  75  73  72
000d730    2f  73  68  61  72  65  2f  6c  6f  63  61  6c  65  2f  65  6f
000d740    2f  4c  43  5f  4d  45  53  53  41  47  45  53  2f  00  2f  75
000d750    73  72  2f  73  68  61  72  65  2f  6c  6f  63  61  6c  65  2f
000d760    65  73  2f  4c  43  5f  4d  45  53  53  41  47  45  53  2f  00
000d770    2f  75  73  72  2f  73  68  61  72  65  2f  6c  6f  63  61  6c
000d780    65  2f  66  69  2f  4c  43  5f  4d  45  53  53  41  47  45  53
000d790    2f  00  2f  75  73  72  2f  73  68  61  72  65  2f  6c  6f  63
000d7a0    61  6c  65  2f  66  72  2f  4c  43  5f  4d  45  53  53  41  47
000d7b0    45  53  2f  00  2f  75  73  72  2f  73  68  61  72  65  2f  6c
000d7c0    6f  63  61  6c  65  2f  67  75  2f  4c  43  5f  4d  45  53  53
000d7d0    41  47  45  53  2f  00  2f  75  73  72  2f  73  68  61  72  65
000d7e0    2f  6c  6f  63  61  6c  65  2f  68  65  2f  4c  43  5f  4d  45
000d7f0    53  53  41  47  45  53  2f  00  2f  75  73  72  2f  73  68  61
000d800    72  65  2f  6c  6f  63  61  6c  65  2f  69  64  2f  4c  43  5f
000d810    4d  45  53  53  41  47  45  53  2f  00  2f  75  73  72  2f  73
000d820    68  61  72  65  2f  6c  6f  63  61  6c  65  2f  69  73  2f  4c
000d830    43  5f  4d  45  53  53  41  47  45  53  2f  00  2f  75  73  72
000d840    2f  73  68  61  72  65  2f  6c  6f  63  61  6c  65  2f  69  74
000d850    2f  4c  43  5f  4d  45  53  53  41  47  45  53  2f  00  2f  75
000d860    73  72  2f  73  68  61  72  65  2f  6c  6f  63  61  6c  65  2f
000d870    6a  61  2f  4c  43  5f  4d  45  53  53  41  47  45  53  2f  00
000d880    2f  75  73  72  2f  73  68  61  72  65  2f  6c  6f  63  61  6c
000d890    65  2f  6b  61  2f  4c  43  5f  4d  45  53  53  41  47  45  53
000d8a0    2f  00  2f  75  73  72  2f  73  68  61  72  65  2f  6c  6f  63
000d8b0    61  6c  65  2f  6b  6f  2f  4c  43  5f  4d  45  53  53  41  47
000d8c0    45  53  2f  00  2f  75  73  72  2f  73  68  61  72  65  2f  6c
000d8d0    6f  63  61  6c  65  2f  6d  73  2f  4c  43  5f  4d  45  53  53
000d8e0    41  47  45  53  2f  00  2f  75  73  72  2f  73  68  61  72  65
000d8f0    2f  6c  6f  63  61  6c  65  2f  6e  62  2f  4c  43  5f  4d  45
000d900    53  53  41  47  45  53  2f  00  2f  75  73  72  2f  73  68  61
000d910    72  65  2f  6c  6f  63  61  6c  65  2f  6e  6c  2f  4c  43  5f
000d920    4d  45  53  53  41  47  45  53  2f  00  2f  75  73  72  2f  73
000d930    68  61  72  65  2f  6c  6f  63  61  6c  65  2f  70  61  2f  4c
000d940    43  5f  4d  45  53  53  41  47  45  53  2f  00  2f  75  73  72
000d950    2f  73  68  61  72  65  2f  6c  6f  63  61  6c  65  2f  70  6c
000d960    2f  4c  43  5f  4d  45  53  53  41  47  45  53  2f  00  2f  75
000d970    73  72  2f  73  68  61  72  65  2f  6c  6f  63  61  6c  65  2f
000d980    70  74  2f  4c  43  5f  4d  45  53  53  41  47  45  53  2f  00
000d990    2f  75  73  72  2f  73  68  61  72  65  2f  6c  6f  63  61  6c
000d9a0    65  2f  70  74  5f  42  52  2f  4c  43  5f  4d  45  53  53  41
000d9b0    47  45  53  2f  00  2f  75  73  72  2f  73  68  61  72  65  2f
000d9c0    6c  6f  63  61  6c  65  2f  72  75  2f  4c  43  5f  4d  45  53
000d9d0    53  41  47  45  53  2f  00  2f  75  73  72  2f  73  68  61  72
000d9e0    65  2f  6c  6f  63  61  6c  65  2f  73  69  2f  4c  43  5f  4d
000d9f0    45  53  53  41  47  45  53  2f  00  2f  75  73  72  2f  73  68
000da00    61  72  65  2f  6c  6f  63  61  6c  65  2f  73  6b  2f  4c  43
000da10    5f  4d  45  53  53  41  47  45  53  2f  00  2f  75  73  72  2f
000da20    73  68  61  72  65  2f  6c  6f  63  61  6c  65  2f  73  6c  2f
000da30    4c  43  5f  4d  45  53  53  41  47  45  53  2f  00  2f  75  73
000da40    72  2f  73  68  61  72  65  2f  6c  6f  63  61  6c  65  2f  73
000da50    72  2f  4c  43  5f  4d  45  53  53  41  47  45  53  2f  00  2f
000da60    75  73  72  2f  73  68  61  72  65  2f  6c  6f  63  61  6c  65
000da70    2f  73  72  40  6c  61  74  69  6e  2f  4c  43  5f  4d  45  53
000da80    53  41  47  45  53  2f  00  2f  75  73  72  2f  73  68  61  72
000da90    65  2f  6c  6f  63  61  6c  65  2f  73  76  2f  4c  43  5f  4d
000daa0    45  53  53  41  47  45  53  2f  00  2f  75  73  72  2f  73  68
000dab0    61  72  65  2f  6c  6f  63  61  6c  65  2f  74  65  2f  4c  43
000dac0    5f  4d  45  53  53  41  47  45  53  2f  00  2f  75  73  72  2f
000dad0    73  68  61  72  65  2f  6c  6f  63  61  6c  65  2f  74  72  2f
000dae0    4c  43  5f  4d  45  53  53  41  47  45  53  2f  00  2f  75  73
000daf0    72  2f  73  68  61  72  65  2f  6c  6f  63  61  6c  65  2f  75
000db00    6b  2f  4c  43  5f  4d  45  53  53  41  47  45  53  2f  00  2f
000db10    75  73  72  2f  73  68  61  72  65  2f  6c  6f  63  61  6c  65
000db20    2f  76  69  2f  4c  43  5f  4d  45  53  53  41  47  45  53  2f
000db30    00  2f  75  73  72  2f  73  68  61  72  65  2f  6c  6f  63  61
000db40    6c  65  2f  7a  68  5f  43  4e  2f  4c  43  5f  4d  45  53  53
000db50    41  47  45  53  2f  00  2f  75  73  72  2f  73  68  61  72  65
000db60    2f  6c  6f  63  61  6c  65  2f  7a  68  5f  54  57  2f  4c  43
000db70    5f  4d  45  53  53  41  47  45  53  2f  00  2f  75  73  72  2f
000db80    73  68  61  72  65  2f  6d  61  6e  2f  6d  61  6e  31  2f  00
000db90    2f  75  73  72  2f  73  68  61  72  65  2f  6d  61  6e  2f  6d
000dba0    61  6e  38  2f  00  2f  75  73  72  2f  73  72  63  2f  70  61
000dbb0    63  6b  61  67  65  73  2f  00  2f  75  73  72  2f  73  72  63
000dbc0    2f  70  61  63  6b  61  67  65  73  2f  52  50  4d  53  2f  00
000dbd0    2f  76  61  72  2f  6c  69  62  2f  00  2d  4f  32  20  2d  57
000dbe0    61  6c  6c  20  2d  55  5f  46  4f  52  54  49  46  59  5f  53
000dbf0    4f  55  52  43  45  20  2d  44  5f  46  4f  52  54  49  46  59
000dc00    5f  53  4f  55  52  43  45  3d  33  20  2d  66  73  74  61  63
000dc10    6b  2d  70  72  6f  74  65  63  74  6f  72  2d  73  74  72  6f
000dc20    6e  67  20  2d  66  75  6e  77  69  6e  64  2d  74  61  62  6c
000dc30    65  73  20  2d  66  61  73  79  6e  63  68  72  6f  6e  6f  75
000dc40    73  2d  75  6e  77  69  6e  64  2d  74  61  62  6c  65  73  20
000dc50    2d  66  73  74  61  63  6b  2d  63  6c  61  73  68  2d  70  72
000dc60    6f  74  65  63  74  69  6f  6e  20  2d  57  65  72  72  6f  72
000dc70    3d  72  65  74  75  72  6e  2d  74  79  70  65  20  2d  66  6c
000dc80    74  6f  3d  61  75  74  6f  20  2d  67  00  6f  62  73  3a  2f
000dc90    2f  62  75  69  6c  64  2e  6f  70  65  6e  73  75  73  65  2e
000dca0    6f  72  67  2f  6f  70  65  6e  53  55  53  45  3a  46  61  63
000dcb0    74  6f  72  79  3a  52  49  53  43  56  2f  73  74  61  6e  64
000dcc0    61  72  64  2f  61  32  31  64  30  63  34  61  34  34  37  31
000dcd0    34  39  36  39  64  33  36  35  61  65  64  38  63  32  35  34
000dce0    31  62  61  31  2d  72  70  6d  00  63  70  69  6f  00  62  7a
000dcf0    69  70  32  00  39  00  72  69  73  63  76  36  34  2d  73  75
000dd00    73  65  2d  6c  69  6e  75  78  00  00  00  00  00  00  00  00
000dd10    00  00  00  01  00  00  00  02  00  00  00  03  00  00  00  04
000dd20    00  00  00  05  00  00  00  06  00  00  00  07  00  00  00  08
000dd30    00  00  00  09  00  00  00  0a  00  00  00  0b  00  00  00  09
000dd40    00  00  00  00  00  00  00  0c  00  00  00  00  00  00  00  00
000dd50    00  00  00  00  00  00  00  0c  00  00  00  00  00  00  00  0c
000dd60    00  00  00  00  00  00  00  0c  00  00  00  00  00  00  00  0c
000dd70    00  00  00  00  00  00  00  0c  00  00  00  00  00  00  00  0c
000dd80    00  00  00  00  00  00  00  0c  00  00  00  00  00  00  00  0c
000dd90    00  00  00  00  00  00  00  0c  00  00  00  00  00  00  00  0c
000dda0    00  00  00  00  00  00  00  0c  00  00  00  00  00  00  00  0c
000ddb0    00  00  00  00  00  00  00  0c  00  00  00  00  00  00  00  0c
000ddc0    00  00  00  00  00  00  00  0c  00  00  00  00  00  00  00  0c
000ddd0    00  00  00  00  00  00  00  0c  00  00  00  00  00  00  00  0c
000dde0    00  00  00  00  00  00  00  0c  00  00  00  00  00  00  00  0c
000ddf0    00  00  00  00  00  00  00  0c  00  00  00  00  00  00  00  0c
000de00    00  00  00  00  00  00  00  0c  00  00  00  00  00  00  00  0c
000de10    00  00  00  00  00  00  00  0c  00  00  00  00  00  00  00  0c
000de20    00  00  00  00  00  00  00  0c  00  00  00  00  00  00  00  0c
000de30    00  00  00  00  00  00  00  0c  00  00  00  00  00  00  00  0c
000de40    00  00  00  00  00  00  00  0c  00  00  00  00  00  00  00  0c
000de50    00  00  00  00  00  00  00  0c  00  00  00  00  00  00  00  0c
000de60    00  00  00  00  00  00  00  0c  00  00  00  00  00  00  00  0c
000de70    00  00  00  00  00  00  00  0c  00  00  00  00  00  00  00  0c
000de80    00  00  00  00  00  00  00  0c  00  00  00  00  00  00  00  0c
000de90    00  00  00  00  00  00  00  0c  00  00  00  00  00  00  00  0c
000dea0    00  00  00  00  00  00  00  0c  00  00  00  00  00  00  00  0c
000deb0    00  00  00  00  00  00  00  0c  00  00  00  00  00  00  00  0c
000dec0    00  00  00  00  00  00  00  0c  00  00  00  00  00  00  00  0c
000ded0    00  00  00  00  00  00  00  0c  00  00  00  00  00  00  00  0c
000dee0    00  00  00  00  00  00  00  0c  00  00  00  00  00  00  00  0c
000def0    00  00  00  00  00  00  00  0c  00  00  00  00  00  00  00  0c
000df00    00  00  00  00  00  00  00  0c  00  00  00  00  00  00  00  0c
000df10    00  00  00  00  00  00  00  0c  00  00  00  00  00  00  00  0c
000df20    00  00  00  00  00  00  00  0c  00  00  00  00  00  00  00  0c
000df30    00  00  00  00  00  00  00  0c  00  00  00  00  00  00  00  0c
000df40    00  00  00  00  00  00  00  0c  00  00  00  00  00  00  00  0c
000df50    00  00  00  00  00  00  00  0c  00  00  00  00  00  00  00  0c
000df60    00  00  00  00  00  00  00  0c  00  00  00  00  00  00  00  0c
000df70    00  00  00  00  00  00  00  0c  00  00  00  00  00  00  00  0c
000df80    00  00  00  0c  00  00  00  01  00  00  00  01  00  00  00  0c
000df90    00  00  00  0c  00  00  00  01  00  00  00  0d  00  00  00  00
000dfa0    00  00  00  01  00  00  00  00  00  00  00  00  00  00  00  0c
000dfb0    00  00  00  09  00  00  00  0e  00  00  00  09  00  00  00  0f
000dfc0    00  00  00  09  00  00  00  10  00  00  00  00  00  00  00  11
000dfd0    00  00  00  12  00  00  00  13  00  00  00  14  00  00  00  01
000dfe0    00  00  00  00  00  00  00  0c  00  00  00  0c  00  00  00  15
000dff0    00  00  00  0c  00  00  00  0c  00  00  00  16  00  00  00  0c
000e000    00  00  00  0c  00  00  00  17  00  00  00  0c  00  00  00  0c
000e010    00  00  00  18  00  00  00  19  00  00  00  0c  00  00  00  0c
000e020    00  00  00  1a  00  00  00  1b  00  00  00  0c  00  00  00  0c
000e030    00  00  00  1c  00  00  00  1d  00  00  00  0c  00  00  00  1e
000e040    00  00  00  1f  00  00  00  0c  00  00  00  0c  00  00  00  20
000e050    00  00  00  0c  00  00  00  0c  00  00  00  21  00  00  00  0c
000e060    00  00  00  0c  00  00  00  0c  00  00  00  00  00  00  00  0c
000e070    00  00  00  09  00  00  00  09  00  00  00  09  00  00  00  09
000e080    00  00  00  09  00  00  00  09  00  00  00  09  00  00  00  09
000e090    00  00  00  09  00  00  00  09  00  00  00  09  00  00  00  09
000e0a0    00  00  00  09  00  00  00  09  00  00  00  09  00  00  00  09
000e0b0    00  00  00  09  00  00  00  09  00  00  00  09  00  00  00  09
000e0c0    00  00  00  09  00  00  00  09  00  00  00  09  00  00  00  09
000e0d0    00  00  00  09  00  00  00  09  00  00  00  09  00  00  00  09
000e0e0    00  00  00  09  00  00  00  09  00  00  00  09  00  00  00  09
000e0f0    00  00  00  09  00  00  00  09  00  00  00  09  00  00  00  09
000e100    00  00  00  09  00  00  00  09  00  00  00  22  00  00  00  22
000e110    00  00  00  22  00  00  00  22  00  00  00  22  00  00  00  22
000e120    00  00  00  22  00  00  00  23  00  00  00  22  00  00  00  22
000e130    00  00  00  22  00  00  00  22  00  00  00  22  00  00  00  22
000e140    00  00  00  22  00  00  00  22  00  00  00  22  00  00  00  22
000e150    00  00  00  22  00  00  00  00  00  00  00  00  00  00  00  00
000e160    00  00  00  00  00  00  00  00  00  00  00  00  00  00  00  00
000e170    00  00  00  00  00  00  00  00  00  00  00  00  00  00  00  00
000e180    00  00  00  00  00  00  00  00  00  00  00  00  00  00  00  00
000e190    00  00  00  00  00  00  00  00  00  00  00  00  00  00  00  00
000e1a0    00  00  00  00  00  00  00  00  00  00  00  00  00  00  00  00
000e1b0    00  00  00  00  00  00  00  00  00  00  00  00  00  00  00  00
000e1c0    00  00  00  00  00  00  00  00  00  00  00  00  00  00  00  00
000e1d0    00  00  00  00  00  00  00  00  00  00  00  00  00  00  00  00
000e1e0    00  00  00  00  00  00  00  00  00  00  00  00  00  00  00  00
000e1f0    00  00  00  00  00  00  00  00  00  00  00  00  00  00  00  00
000e200    00  00  00  00  00  00  00  00  00  00  00  00  00  00  00  00
000e210    00  00  00  00  00  00  00  00  00  00  00  00  00  00  00  00
000e220    00  00  00  00  00  00  00  00  00  00  00  00  00  00  00  00
000e230    00  00  00  00  00  00  00  00  00  00  00  00  00  00  00  00
000e240    00  00  00  00  00  00  00  00  00  00  00  00  00  00  00  00
000e250    00  00  00  00  00  00  00  00  00  00  00  00  00  00  00  00
000e260    00  00  00  00  00  00  00  00  00  00  00  00  00  00  00  00
000e270    00  00  00  00  00  00  00  00  00  00  00  00  00  00  00  00
000e280    00  00  00  00  00  00  00  09  64  69  72  65  63  74  6f  72
000e290    79  00  50  4f  53  49  58  20  73  68  65  6c  6c  20  73  63
000e2a0    72  69  70  74  2c  20  41  53  43  49  49  20  74  65  78  74
000e2b0    20  65  78  65  63  75  74  61  62  6c  65  00  45  4c  46  20
000e2c0    36  34  2d  62  69  74  20  4c  53  42  20  70  69  65  20  65
000e2d0    78  65  63  75  74  61  62  6c  65  2c  20  55  43  42  20  52
000e2e0    49  53  43  2d  56  2c  20  52  56  43  2c  20  64  6f  75  62
000e2f0    6c  65  2d  66  6c  6f  61  74  20  41  42  49  2c  20  76  65
000e300    72  73  69  6f  6e  20  31  20  28  53  59  53  56  29  2c  20
000e310    64  79  6e  61  6d  69  63  61  6c  6c  79  20  6c  69  6e  6b
000e320    65  64  2c  20  69  6e  74  65  72  70  72  65  74  65  72  20
000e330    2f  6c  69  62  2f  6c  64  2d  6c  69  6e  75  78  2d  72  69
000e340    73  63  76  36  34  2d  6c  70  36  34  64  2e  73  6f  2e  31
000e350    2c  20  42  75  69  6c  64  49  44  5b  73  68  61  31  5d  3d
000e360    36  64  35  32  34  31  66  37  32  33  64  66  31  63  34  33
000e370    37  39  35  36  66  38  39  34  35  62  65  61  64  62  66  63
000e380    62  62  64  30  34  34  35  36  2c  20  66  6f  72  20  47  4e
000e390    55  2f  4c  69  6e  75  78  20  34  2e  31  35  2e  30  2c  20
000e3a0    73  74  72  69  70  70  65  64  00  45  4c  46  20  36  34  2d
000e3b0    62  69  74  20  4c  53  42  20  70  69  65  20  65  78  65  63
000e3c0    75  74  61  62  6c  65  2c  20  55  43  42  20  52  49  53  43
000e3d0    2d  56  2c  20  52  56  43  2c  20  64  6f  75  62  6c  65  2d
000e3e0    66  6c  6f  61  74  20  41  42  49  2c  20  76  65  72  73  69
000e3f0    6f  6e  20  31  20  28  53  59  53  56  29  2c  20  64  79  6e
000e400    61  6d  69  63  61  6c  6c  79  20  6c  69  6e  6b  65  64  2c
000e410    20  69  6e  74  65  72  70  72  65  74  65  72  20  2f  6c  69
000e420    62  2f  6c  64  2d  6c  69  6e  75  78  2d  72  69  73  63  76
000e430    36  34  2d  6c  70  36  34  64  2e  73  6f  2e  31  2c  20  42
000e440    75  69  6c  64  49  44  5b  73  68  61  31  5d  3d  61  34  39
000e450    66  32  63  32  32  37  38  64  35  37  30  32  37  33  34  65
000e460    66  63  63  36  33  63  64  31  35  38  32  61  36  39  63  66
000e470    33  38  31  32  65  2c  20  66  6f  72  20  47  4e  55  2f  4c
000e480    69  6e  75  78  20  34  2e  31  35  2e  30  2c  20  73  74  72
000e490    69  70  70  65  64  00  45  4c  46  20  36  34  2d  62  69  74
000e4a0    20  4c  53  42  20  70  69  65  20  65  78  65  63  75  74  61
000e4b0    62  6c  65  2c  20  55  43  42  20  52  49  53  43  2d  56  2c
000e4c0    20  52  56  43  2c  20  64  6f  75  62  6c  65  2d  66  6c  6f
000e4d0    61  74  20  41  42  49  2c  20  76  65  72  73  69  6f  6e  20
000e4e0    31  20  28  53  59  53  56  29  2c  20  64  79  6e  61  6d  69
000e4f0    63  61  6c  6c  79  20  6c  69  6e  6b  65  64  2c  20  69  6e
000e500    74  65  72  70  72  65  74  65  72  20  2f  6c  69  62  2f  6c
000e510    64  2d  6c  69  6e  75  78  2d  72  69  73  63  76  36  34  2d
000e520    6c  70  36  34  64  2e  73  6f  2e  31  2c  20  42  75  69  6c
000e530    64  49  44  5b  73  68  61  31  5d  3d  65  31  35  31  64  33
000e540    63  36  61  64  37  61  39  66  66  64  31  31  61  64  38  61
000e550    36  32  63  66  33  65  62  31  65  63  39  39  63  62  66  37
000e560    61  64  2c  20  66  6f  72  20  47  4e  55  2f  4c  69  6e  75
000e570    78  20  34  2e  31  35  2e  30  2c  20  73  74  72  69  70  70
000e580    65  64  00  45  4c  46  20  36  34  2d  62  69  74  20  4c  53
000e590    42  20  70  69  65  20  65  78  65  63  75  74  61  62  6c  65
000e5a0    2c  20  55  43  42  20  52  49  53  43  2d  56  2c  20  52  56
000e5b0    43  2c  20  64  6f  75  62  6c  65  2d  66  6c  6f  61  74  20
000e5c0    41  42  49  2c  20  76  65  72  73  69  6f  6e  20  31  20  28
000e5d0    53  59  53  56  29  2c  20  64  79  6e  61  6d  69  63  61  6c
000e5e0    6c  79  20  6c  69  6e  6b  65  64  2c  20  69  6e  74  65  72
000e5f0    70  72  65  74  65  72  20  2f  6c  69  62  2f  6c  64  2d  6c
000e600    69  6e  75  78  2d  72  69  73  63  76  36  34  2d  6c  70  36
000e610    34  64  2e  73  6f  2e  31  2c  20  42  75  69  6c  64  49  44
000e620    5b  73  68  61  31  5d  3d  39  30  66  30  30  36  37  34  66
000e630    62  32  39  35  64  32  32  37  37  31  63  64  38  65  36  37
000e640    37  62  38  64  39  63  33  65  34  62  31  37  31  37  30  2c
000e650    20  66  6f  72  20  47  4e  55  2f  4c  69  6e  75  78  20  34
000e660    2e  31  35  2e  30  2c  20  73  74  72  69  70  70  65  64  00
000e670    45  4c  46  20  36  34  2d  62  69  74  20  4c  53  42  20  70
000e680    69  65  20  65  78  65  63  75  74  61  62  6c  65  2c  20  55
000e690    43  42  20  52  49  53  43  2d  56  2c  20  52  56  43  2c  20
000e6a0    64  6f  75  62  6c  65  2d  66  6c  6f  61  74  20  41  42  49
000e6b0    2c  20  76  65  72  73  69  6f  6e  20  31  20  28  53  59  53
000e6c0    56  29  2c  20  64  79  6e  61  6d  69  63  61  6c  6c  79  20
000e6d0    6c  69  6e  6b  65  64  2c  20  69  6e  74  65  72  70  72  65
000e6e0    74  65  72  20  2f  6c  69  62  2f  6c  64  2d  6c  69  6e  75
000e6f0    78  2d  72  69  73  63  76  36  34  2d  6c  70  36  34  64  2e
000e700    73  6f  2e  31  2c  20  42  75  69  6c  64  49  44  5b  73  68
000e710    61  31  5d  3d  37  39  36  38  39  39  37  34  33  39  31  34
000e720    37  64  66  30  64  37  31  63  65  66  62  64  65  35  36  38
000e730    30  62  63  32  61  37  35  65  36  63  31  65  2c  20  66  6f
000e740    72  20  47  4e  55  2f  4c  69  6e  75  78  20  34  2e  31  35
000e750    2e  30  2c  20  73  74  72  69  70  70  65  64  00  45  4c  46
000e760    20  36  34  2d  62  69  74  20  4c  53  42  20  70  69  65  20
000e770    65  78  65  63  75  74  61  62  6c  65  2c  20  55  43  42  20
000e780    52  49  53  43  2d  56  2c  20  52  56  43  2c  20  64  6f  75
000e790    62  6c  65  2d  66  6c  6f  61  74  20  41  42  49  2c  20  76
000e7a0    65  72  73  69  6f  6e  20  31  20  28  53  59  53  56  29  2c
000e7b0    20  64  79  6e  61  6d  69  63  61  6c  6c  79  20  6c  69  6e
000e7c0    6b  65  64  2c  20  69  6e  74  65  72  70  72  65  74  65  72
000e7d0    20  2f  6c  69  62  2f  6c  64  2d  6c  69  6e  75  78  2d  72
000e7e0    69  73  63  76  36  34  2d  6c  70  36  34  64  2e  73  6f  2e
000e7f0    31  2c  20  42  75  69  6c  64  49  44  5b  73  68  61  31  5d
000e800    3d  62  31  31  39  61  63  34  62  31  62  61  30  64  64  35
000e810    35  37  33  39  66  39  66  61  61  37  31  32  35  37  33  35
000e820    39  64  66  34  37  32  65  39  32  2c  20  66  6f  72  20  47
000e830    4e  55  2f  4c  69  6e  75  78  20  34  2e  31  35  2e  30  2c
000e840    20  73  74  72  69  70  70  65  64  00  45  4c  46  20  36  34
000e850    2d  62  69  74  20  4c  53  42  20  70  69  65  20  65  78  65
000e860    63  75  74  61  62  6c  65  2c  20  55  43  42  20  52  49  53
000e870    43  2d  56  2c  20  52  56  43  2c  20  64  6f  75  62  6c  65
000e880    2d  66  6c  6f  61  74  20  41  42  49  2c  20  76  65  72  73
000e890    69  6f  6e  20  31  20  28  53  59  53  56  29  2c  20  64  79
000e8a0    6e  61  6d  69  63  61  6c  6c  79  20  6c  69  6e  6b  65  64
000e8b0    2c  20  69  6e  74  65  72  70  72  65  74  65  72  20  2f  6c
000e8c0    69  62  2f  6c  64  2d  6c  69  6e  75  78  2d  72  69  73  63
000e8d0    76  36  34  2d  6c  70  36  34  64  2e  73  6f  2e  31  2c  20
000e8e0    42  75  69  6c  64  49  44  5b  73  68  61  31  5d  3d  30  66
000e8f0    38  32  66  34  66  39  30  37  31  61  65  32  32  34  35  66
000e900    63  64  36  38  32  64  31  63  62  33  62  64  31  33  63  39
000e910    39  64  32  36  39  61  2c  20  66  6f  72  20  47  4e  55  2f
000e920    4c  69  6e  75  78  20  34  2e  31  35  2e  30  2c  20  73  74
000e930    72  69  70  70  65  64  00  00  45  4c  46  20  36  34  2d  62
000e940    69  74  20  4c  53  42  20  70  69  65  20  65  78  65  63  75
000e950    74  61  62  6c  65  2c  20  55  43  42  20  52  49  53  43  2d
000e960    56  2c  20  52  56  43  2c  20  64  6f  75  62  6c  65  2d  66
000e970    6c  6f  61  74  20  41  42  49  2c  20  76  65  72  73  69  6f
000e980    6e  20  31  20  28  53  59  53  56  29  2c  20  64  79  6e  61
000e990    6d  69  63  61  6c  6c  79  20  6c  69  6e  6b  65  64  2c  20
000e9a0    69  6e  74  65  72  70  72  65  74  65  72  20  2f  6c  69  62
000e9b0    2f  6c  64  2d  6c  69  6e  75  78  2d  72  69  73  63  76  36
000e9c0    34  2d  6c  70  36  34  64  2e  73  6f  2e  31  2c  20  42  75
000e9d0    69  6c  64  49  44  5b  73  68  61  31  5d  3d  33  32  36  37
000e9e0    38  38  38  62  36  63  33  64  39  36  35  35  64  39  63  35
000e9f0    66  61  39  34  33  34  61  39  61  61  64  63  34  31  65  62
000ea00    63  35  39  32  2c  20  66  6f  72  20  47  4e  55  2f  4c  69
000ea10    6e  75  78  20  34  2e  31  35  2e  30  2c  20  73  74  72  69
000ea20    70  70  65  64  00  45  4c  46  20  36  34  2d  62  69  74  20
000ea30    4c  53  42  20  70  69  65  20  65  78  65  63  75  74  61  62
000ea40    6c  65  2c  20  55  43  42  20  52  49  53  43  2d  56  2c  20
000ea50    52  56  43  2c  20  64  6f  75  62  6c  65  2d  66  6c  6f  61
000ea60    74  20  41  42  49  2c  20  76  65  72  73  69  6f  6e  20  31
000ea70    20  28  53  59  53  56  29  2c  20  64  79  6e  61  6d  69  63
000ea80    61  6c  6c  79  20  6c  69  6e  6b  65  64  2c  20  69  6e  74
000ea90    65  72  70  72  65  74  65  72  20  2f  6c  69  62  2f  6c  64
000eaa0    2d  6c  69  6e  75  78  2d  72  69  73  63  76  36  34  2d  6c
000eab0    70  36  34  64  2e  73  6f  2e  31  2c  20  42  75  69  6c  64
000eac0    49  44  5b  73  68  61  31  5d  3d  66  36  35  37  61  34  66
000ead0    30  65  39  37  34  35  63  33  32  63  30  66  63  35  36  39
000eae0    39  63  65  63  61  33  33  32  63  63  66  63  39  30  39  64
000eaf0    31  2c  20  66  6f  72  20  47  4e  55  2f  4c  69  6e  75  78
000eb00    20  34  2e  31  35  2e  30  2c  20  73  74  72  69  70  70  65
000eb10    64  00  41  53  43  49  49  20  74  65  78  74  00  45  4c  46
000eb20    20  36  34  2d  62  69  74  20  4c  53  42  20  70  69  65  20
000eb30    65  78  65  63  75  74  61  62  6c  65  2c  20  55  43  42  20
000eb40    52  49  53  43  2d  56  2c  20  52  56  43  2c  20  64  6f  75
000eb50    62  6c  65  2d  66  6c  6f  61  74  20  41  42  49  2c  20  76
000eb60    65  72  73  69  6f  6e  20  31  20  28  53  59  53  56  29  2c
000eb70    20  64  79  6e  61  6d  69  63  61  6c  6c  79  20  6c  69  6e
000eb80    6b  65  64  2c  20  69  6e  74  65  72  70  72  65  74  65  72
000eb90    20  2f  6c  69  62  2f  6c  64  2d  6c  69  6e  75  78  2d  72
000eba0    69  73  63  76  36  34  2d  6c  70  36  34  64  2e  73  6f  2e
000ebb0    31  2c  20  42  75  69  6c  64  49  44  5b  73  68  61  31  5d
000ebc0    3d  34  66  38  31  61  33  30  31  62  37  33  37  31  36  39
000ebd0    65  38  32  32  37  64  65  34  63  38  38  63  61  33  35  35
000ebe0    38  65  38  66  30  32  63  63  64  2c  20  66  6f  72  20  47
000ebf0    4e  55  2f  4c  69  6e  75  78  20  34  2e  31  35  2e  30  2c
000ec00    20  73  74  72  69  70  70  65  64  00  45  4c  46  20  36  34
000ec10    2d  62  69  74  20  4c  53  42  20  73  68  61  72  65  64  20
000ec20    6f  62  6a  65  63  74  2c  20  55  43  42  20  52  49  53  43
000ec30    2d  56  2c  20  52  56  43  2c  20  64  6f  75  62  6c  65  2d
000ec40    66  6c  6f  61  74  20  41  42  49  2c  20  76  65  72  73  69
000ec50    6f  6e  20  31  20  28  53  59  53  56  29  2c  20  64  79  6e
000ec60    61  6d  69  63  61  6c  6c  79  20  6c  69  6e  6b  65  64  2c
000ec70    20  42  75  69  6c  64  49  44  5b  73  68  61  31  5d  3d  30
000ec80    64  34  33  61  31  38  66  34  39  65  31  34  38  66  30  31
000ec90    39  33  66  63  32  35  33  36  65  35  37  62  65  34  61  63
000eca0    37  61  32  64  39  33  30  2c  20  73  74  72  69  70  70  65
000ecb0    64  00  45  4c  46  20  36  34  2d  62  69  74  20  4c  53  42
000ecc0    20  73  68  61  72  65  64  20  6f  62  6a  65  63  74  2c  20
000ecd0    55  43  42  20  52  49  53  43  2d  56  2c  20  52  56  43  2c
000ece0    20  64  6f  75  62  6c  65  2d  66  6c  6f  61  74  20  41  42
000ecf0    49  2c  20  76  65  72  73  69  6f  6e  20  31  20  28  53  59
000ed00    53  56  29  2c  20  64  79  6e  61  6d  69  63  61  6c  6c  79
000ed10    20  6c  69  6e  6b  65  64  2c  20  42  75  69  6c  64  49  44
000ed20    5b  73  68  61  31  5d  3d  37  35  30  38  63  65  63  30  30
000ed30    38  34  32  63  38  62  36  39  61  37  32  32  62  63  64  35
000ed40    63  39  35  34  36  33  34  30  61  65  30  31  32  61  37  2c
000ed50    20  73  74  72  69  70  70  65  64  00  45  4c  46  20  36  34
000ed60    2d  62  69  74  20  4c  53  42  20  73  68  61  72  65  64  20
000ed70    6f  62  6a  65  63  74  2c  20  55  43  42  20  52  49  53  43
000ed80    2d  56  2c  20  52  56  43  2c  20  64  6f  75  62  6c  65  2d
000ed90    66  6c  6f  61  74  20  41  42  49  2c  20  76  65  72  73  69
000eda0    6f  6e  20  31  20  28  53  59  53  56  29  2c  20  64  79  6e
000edb0    61  6d  69  63  61  6c  6c  79  20  6c  69  6e  6b  65  64  2c
000edc0    20  42  75  69  6c  64  49  44  5b  73  68  61  31  5d  3d  37
000edd0    65  38  33  36  61  61  62  62  65  35  35  62  35  62  37  61
000ede0    35  61  34  37  33  66  38  65  37  31  63  36  62  63  66  32
000edf0    30  39  32  39  38  32  34  2c  20  73  74  72  69  70  70  65
000ee00    64  00  45  4c  46  20  36  34  2d  62  69  74  20  4c  53  42
000ee10    20  73  68  61  72  65  64  20  6f  62  6a  65  63  74  2c  20
000ee20    55  43  42  20  52  49  53  43  2d  56  2c  20  52  56  43  2c
000ee30    20  64  6f  75  62  6c  65  2d  66  6c  6f  61  74  20  41  42
000ee40    49  2c  20  76  65  72  73  69  6f  6e  20  31  20  28  53  59
000ee50    53  56  29  2c  20  64  79  6e  61  6d  69  63  61  6c  6c  79
000ee60    20  6c  69  6e  6b  65  64  2c  20  42  75  69  6c  64  49  44
000ee70    5b  73  68  61  31  5d  3d  35  62  31  37  37  63  33  30  33
000ee80    31  38  61  66  36  63  63  36  35  34  62  64  66  34  39  30
000ee90    38  38  39  34  31  39  63  65  31  61  37  35  61  36  33  2c
000eea0    20  73  74  72  69  70  70  65  64  00  45  4c  46  20  36  34
000eeb0    2d  62  69  74  20  4c  53  42  20  73  68  61  72  65  64  20
000eec0    6f  62  6a  65  63  74  2c  20  55  43  42  20  52  49  53  43
000eed0    2d  56  2c  20  52  56  43  2c  20  64  6f  75  62  6c  65  2d
000eee0    66  6c  6f  61  74  20  41  42  49  2c  20  76  65  72  73  69
000eef0    6f  6e  20  31  20  28  53  59  53  56  29  2c  20  64  79  6e
000ef00    61  6d  69  63  61  6c  6c  79  20  6c  69  6e  6b  65  64  2c
000ef10    20  42  75  69  6c  64  49  44  5b  73  68  61  31  5d  3d  31
000ef20    36  30  33  31  39  39  34  39  64  64  39  65  61  36  36  61
000ef30    62  61  38  64  30  30  64  39  65  32  66  66  62  66  62  35
000ef40    61  61  65  64  63  61  37  2c  20  73  74  72  69  70  70  65
000ef50    64  00  45  4c  46  20  36  34  2d  62  69  74  20  4c  53  42
000ef60    20  73  68  61  72  65  64  20  6f  62  6a  65  63  74  2c  20
000ef70    55  43  42  20  52  49  53  43  2d  56  2c  20  52  56  43  2c
000ef80    20  64  6f  75  62  6c  65  2d  66  6c  6f  61  74  20  41  42
000ef90    49  2c  20  76  65  72  73  69  6f  6e  20  31  20  28  53  59
000efa0    53  56  29  2c  20  64  79  6e  61  6d  69  63  61  6c  6c  79
000efb0    20  6c  69  6e  6b  65  64  2c  20  42  75  69  6c  64  49  44
000efc0    5b  73  68  61  31  5d  3d  62  63  61  31  37  32  32  38  62
000efd0    36  36  31  38  36  36  38  65  30  39  32  62  36  39  33  33
000efe0    38  31  36  63  32  31  30  66  31  63  34  62  61  34  30  2c
000eff0    20  73  74  72  69  70  70  65  64  00  45  4c  46  20  36  34
000f000    2d  62  69  74  20  4c  53  42  20  73  68  61  72  65  64  20
000f010    6f  62  6a  65  63  74  2c  20  55  43  42  20  52  49  53  43
000f020    2d  56  2c  20  52  56  43  2c  20  64  6f  75  62  6c  65  2d
000f030    66  6c  6f  61  74  20  41  42  49  2c  20  76  65  72  73  69
000f040    6f  6e  20  31  20  28  53  59  53  56  29  2c  20  64  79  6e
000f050    61  6d  69  63  61  6c  6c  79  20  6c  69  6e  6b  65  64  2c
000f060    20  42  75  69  6c  64  49  44  5b  73  68  61  31  5d  3d  36
000f070    38  33  36  33  36  35  31  34  31  64  66  39  32  39  35  35
000f080    32  33  34  39  63  33  31  39  33  63  32  37  34  39  61  34
000f090    65  64  38  38  66  33  37  2c  20  73  74  72  69  70  70  65
000f0a0    64  00  55  6e  69  63  6f  64  65  20  74  65  78  74  2c  20
000f0b0    55  54  46  2d  38  20  74  65  78  74  00  41  53  43  49  49
000f0c0    20  74  65  78  74  2c  20  77  69  74  68  20  76  65  72  79
000f0d0    20  6c  6f  6e  67  20  6c  69  6e  65  73  20  28  34  31  35
000f0e0    29  00  41  53  43  49  49  20  74  65  78  74  2c  20  77  69
000f0f0    74  68  20  76  65  72  79  20  6c  6f  6e  67  20  6c  69  6e
000f100    65  73  20  28  33  31  39  29  00  41  53  43  49  49  20  74
000f110    65  78  74  2c  20  77  69  74  68  20  76  65  72  79  20  6c
000f120    6f  6e  67  20  6c  69  6e  65  73  20  28  39  32  30  29  00
000f130    41  53  43  49  49  20  74  65  78  74  2c  20  77  69  74  68
000f140    20  76  65  72  79  20  6c  6f  6e  67  20  6c  69  6e  65  73
000f150    20  28  38  38  37  29  00  41  53  43  49  49  20  74  65  78
000f160    74  2c  20  77  69  74  68  20  76  65  72  79  20  6c  6f  6e
000f170    67  20  6c  69  6e  65  73  20  28  37  32  31  29  00  43  20
000f180    73  6f  75  72  63  65  2c  20  41  53  43  49  49  20  74  65
000f190    78  74  00  41  53  43  49  49  20  74  65  78  74  2c  20  77
000f1a0    69  74  68  20  76  65  72  79  20  6c  6f  6e  67  20  6c  69
000f1b0    6e  65  73  20  28  34  37  30  29  00  41  53  43  49  49  20
000f1c0    74  65  78  74  2c  20  77  69  74  68  20  76  65  72  79  20
000f1d0    6c  6f  6e  67  20  6c  69  6e  65  73  20  28  35  32  31  29
000f1e0    00  41  53  43  49  49  20  74  65  78  74  2c  20  77  69  74
000f1f0    68  20  76  65  72  79  20  6c  6f  6e  67  20  6c  69  6e  65
000f200    73  20  28  35  33  32  29  00  43  20  73  6f  75  72  63  65
000f210    2c  20  41  53  43  49  49  20  74  65  78  74  2c  20  77  69
000f220    74  68  20  76  65  72  79  20  6c  6f  6e  67  20  6c  69  6e
000f230    65  73  20  28  36  30  31  29  00  41  53  43  49  49  20  74
000f240    65  78  74  2c  20  77  69  74  68  20  76  65  72  79  20  6c
000f250    6f  6e  67  20  6c  69  6e  65  73  20  28  38  39  30  29  00
000f260    41  53  43  49  49  20  74  65  78  74  2c  20  77  69  74  68
000f270    20  76  65  72  79  20  6c  6f  6e  67  20  6c  69  6e  65  73
000f280    20  28  33  35  33  29  00  74  72  6f  66  66  20  6f  72  20
000f290    70  72  65  70  72  6f  63  65  73  73  6f  72  20  69  6e  70
000f2a0    75  74  2c  20  41  53  43  49  49  20  74  65  78  74  20  28
000f2b0    67  7a  69  70  20  63  6f  6d  70  72  65  73  73  65  64  20
000f2c0    64  61  74  61  2c  20  6d  61  78  20  63  6f  6d  70  72  65
000f2d0    73  73  69  6f  6e  2c  20  66  72  6f  6d  20  55  6e  69  78
000f2e0    29  00  74  72  6f  66  66  20  6f  72  20  70  72  65  70  72
000f2f0    6f  63  65  73  73  6f  72  20  69  6e  70  75  74  2c  20  41
000f300    53  43  49  49  20  74  65  78  74  2c  20  77  69  74  68  20
000f310    76  65  72  79  20  6c  6f  6e  67  20  6c  69  6e  65  73  20
000f320    28  33  31  35  29  20  28  67  7a  69  70  20  63  6f  6d  70
000f330    72  65  73  73  65  64  20  64  61  74  61  2c  20  6d  61  78
000f340    20  63  6f  6d  70  72  65  73  73  69  6f  6e  2c  20  66  72
000f350    6f  6d  20  55  6e  69  78  29  00  00  00  00  00  00  00  00
000f360    00  00  00  00  00  00  00  01  00  00  00  0a  00  00  00  11
000f370    00  00  00  18  00  00  00  21  00  00  00  28  00  00  00  31
000f380    00  00  00  00  00  00  00  38  00  00  00  40  00  00  00  00
000f390    00  00  00  00  00  00  00  00  00  00  00  00  00  00  00  00
000f3a0    00  00  00  00  00  00  00  00  00  00  00  00  00  00  00  00
000f3b0    00  00  00  00  00  00  00  00  00  00  00  00  00  00  00  00
000f3c0    00  00  00  00  00  00  00  00  00  00  00  00  00  00  00  00
000f3d0    00  00  00  00  00  00  00  00  00  00  00  00  00  00  00  00
000f3e0    00  00  00  00  00  00  00  00  00  00  00  00  00  00  00  00
000f3f0    00  00  00  00  00  00  00  00  00  00  00  00  00  00  00  00
000f400    00  00  00  00  00  00  00  00  00  00  00  00  00  00  00  00
000f410    00  00  00  00  00  00  00  00  00  00  00  00  00  00  00  00
000f420    00  00  00  00  00  00  00  00  00  00  00  00  00  00  00  00
000f430    00  00  00  00  00  00  00  00  00  00  00  00  00  00  00  00
000f440    00  00  00  00  00  00  00  00  00  00  00  00  00  00  00  00
000f450    00  00  00  00  00  00  00  00  00  00  00  00  00  00  00  00
000f460    00  00  00  00  00  00  00  00  00  00  00  00  00  00  00  00
000f470    00  00  00  00  00  00  00  00  00  00  00  00  00  00  00  00
000f480    00  00  00  00  00  00  00  00  00  00  00  00  00  00  00  00
000f490    00  00  00  00  00  00  00  00  00  00  00  00  00  00  00  00
000f4a0    00  00  00  00  00  00  00  00  00  00  00  00  00  00  00  00
000f4b0    00  00  00  00  00  00  00  00  00  00  00  00  00  00  00  00
000f4c0    00  00  00  00  00  00  00  00  00  00  00  00  00  00  00  00
000f4d0    00  00  00  00  00  00  00  00  00  00  00  00  00  00  00  00
000f4e0    00  00  00  00  00  00  00  00  00  00  00  00  00  00  00  00
000f4f0    00  00  00  00  00  00  00  00  00  00  00  00  00  00  00  00
000f500    00  00  00  00  00  00  00  00  00  00  00  00  00  00  00  00
000f510    00  00  00  00  00  00  00  00  00  00  00  00  00  00  00  00
000f520    00  00  00  00  00  00  00  00  00  00  00  00  00  00  00  00
000f530    00  00  00  00  00  00  00  00  00  00  00  00  00  00  00  00
000f540    00  00  00  00  00  00  00  00  00  00  00  00  00  00  00  00
000f550    00  00  00  00  00  00  00  00  00  00  00  00  00  00  00  00
000f560    00  00  00  00  00  00  00  00  00  00  00  00  00  00  00  00
000f570    00  00  00  00  00  00  00  00  00  00  00  00  00  00  00  00
000f580    00  00  00  00  00  00  00  00  00  00  00  00  00  00  00  00
000f590    00  00  00  00  00  00  00  00  00  00  00  00  00  00  00  00
000f5a0    00  00  00  00  00  00  00  00  00  00  00  00  00  00  00  00
000f5b0    00  00  00  00  00  00  00  00  00  00  00  00  00  00  00  00
000f5c0    00  00  00  00  00  00  00  00  00  00  00  00  00  00  00  00
000f5d0    00  00  00  00  00  00  00  48  00  00  00  49  00  00  00  00
000f5e0    00  00  00  00  00  00  00  4a  00  00  00  4b  00  00  00  00
000f5f0    00  00  00  54  00  00  00  00  00  00  00  00  00  00  00  00
000f600    00  00  00  00  00  00  00  55  00  00  00  00  00  00  00  65
000f610    00  00  00  00  00  00  00  79  00  00  00  00  00  00  00  83
000f620    00  00  00  8a  00  00  00  8d  00  00  00  95  00  00  00  99
000f630    00  00  00  00  00  00  00  00  00  00  00  00  00  00  00  00
000f640    00  00  00  00  00  00  00  00  00  00  00  00  00  00  00  00
000f650    00  00  00  00  00  00  00  00  00  00  00  00  00  00  00  00
000f660    00  00  00  00  00  00  00  00  00  00  00  00  00  00  00  00
000f670    00  00  00  00  00  00  00  00  00  00  00  00  00  00  00  00
000f680    00  00  00  00  00  00  00  00  00  00  00  00  00  00  00  00
000f690    00  00  00  00  00  00  00  00  00  00  00  00  00  00  00  00
000f6a0    00  00  00  00  00  00  00  00  00  00  00  00  00  00  00  00
000f6b0    00  00  00  00  00  00  00  00  00  00  00  00  00  00  00  00
000f6c0    00  00  00  00  00  00  00  00  00  00  00  00  00  00  00  00
000f6d0    00  00  00  00  00  00  00  00  00  00  00  00  00  00  00  00
000f6e0    00  00  00  00  00  00  00  00  00  00  00  00  00  00  00  00
000f6f0    00  00  00  00  00  00  00  00  00  00  00  00  00  00  00  00
000f700    00  00  00  00  00  00  00  00  00  00  00  00  00  00  00  00
000f710    00  00  00  00  00  00  00  00  00  00  00  00  00  00  00  00
000f720    00  00  00  00  00  00  00  00  00  00  00  00  00  00  00  00
000f730    00  00  00  00  00  00  00  00  00  00  00  00  00  00  00  00
000f740    00  00  00  00  00  00  00  00  00  00  00  00  00  00  00  00
000f750    00  00  00  00  00  00  00  00  00  00  00  00  00  00  00  00
000f760    00  00  00  00  00  00  00  00  00  00  00  00  00  00  00  00
000f770    00  00  00  00  00  00  00  00  00  00  00  00  00  00  00  00
000f780    00  00  00  00  00  00  00  00  00  00  00  00  00  00  00  00
000f790    00  00  00  00  00  00  00  00  00  00  00  00  00  00  00  00
000f7a0    00  00  00  00  00  00  00  00  00  00  00  00  00  00  00  00
000f7b0    00  00  00  00  00  00  00  00  00  00  00  00  00  00  00  00
000f7c0    00  00  00  00  00  00  00  00  00  00  00  00  00  00  00  00
000f7d0    00  00  00  00  00  00  00  00  00  00  00  00  00  00  00  00
000f7e0    00  00  00  00  00  00  00  00  00  00  00  00  00  00  00  00
000f7f0    00  00  00  00  00  00  00  00  00  00  00  00  00  00  00  00
000f800    00  00  00  00  00  00  00  00  00  00  00  00  00  00  00  00
000f810    00  00  00  00  00  00  00  00  00  00  00  00  00  00  00  00
000f820    00  00  00  00  00  00  00  00  00  00  00  00  00  00  00  00
000f830    00  00  00  00  00  00  00  00  00  00  00  00  00  00  00  00
000f840    00  00  00  00  00  00  00  00  00  00  00  00  00  00  00  00
000f850    00  00  00  00  00  00  00  00  00  00  00  00  00  00  00  00
000f860    00  00  00  00  00  00  00  00  00  00  00  00  00  00  00  00
000f870    00  00  00  00  00  00  00  00  00  00  00  00  00  00  00  00
000f880    00  00  00  00  00  00  00  00  00  00  00  00  00  00  00  00
000f890    00  00  00  00  00  00  00  00  00  00  00  00  00  00  00  00
000f8a0    00  00  00  00  00  00  00  00  00  00  00  00  00  00  00  00
000f8b0    00  00  00  00  00  00  00  00  00  00  00  00  00  00  00  00
000f8c0    00  00  00  00  00  00  00  00  00  00  00  00  00  00  00  00
000f8d0    00  00  00  00  00  00  00  00  00  00  00  00  00  00  00  01
000f8e0    00  00  00  09  00  00  00  07  00  00  00  07  00  00  00  09
000f8f0    00  00  00  07  00  00  00  09  00  00  00  07  00  00  00  00
000f900    00  00  00  08  00  00  00  08  00  00  00  00  00  00  00  00
000f910    00  00  00  00  00  00  00  00  00  00  00  00  00  00  00  00
000f920    00  00  00  00  00  00  00  00  00  00  00  00  00  00  00  00
000f930    00  00  00  00  00  00  00  00  00  00  00  00  00  00  00  00
000f940    00  00  00  00  00  00  00  00  00  00  00  00  00  00  00  00
000f950    00  00  00  00  00  00  00  00  00  00  00  00  00  00  00  00
000f960    00  00  00  00  00  00  00  00  00  00  00  00  00  00  00  00
000f970    00  00  00  00  00  00  00  00  00  00  00  00  00  00  00  00
000f980    00  00  00  00  00  00  00  00  00  00  00  00  00  00  00  00
000f990    00  00  00  00  00  00  00  00  00  00  00  00  00  00  00  00
000f9a0    00  00  00  00  00  00  00  00  00  00  00  00  00  00  00  00
000f9b0    00  00  00  00  00  00  00  00  00  00  00  00  00  00  00  00
000f9c0    00  00  00  00  00  00  00  00  00  00  00  00  00  00  00  00
000f9d0    00  00  00  00  00  00  00  00  00  00  00  00  00  00  00  00
000f9e0    00  00  00  00  00  00  00  00  00  00  00  00  00  00  00  00
000f9f0    00  00  00  00  00  00  00  00  00  00  00  00  00  00  00  00
000fa00    00  00  00  00  00  00  00  00  00  00  00  00  00  00  00  00
000fa10    00  00  00  00  00  00  00  00  00  00  00  00  00  00  00  00
000fa20    00  00  00  00  00  00  00  00  00  00  00  00  00  00  00  00
000fa30    00  00  00  00  00  00  00  00  00  00  00  00  00  00  00  00
000fa40    00  00  00  00  00  00  00  00  00  00  00  00  00  00  00  00
000fa50    00  00  00  00  00  00  00  00  00  00  00  00  00  00  00  00
000fa60    00  00  00  00  00  00  00  00  00  00  00  00  00  00  00  00
000fa70    00  00  00  00  00  00  00  00  00  00  00  00  00  00  00  00
000fa80    00  00  00  00  00  00  00  00  00  00  00  00  00  00  00  00
000fa90    00  00  00  00  00  00  00  00  00  00  00  00  00  00  00  00
000faa0    00  00  00  00  00  00  00  00  00  00  00  00  00  00  00  00
000fab0    00  00  00  00  00  00  00  00  00  00  00  00  00  00  00  00
000fac0    00  00  00  00  00  00  00  00  00  00  00  00  00  00  00  00
000fad0    00  00  00  00  00  00  00  00  00  00  00  00  00  00  00  00
000fae0    00  00  00  00  00  00  00  00  00  00  00  00  00  00  00  00
000faf0    00  00  00  00  00  00  00  00  00  00  00  00  00  00  00  00
000fb00    00  00  00  00  00  00  00  00  00  00  00  00  00  00  00  00
000fb10    00  00  00  00  00  00  00  00  00  00  00  00  00  00  00  00
000fb20    00  00  00  00  00  00  00  00  00  00  00  00  00  00  00  00
000fb30    00  00  00  00  00  00  00  00  00  00  00  00  00  00  00  00
000fb40    00  00  00  00  00  00  00  00  00  00  00  00  00  00  00  00
000fb50    00  00  00  01  00  00  00  01  00  00  00  00  00  00  00  00
000fb60    00  00  00  01  00  00  00  09  00  00  00  00  00  00  00  01
000fb70    00  00  00  00  00  00  00  00  00  00  00  00  00  00  00  00
000fb80    00  00  00  10  00  00  00  00  00  00  00  14  00  00  00  00
000fb90    00  00  00  0a  00  00  00  00  00  00  00  07  00  00  00  03
000fba0    00  00  00  08  00  00  00  04  00  00  00  01  00  00  00  00
000fbb0    00  00  00  00  00  00  00  00  00  00  00  00  00  00  00  00
000fbc0    00  00  00  00  00  00  00  00  00  00  00  00  00  00  00  00
000fbd0    00  00  00  00  00  00  00  00  00  00  00  00  00  00  00  00
000fbe0    00  00  00  00  00  00  00  00  00  00  00  00  00  00  00  00
000fbf0    00  00  00  00  00  00  00  00  00  00  00  00  00  00  00  00
000fc00    00  00  00  00  00  00  00  00  00  00  00  00  00  00  00  00
000fc10    00  00  00  00  00  00  00  00  00  00  00  00  00  00  00  00
000fc20    00  00  00  00  00  00  00  00  00  00  00  00  00  00  00  00
000fc30    00  00  00  00  00  00  00  00  00  00  00  00  00  00  00  00
000fc40    00  00  00  00  00  00  00  00  00  00  00  00  00  00  00  00
000fc50    00  00  00  00  00  00  00  00  00  00  00  00  00  00  00  00
000fc60    00  00  00  00  00  00  00  00  00  00  00  00  00  00  00  00
000fc70    00  00  00  00  00  00  00  00  00  00  00  00  00  00  00  00
000fc80    00  00  00  00  00  00  00  00  00  00  00  00  00  00  00  00
000fc90    00  00  00  00  00  00  00  00  00  00  00  00  00  00  00  00
000fca0    00  00  00  00  00  00  00  00  00  00  00  00  00  00  00  00
000fcb0    00  00  00  00  00  00  00  00  00  00  00  00  00  00  00  00
000fcc0    00  00  00  00  00  00  00  00  00  00  00  00  00  00  00  00
000fcd0    00  00  00  00  00  00  00  00  00  00  00  00  00  00  00  00
000fce0    00  00  00  00  00  00  00  00  00  00  00  00  00  00  00  00
000fcf0    00  00  00  00  00  00  00  00  00  00  00  00  00  00  00  00
000fd00    00  00  00  00  00  00  00  00  00  00  00  00  00  00  00  00
000fd10    00  00  00  00  00  00  00  00  00  00  00  00  00  00  00  00
000fd20    00  00  00  00  00  00  00  00  00  00  00  00  00  00  00  00
000fd30    00  00  00  00  00  00  00  00  00  00  00  00  00  00  00  00
000fd40    00  00  00  00  00  00  00  00  00  00  00  00  00  00  00  00
000fd50    00  00  00  00  00  00  00  00  00  00  00  00  00  00  00  00
000fd60    00  00  00  00  00  00  00  00  00  00  00  00  00  00  00  00
000fd70    00  00  00  00  00  00  00  00  00  00  00  00  00  00  00  00
000fd80    00  00  00  00  00  00  00  00  00  00  00  00  00  00  00  00
000fd90    00  00  00  00  00  00  00  00  00  00  00  00  00  00  00  00
000fda0    00  00  00  00  00  00  00  00  00  00  00  00  00  00  00  00
000fdb0    00  00  00  00  00  00  00  00  00  00  00  00  00  00  00  00
000fdc0    00  00  00  00  00  00  00  00  00  00  00  00  00  00  00  00
000fdd0    00  00  00  00  00  00  00  00  00  00  00  00  00  00  00  00
000fde0    00  00  00  00  00  00  00  00  00  00  00  00  00  00  00  00
000fdf0    00  00  00  00  00  00  00  00  00  00  00  00  00  00  00  00
000fe00    00  00  00  00  00  00  00  00  00  00  00  00  00  00  00  00
000fe10    00  00  00  00  00  00  00  00  00  00  00  00  00  00  00  00
000fe20    00  00  00  00  00  00  00  00  00  00  00  00  00  00  00  00
000fe30    00  00  00  00  00  00  00  00  00  00  00  00  00  00  00  00
000fe40    00  00  00  00  00  00  00  00  00  00  00  00  00  00  00  00
000fe50    00  00  00  00  52  00  00  02  52  00  00  1a  52  00  00  07
000fe60    52  00  00  10  52  00  00  0c  52  00  00  1b  52  00  00  1c
000fe70    52  00  00  19  52  00  00  0b  52  00  00  06  52  00  00  10
000fe80    52  00  00  0c  52  00  00  07  52  00  00  1b  52  00  00  1c
000fe90    52  00  00  0b  52  00  00  06  52  00  00  10  52  00  00  0c
000fea0    52  00  00  1a  52  00  00  1b  52  00  00  1c  52  00  00  19
000feb0    52  00  00  0b  52  00  00  1a  52  00  00  07  52  00  00  10
000fec0    52  00  00  0c  52  00  00  1b  52  00  00  1c  52  00  00  19
000fed0    52  00  00  0b  52  00  00  06  52  00  00  1a  52  00  00  10
000fee0    52  00  00  0c  52  00  00  1b  52  00  00  1c  52  00  00  19
000fef0    52  00  00  0b  52  00  00  10  52  00  00  0c  52  00  00  1a
000ff00    52  00  00  07  52  00  00  1b  52  00  00  1c  52  00  00  19
000ff10    52  00  00  0b  52  00  00  06  52  00  00  10  52  00  00  0c
000ff20    52  00  00  07  52  00  00  1b  52  00  00  1c  52  00  00  0b
000ff30    52  00  00  06  52  00  00  10  52  00  00  0c  52  00  00  1a
000ff40    52  00  00  1d  52  00  00  1b  52  00  00  1c  52  00  00  19
000ff50    52  00  00  0b  52  00  00  1a  52  00  00  07  52  00  00  10
000ff60    52  00  00  0c  52  00  00  1c  52  00  00  19  52  00  00  0b
000ff70    52  00  00  06  52  00  00  02  52  00  00  02  52  00  00  02
000ff80    52  00  00  1a  52  00  00  07  52  00  00  10  52  00  00  0c
000ff90    52  00  00  1b  52  00  00  1c  52  00  00  19  52  00  00  0b
000ffa0    52  00  00  06  52  00  00  02  50  00  00  00  52  00  00  07
000ffb0    52  00  00  09  52  00  00  1a  52  00  00  0d  52  00  00  0f
000ffc0    52  00  00  10  52  00  00  11  52  00  00  0c  52  00  00  1c
000ffd0    52  00  00  08  52  00  00  12  52  00  00  19  52  00  00  15
000ffe0    52  00  00  0b  52  00  00  06  50  00  00  01  52  00  00  07
000fff0    52  00  00  21  52  00  00  18  52  00  00  17  52  00  00  0d
0010000
